INSERT INTO Documents (guid, docFormat, author, dateModified, description, url) VALUES ("c16fb57e-06a5-4755-bfd6-1865204abe14","html","null",null,"NBC News - Breaking News & Top Stories - Latest World, US & Local News","https://nbcnews.com");
INSERT INTO Documents (guid, docFormat, author, dateModified, description, url) VALUES ("4117d5f5-7120-499f-a9d5-38b764984a95","html","null",null,"Share a link on Twitter","https://twitter.com/intent/tweet?text=NBC%20News%20-%20Breaking%20News%20%26%20Top%20Stories%20-%20Latest%20World%2C%20US%20%26%20Local%20News&url=https://www.nbcnews.com%2F&via=nbcnews");
INSERT INTO Documents (guid, docFormat, author, dateModified, description, url) VALUES ("ea22e614-0bc7-424a-81c3-de071215c994","html","null",null,"Facebook","https://www.facebook.com/sharer/sharer.php?u=https://www.nbcnews.com%2F");
INSERT INTO Documents (guid, docFormat, author, dateModified, description, url) VALUES ("9403d2a7-5518-413a-9726-4189142bea61","html","null",null,"MSNBC — Breaking News, Top Stories, & Show Clips","http://www.msnbc.com");
INSERT INTO Documents (guid, docFormat, author, dateModified, description, url) VALUES ("380023ce-6da9-43f3-833a-7cdf74a30e22","html","null",null,"Newsletter Sign Up","https://secure.nbcnews.com/_tps/accounts/newsletters");
INSERT INTO Documents (guid, docFormat, author, dateModified, description, url) VALUES ("211f4e73-70c0-4c97-a14c-1b16ef421589","html","null",null,"Search - NBC News","https://www.nbcnews.com/pages/search");
INSERT INTO Documents (guid, docFormat, author, dateModified, description, url) VALUES ("52b2a32c-dbbc-40ab-bf13-34ce295db13b","html","null",null,"SurveyMonkey Powered Online Survey","https://www.surveymonkey.com/s/ZRY6QHK");
INSERT INTO Documents (guid, docFormat, author, dateModified, description, url) VALUES ("a3612905-53d3-471e-9d3f-e7a7da387b51","html","null",null,"Al Franken harassed women and should resign. But it's OK to admit his loss hurts.","https://nbcnews.com/think/opinion/al-franken-abused-women-should-resign-it-s-ok-admit-ncna827556");
INSERT INTO Documents (guid, docFormat, author, dateModified, description, url) VALUES ("3ce3efbd-1ae1-4209-adf2-d87fe9f17d8f","html","null",null,"Al Franken harassed women and should resign. But it's OK to admit his loss hurts.","https://nbcnews.com/think/opinion/al-franken-abused-women-should-resign-it-s-ok-admit-ncna827556");
INSERT INTO Documents (guid, docFormat, author, dateModified, description, url) VALUES ("c0b382c4-678b-4618-844d-03813a37d94e","html","null",null,"NBC Left Field Video Journalism | NBC News","https://www.nbcnews.com/leftfield");
INSERT INTO Documents (guid, docFormat, author, dateModified, description, url) VALUES ("1f15131c-d477-4832-9344-6b7132b5a0a6","html","null",null,"Next Steps for Vets | NBCNews.com","http://veterans.nbcnews.com/");
INSERT INTO Documents (guid, docFormat, author, dateModified, description, url) VALUES ("e15e26a3-a3f3-4582-9808-b157943ea8e7","html","null",null,"Al Franken harassed women and should resign. But it's OK to admit his loss hurts.","https://nbcnews.com/think/opinion/al-franken-abused-women-should-resign-it-s-ok-admit-ncna827556");
INSERT INTO Documents (guid, docFormat, author, dateModified, description, url) VALUES ("041c0157-b95c-4269-96c9-65dcc9c42509","html","null",null,"Supermassive black hole is the most distant ever observed","https://nbcnews.com/mach/science/supermassive-black-hole-most-distant-ever-observed-ncna827261");
INSERT INTO Documents (guid, docFormat, author, dateModified, description, url) VALUES ("6061a967-59d0-4854-8146-247751133a6a","html","null",null,"MACH: The best and latest in Tech & Innovation | NBC News","https://nbcnews.com/mach");
INSERT INTO Documents (guid, docFormat, author, dateModified, description, url) VALUES ("9e0d541b-05f4-48d9-95df-9c29f867de5e","html","null",null,"Supermassive black hole is the most distant ever observed","https://nbcnews.com/mach/science/supermassive-black-hole-most-distant-ever-observed-ncna827261");
INSERT INTO Documents (guid, docFormat, author, dateModified, description, url) VALUES ("39ac4ffa-0597-4f82-959d-bde6d7eb6e8c","html","null",null,"Supermassive black hole is the most distant ever observed","https://nbcnews.com/mach/science/supermassive-black-hole-most-distant-ever-observed-ncna827261");
INSERT INTO Documents (guid, docFormat, author, dateModified, description, url) VALUES ("a0db5ad5-ff3b-404d-9bc0-e6f4b06e4370","html","null",null,"NBC TV Network - Shows, Episodes, Schedule","https://nbc.com/");
INSERT INTO Documents (guid, docFormat, author, dateModified, description, url) VALUES ("0cefa0d4-00eb-45f1-a973-904b9a5d46a5","html","null",null,"THINK: Fresh Opinions, Sharp Analyses and Powerful Essays | NBC News","https://nbcnews.com/think");
INSERT INTO Documents (guid, docFormat, author, dateModified, description, url) VALUES ("0c23d05e-66a3-4cc2-b7fb-a4ac8ef49db2","html","null",null,"Franken exit could be game-changer for control of Senate - NBC News","https://nbcnews.com/politics/elections/franken-exit-could-be-game-changer-control-senate-n827441");
INSERT INTO Documents (guid, docFormat, author, dateModified, description, url) VALUES ("1046b2c0-1211-4df4-9b22-e1e6051a156e","html","null",null,"Home - Peacock","http://www.peacockproductions.tv/");
INSERT INTO Documents (guid, docFormat, author, dateModified, description, url) VALUES ("e2abfd3f-d0aa-4258-b571-8ed20420975c","html","null",null,"Franken exit could be game-changer for control of Senate - NBC News","https://nbcnews.com/politics/elections/franken-exit-could-be-game-changer-control-senate-n827441");
INSERT INTO Documents (guid, docFormat, author, dateModified, description, url) VALUES ("81e18855-3556-4d92-b368-cc547500f7cc","html","null",null,"Congress temporarily averts shutdown, sends Trump stopgap spending bill - NBC News","https://nbcnews.com/politics/congress/house-passes-stopgap-spending-bill-avert-shutdown-n827521");
INSERT INTO Documents (guid, docFormat, author, dateModified, description, url) VALUES ("add323d5-36dc-4db7-a6be-0d6bc993890a","html","null",null,"Arizona Rep. Trent Franks quits after asking female staffers about surrogacy - NBC News","https://nbcnews.com/politics/congress/arizona-rep-trent-franks-expected-announce-resignation-n827531");
INSERT INTO Documents (guid, docFormat, author, dateModified, description, url) VALUES ("d80d6084-b05c-4c60-bb7a-d0c501553e27","html","null",null,"Arizona Rep. Trent Franks quits after asking female staffers about surrogacy - NBC News","https://nbcnews.com/politics/congress/arizona-rep-trent-franks-expected-announce-resignation-n827531");
INSERT INTO Documents (guid, docFormat, author, dateModified, description, url) VALUES ("115941b7-938c-46a4-9687-a374912159f4","html","null",null,"Lighter winds give California firefighters a breather — but not for long - NBC News","https://nbcnews.com/storyline/western-wildfires/malibu-hit-wildfires-have-been-ravaging-southern-california-n827386");
INSERT INTO Documents (guid, docFormat, author, dateModified, description, url) VALUES ("bf09240c-81be-44dc-ad9c-a2a14f482870","html","null",null,"Trump's lawyer: Summer Zervos can't sue in state court. Legal expert: Wrong.","https://nbcnews.com/think/opinion/trump-s-lawyer-summer-zervos-can-t-sue-state-court-ncna827346");
INSERT INTO Documents (guid, docFormat, author, dateModified, description, url) VALUES ("98d0649e-d711-4a77-814b-5c1f9221d9ab","html","null",null,"THINK: Fresh Opinions, Sharp Analyses and Powerful Essays | NBC News","https://nbcnews.com/opinion/opinion");
INSERT INTO Documents (guid, docFormat, author, dateModified, description, url) VALUES ("11475697-e77a-4cf5-9273-4c1d7c6ff607","html","null",null,"Walter Scott shooting: Michael Slager, ex-officer, sentenced to 20 years in prison - NBC News","https://nbcnews.com/storyline/walter-scott-shooting/walter-scott-shooting-michael-slager-ex-officer-sentenced-20-years-n825006");
INSERT INTO Documents (guid, docFormat, author, dateModified, description, url) VALUES ("abde8c69-9b76-4e76-849b-8105ac4ec88a","html","null",null,"Harold Ford Jr. blasts misconduct claim that led to firing by Morgan Stanley - NBC News","https://nbcnews.com/news/us-news/harold-ford-jr-blasts-misconduct-claim-led-firing-morgan-stanley-n827471");
INSERT INTO Documents (guid, docFormat, author, dateModified, description, url) VALUES ("d9da14f0-253c-4b74-868d-b506c575feb4","html","null",null,"THINK: Fresh Opinions, Sharp Analyses and Powerful Essays | NBC News","https://nbcnews.com/opinion/opinion");
INSERT INTO Documents (guid, docFormat, author, dateModified, description, url) VALUES ("42202735-bc5f-48aa-bb0d-c33542d0464a","html","null",null,"Things you can't avoid in Alabama: Football, Christmas and Roy Moore - NBC News","https://nbcnews.com/politics/elections/things-you-can-t-avoid-alabama-football-christmas-roy-moore-n826486");
INSERT INTO Documents (guid, docFormat, author, dateModified, description, url) VALUES ("433bbf11-8d9b-4fc1-8656-92f5c308e3b3","html","null",null,"Newsletter Sign Up","https://secure.nbcnews.com/_tps/_accounts/msnbc/newsletters");
INSERT INTO Documents (guid, docFormat, author, dateModified, description, url) VALUES ("f199f488-7425-4e35-a343-8109b3488f8e","html","null",null,"MSNBC — Breaking News, Top Stories, & Show Clips","http://www.msnbc.com/");
INSERT INTO Documents (guid, docFormat, author, dateModified, description, url) VALUES ("ef62aef7-2d92-4c51-bce3-28a1fb121727","html","null",null,"FBI head seems to confirm Russia probes have asked for wiretap warrants - NBC News","https://nbcnews.com/news/us-news/fbi-head-seems-confirm-russia-probes-have-asked-wiretap-warrants-n827421");
INSERT INTO Documents (guid, docFormat, author, dateModified, description, url) VALUES ("9735ba47-a203-4fc0-9e17-f0dc074943be","html","null",null,"Harold Ford Jr. blasts misconduct claim that led to firing by Morgan Stanley - NBC News","https://nbcnews.com/news/us-news/harold-ford-jr-blasts-misconduct-claim-led-firing-morgan-stanley-n827471");
INSERT INTO Documents (guid, docFormat, author, dateModified, description, url) VALUES ("4af0c10f-b344-4a41-ac85-65f13aff5b88","html","null",null,"Arizona Rep. Trent Franks quits after asking female staffers about surrogacy - NBC News","https://nbcnews.com/politics/congress/arizona-rep-trent-franks-expected-announce-resignation-n827531");
INSERT INTO Documents (guid, docFormat, author, dateModified, description, url) VALUES ("93327da8-8c9a-4d87-aa8a-ec60765aa64c","html","null",null,"Lighter winds give California firefighters a breather — but not for long - NBC News","https://nbcnews.com/storyline/western-wildfires/malibu-hit-wildfires-have-been-ravaging-southern-california-n827386");
INSERT INTO Documents (guid, docFormat, author, dateModified, description, url) VALUES ("e556fce9-7495-47fa-a58d-1149317b2eed","html","null",null,"Happier, Healthier, Smarter, BETTER: Life tips | NBC News","https://nbcnews.com/better");
INSERT INTO Documents (guid, docFormat, author, dateModified, description, url) VALUES ("62612722-2483-45d8-a038-c4b467245045","html","null",null,"North Carolina officials refuse to pay ransomware hackers, following expert advice - NBC News","https://nbcnews.com/news/us-news/north-carolina-officials-refuse-pay-ransomware-hackers-following-expert-advice-n827481");
INSERT INTO Documents (guid, docFormat, author, dateModified, description, url) VALUES ("65ebbf5f-3653-4b78-96e8-1f0c420b5d31","html","null",null,"Congress temporarily averts shutdown, sends Trump stopgap spending bill - NBC News","https://nbcnews.com/politics/congress/house-passes-stopgap-spending-bill-avert-shutdown-n827521");
INSERT INTO Documents (guid, docFormat, author, dateModified, description, url) VALUES ("02121396-bf83-446b-b94d-652c0dba71b2","html","null",null,"Bitcoin pays for entire wedding as its price soars past $16,000 - NBC News","https://nbcnews.com/tech/innovation/bitcoin-pays-entire-wedding-its-price-soars-past-16-000-n826776");
INSERT INTO Documents (guid, docFormat, author, dateModified, description, url) VALUES ("86f8b64f-d22c-48bd-a385-8481bcc4a337","html","null",null,"NBC News Tips - NBC News","http://www.nbcnews.com/tips");
INSERT INTO Documents (guid, docFormat, author, dateModified, description, url) VALUES ("940b45fd-9b0d-498f-ac00-9e31779759b2","html","null",null,"Two students killed in Aztec High School shooting in New Mexico - NBC News","https://nbcnews.com/news/us-news/two-students-killed-new-mexico-high-school-shooting-n827416");
INSERT INTO Documents (guid, docFormat, author, dateModified, description, url) VALUES ("f1dde649-e455-446c-bb84-fe0b1f7826f2","html","null",null,"North Carolina officials refuse to pay ransomware hackers, following expert advice - NBC News","https://nbcnews.com/news/us-news/north-carolina-officials-refuse-pay-ransomware-hackers-following-expert-advice-n827481");
INSERT INTO Documents (guid, docFormat, author, dateModified, description, url) VALUES ("818605e3-4f34-4cc3-9c49-f812564fe1b3","html","null",null,"Bitcoin pays for entire wedding as its price soars past $16,000 - NBC News","https://nbcnews.com/tech/innovation/bitcoin-pays-entire-wedding-its-price-soars-past-16-000-n826776");
INSERT INTO Documents (guid, docFormat, author, dateModified, description, url) VALUES ("3da24d57-0ed0-43bb-93fb-c50a1afec290","html","null",null,"Trump's lawyer: Summer Zervos can't sue in state court. Legal expert: Wrong.","https://nbcnews.com/think/opinion/trump-s-lawyer-summer-zervos-can-t-sue-state-court-ncna827346");
INSERT INTO Documents (guid, docFormat, author, dateModified, description, url) VALUES ("6e85aae9-92bd-4825-b084-916d918a1697","html","null",null,"Things you can't avoid in Alabama: Football, Christmas and Roy Moore - NBC News","https://nbcnews.com/politics/elections/things-you-can-t-avoid-alabama-football-christmas-roy-moore-n826486");
INSERT INTO Documents (guid, docFormat, author, dateModified, description, url) VALUES ("16c065bc-5402-4eda-b75c-8e8990ea1fc1","html","null",null,"THINK: Fresh Opinions, Sharp Analyses and Powerful Essays | NBC News","https://nbcnews.com/opinion/opinion");
INSERT INTO Documents (guid, docFormat, author, dateModified, description, url) VALUES ("a7934448-38a4-4350-b421-b818ac3db5e1","html","null",null,"Wounded woman drops 'bump stock' maker from Las Vegas shooting lawsuit - NBC News","https://nbcnews.com/storyline/las-vegas-shooting/wounded-woman-drops-bump-stock-maker-las-vegas-shooting-lawsuit-n827541");
INSERT INTO Documents (guid, docFormat, author, dateModified, description, url) VALUES ("fcf436dc-6de6-4a96-9719-9c6932c07a42","html","null",null,"Nikki Haley casts some doubt on U.S. athletes at 2018 PyeongChang Olympics - NBC News","https://nbcnews.com/storyline/winter-olympics-2018/nikki-haley-casts-some-doubt-u-s-athletes-2018-pyeongchang-n827331");
INSERT INTO Documents (guid, docFormat, author, dateModified, description, url) VALUES ("3003d6ea-2d1f-4191-971d-f0bb4bd35e77","html","null",null,"Al Franken harassed women and should resign. But it's OK to admit his loss hurts.","https://nbcnews.com/think/opinion/al-franken-abused-women-should-resign-it-s-ok-admit-ncna827556");
INSERT INTO Documents (guid, docFormat, author, dateModified, description, url) VALUES ("fbea6c2e-a2f9-475c-baaf-6f849937da77","html","null",null,"Walter Scott shooting: Michael Slager, ex-officer, sentenced to 20 years in prison - NBC News","https://nbcnews.com/storyline/walter-scott-shooting/walter-scott-shooting-michael-slager-ex-officer-sentenced-20-years-n825006");
INSERT INTO Documents (guid, docFormat, author, dateModified, description, url) VALUES ("3148e66b-e68c-4296-92a2-d1dba14d343b","html","null",null,"NBC News Tips - NBC News","http://www.nbcnews.com/tips");
INSERT INTO Documents (guid, docFormat, author, dateModified, description, url) VALUES ("ae375bde-a359-4d8e-9455-c8a7a77f44ab","html","null",null,"NBC Affiliates - NBC News","https://www.nbcnews.com/news/us-news/nbc-affiliates-n19981");
INSERT INTO Documents (guid, docFormat, author, dateModified, description, url) VALUES ("72371566-ae0c-4e70-ad6a-5194ae1820f1","html","null",null,"Trump's lawyer: Summer Zervos can't sue in state court. Legal expert: Wrong.","https://nbcnews.com/think/opinion/trump-s-lawyer-summer-zervos-can-t-sue-state-court-ncna827346");
INSERT INTO Documents (guid, docFormat, author, dateModified, description, url) VALUES ("4a9dc662-ef7e-4fde-930d-2713716dfaf1","html","null",null,"Nightly News with Lester Holt: The Latest News Stories Every Night - NBC News","https://nbcnews.com/nightly-news");
INSERT INTO Documents (guid, docFormat, author, dateModified, description, url) VALUES ("7f68db59-c83f-406a-af25-62c5cacf0e91","html","null",null,"NBC News Tips - NBC News","https://nbcnews.com/tips");
INSERT INTO Documents (guid, docFormat, author, dateModified, description, url) VALUES ("d280e231-862d-4569-a458-648a520b0cc0","html","null",null,"Investigations: U.S. & World News Investigations - NBC News","https://nbcnews.com/investigations");
INSERT INTO Documents (guid, docFormat, author, dateModified, description, url) VALUES ("b934d7cb-eba8-432e-b2a0-2ace733f6186","html","null",null,"Arizona Rep. Trent Franks quits after asking female staffers about surrogacy - NBC News","https://nbcnews.com/politics/congress/arizona-rep-trent-franks-expected-announce-resignation-n827531");
INSERT INTO Documents (guid, docFormat, author, dateModified, description, url) VALUES ("c560a556-8b2d-44ed-b7f6-bc7100795f8d","html","null",null,"Lighter winds give California firefighters a breather — but not for long - NBC News","https://nbcnews.com/storyline/western-wildfires/malibu-hit-wildfires-have-been-ravaging-southern-california-n827386");
INSERT INTO Documents (guid, docFormat, author, dateModified, description, url) VALUES ("18d33900-bfc7-4e44-b4a3-509fee86e008","html","null",null,"Lighter winds give California firefighters a breather — but not for long - NBC News","https://nbcnews.com/storyline/western-wildfires/malibu-hit-wildfires-have-been-ravaging-southern-california-n827386");
INSERT INTO Documents (guid, docFormat, author, dateModified, description, url) VALUES ("bb588cf5-7435-4d8f-a28b-23d7a6daa52b","html","null",null,"NBC Sports | Streams, News, Schedules, Video, Scores","https://nbcsports.com/");
INSERT INTO Documents (guid, docFormat, author, dateModified, description, url) VALUES ("3cefea15-9b7f-471a-a584-82526732c19f","html","null",null,"MSNBC's Your Business: Business Tips and Ideas - NBC News","https://nbcnews.com/business/your-business");
INSERT INTO Documents (guid, docFormat, author, dateModified, description, url) VALUES ("cf4df0da-945c-49e7-811b-27c536b35038","html","null",null,"U.S. News: Breaking News Photos, & Videos on the United States - NBC News","https://nbcnews.com/news/us-news");
INSERT INTO Documents (guid, docFormat, author, dateModified, description, url) VALUES ("16ad1b69-ace3-46a2-a119-afa41bad16df","html","null",null,"FBI head seems to confirm Russia probes have asked for wiretap warrants - NBC News","https://nbcnews.com/news/us-news/fbi-head-seems-confirm-russia-probes-have-asked-wiretap-warrants-n827421");
INSERT INTO Documents (guid, docFormat, author, dateModified, description, url) VALUES ("108a8807-42d8-4498-9d4b-7ca4d38899ee","html","null",null,"EPA will replace Obama's plan to reduce carbon emissions, Pruitt says - NBC News","https://nbcnews.com/politics/white-house/epa-will-replace-obama-s-plan-reduce-carbon-emissions-pruitt-n827436");
INSERT INTO Documents (guid, docFormat, author, dateModified, description, url) VALUES ("33eb591e-7b68-474b-928b-64825c478f5c","html","null",null,"Cities are scrambling to host Amazon. Taxpayers will pay the price.","https://nbcnews.com/think/opinion/cities-are-scrambling-host-amazon-taxpayers-will-pay-price-ncna827186");
INSERT INTO Documents (guid, docFormat, author, dateModified, description, url) VALUES ("ba98a754-811d-4241-9a6e-d97905ada034","html","null",null,"Nikki Haley casts some doubt on U.S. athletes at 2018 PyeongChang Olympics - NBC News","https://nbcnews.com/storyline/winter-olympics-2018/nikki-haley-casts-some-doubt-u-s-athletes-2018-pyeongchang-n827331");
INSERT INTO Documents (guid, docFormat, author, dateModified, description, url) VALUES ("caadf032-6d5e-4775-84e2-afca78c99fed","html","null",null,"Two students killed in Aztec High School shooting in New Mexico - NBC News","https://nbcnews.com/news/us-news/two-students-killed-new-mexico-high-school-shooting-n827416");
INSERT INTO Documents (guid, docFormat, author, dateModified, description, url) VALUES ("fb5fc828-9ece-4d17-a3fa-b7377ab55a63","html","null",null,"Politics: Congress, Political Parties, National Security & More - NBC News","https://nbcnews.com/politics");
INSERT INTO Documents (guid, docFormat, author, dateModified, description, url) VALUES ("e7948451-66bc-4219-996f-c875f6858695","html","null",null,"Fake​ ​drug​ ​treatment​ ​centers​ ​exploit​ ​addicts​ ​for​ ​insurance​ ​fraud​ ​and​ ​sex-trafficking","https://nbcnews.com/leftfield/video/fake-drug-treatment-centers-exploit-addicts-for-insurance-fraud-and-sex-trafficking-1106469443635");
INSERT INTO Documents (guid, docFormat, author, dateModified, description, url) VALUES ("d731f1ab-1c89-41d2-aa98-0869d394757e","html","null",null,"Weather: News, Photos & Videos on Natural Disasters, Severe Weather & More - NBC News","https://nbcnews.com/news/weather");
INSERT INTO Documents (guid, docFormat, author, dateModified, description, url) VALUES ("cfc3c428-5918-4478-b803-e8f5a5110405","html","null",null,"Are deaths from taser guns being miscategorized as "excited delirium?","https://nbcnews.com/leftfield/video/are-deaths-from-taser-guns-being-miscategorized-as-excited-delirium-1111469123975");
INSERT INTO Documents (guid, docFormat, author, dateModified, description, url) VALUES ("31ddc415-6aad-4828-9a32-a8e0010f8ec8","html","null",null,"EPA will replace Obama's plan to reduce carbon emissions, Pruitt says - NBC News","https://nbcnews.com/politics/white-house/epa-will-replace-obama-s-plan-reduce-carbon-emissions-pruitt-n827436");
INSERT INTO Documents (guid, docFormat, author, dateModified, description, url) VALUES ("7871a2ae-71a1-4c45-8dcf-f261dc763a33","html","null",null,"Brexit is engulfed in chaos as 'perfect storm' threatens U.K. government - NBC News","https://nbcnews.com/storyline/brexit-referendum/brexit-engulfed-chaos-perfect-storm-threatens-u-k-government-n826941");
INSERT INTO Documents (guid, docFormat, author, dateModified, description, url) VALUES ("5164d5a6-11ae-43ed-ab96-84c47b230e9e","html","null",null,"Lifestyle News - Breaking News & Top Stories - NBC News","https://nbcnews.com/pop-culture/lifestyle");
INSERT INTO Documents (guid, docFormat, author, dateModified, description, url) VALUES ("729827b9-6679-4296-8442-f14eb10b4af0","html","null",null,"Under $30: 11 thoughtful gifts if you're on a budget","https://nbcnews.com/better/business/under-20-11-gifts-thoughtful-givers-budget-ncna825556");
INSERT INTO Documents (guid, docFormat, author, dateModified, description, url) VALUES ("12119fa1-7cc9-41fb-aa67-e3846b9e6329","html","null",null,"Supermassive black hole is the most distant ever observed","https://nbcnews.com/mach/science/supermassive-black-hole-most-distant-ever-observed-ncna827261");
INSERT INTO Documents (guid, docFormat, author, dateModified, description, url) VALUES ("a108f09c-9f2a-4d05-aa0d-532fe98f2012","html","null",null,"Volunteers help save tiny coastal town of La Conchita from California wildfires - NBC News","https://nbcnews.com/news/us-news/volunteers-save-tiny-coastal-town-la-conchita-california-wildfires-n827586");
INSERT INTO Documents (guid, docFormat, author, dateModified, description, url) VALUES ("64e1e923-bb75-4ce7-91c2-7fdbf1111410","html","null",null,"6 easy ways to add cardio to your strength workout","https://nbcnews.com/better/health/6-easy-ways-add-cardio-your-strength-workout-ncna827366");
INSERT INTO Documents (guid, docFormat, author, dateModified, description, url) VALUES ("f39151ef-fe7c-4b7a-8b89-0e82b733d7ae","html","null",null,"Winter Olympics 2018 - NBC News","https://nbcnews.com/storyline/winter-olympics-2018");
INSERT INTO Documents (guid, docFormat, author, dateModified, description, url) VALUES ("b6ba5496-b329-42c0-865e-2cad897aa7c5","html","null",null,"Relationship Tips & Advice | NBC News","https://nbcnews.com/better/relationships");
INSERT INTO Documents (guid, docFormat, author, dateModified, description, url) VALUES ("269734d7-93cb-4e40-858f-b696462fe696","html","null",null,"National and Local Weather Radar, Daily Forecast, Hurricane and information from The Weather Channel and weather.com","https://nbcnews.weather.com/?par=nbcnews&site=nbcnews.com&cm_ven=nbcnews&cm_cat=TextLogo&cm_pla=WxModule&cm_ite=HomePage");
INSERT INTO Documents (guid, docFormat, author, dateModified, description, url) VALUES ("f9930df0-ecf9-470b-8512-22159d0d0ca6","html","null",null,"Space News: Aliens, Planets Nasa & more | NBC News","https://nbcnews.com/mach/space");
INSERT INTO Documents (guid, docFormat, author, dateModified, description, url) VALUES ("9187db6d-a6fa-48cc-8dc2-2c581f8784e0","html","null",null,"Artificial life just moved a step closer to reality","https://nbcnews.com/mach/science/artificial-life-just-moved-step-closer-reality-ncna827341");
INSERT INTO Documents (guid, docFormat, author, dateModified, description, url) VALUES ("83ac7cba-2604-404c-b471-fe0454804317","html","null",null,"THINK: Fresh Opinions, Sharp Analyses and Powerful Essays | NBC News","https://nbcnews.com/think");
INSERT INTO Documents (guid, docFormat, author, dateModified, description, url) VALUES ("1d706a1d-49c5-48d3-9226-219a6d40923b","html","null",null,"Space News: Breaking News on Earth, Space Exploration, Discoveries & More - NBC News","https://nbcnews.com/science/space");
INSERT INTO Documents (guid, docFormat, author, dateModified, description, url) VALUES ("5b86f944-8a50-40be-b1e2-0d00fe552ab2","html","null",null,"Happier, Healthier, Smarter, BETTER: Life tips | NBC News","https://nbcnews.com/better");
INSERT INTO Documents (guid, docFormat, author, dateModified, description, url) VALUES ("da943cab-4904-45d6-a6b9-48ba875e667c","html","null",null,"Politics: Congress, Political Parties, National Security & More - NBC News","https://nbcnews.com/politics");
INSERT INTO Documents (guid, docFormat, author, dateModified, description, url) VALUES ("50ae4f2e-3d49-4bc4-ba31-8299af8bf97a","html","null",null,"Brexit is engulfed in chaos as 'perfect storm' threatens U.K. government - NBC News","https://nbcnews.com/storyline/brexit-referendum/brexit-engulfed-chaos-perfect-storm-threatens-u-k-government-n826941");
INSERT INTO Documents (guid, docFormat, author, dateModified, description, url) VALUES ("631de903-9419-4ef6-a872-d5495d81e3da","html","null",null,"Happier, Healthier, Smarter, BETTER: Life tips | NBC News","https://nbcnews.com/better");
INSERT INTO Documents (guid, docFormat, author, dateModified, description, url) VALUES ("288f2a67-3a66-4e49-8909-acca2ae403bc","html","null",null,"Holiday stress? Chill out with these three apps","https://nbcnews.com/better/video/holiday-stress-chill-out-with-these-three-apps-1111718979529");
INSERT INTO Documents (guid, docFormat, author, dateModified, description, url) VALUES ("d99c6509-0a6f-4d2b-b499-48a5378a4246","html","null",null,"Parent Toolkit","http://parenttoolkit.com/");
INSERT INTO Documents (guid, docFormat, author, dateModified, description, url) VALUES ("5a3f21be-3dd4-4b82-bf39-7df0a3569aa5","html","null",null,"Photo: Latest Compelling Image Galleries. Photos & More - NBC News","https://nbcnews.com/news/photo");
INSERT INTO Documents (guid, docFormat, author, dateModified, description, url) VALUES ("03fd3892-bcd6-4756-8e7e-cf6882573b79","html","null",null,"Apollo 17 photos spotlight last moonwalkers ","https://nbcnews.com/mach/science/apollo-17-photos-spotlight-man-s-last-trip-moon-ncsl757846");
INSERT INTO Documents (guid, docFormat, author, dateModified, description, url) VALUES ("eeb7ed38-f0fc-46e5-a2d5-f6598d9182da","html","null",null,"2017 Gubernatorial Election News, Candidates & Polls - NBC News","https://nbcnews.com/politics/elections");
INSERT INTO Documents (guid, docFormat, author, dateModified, description, url) VALUES ("07a7936c-9c4a-49d2-963d-71501a04033c","html","null",null,"MACH: The best and latest in Tech & Innovation | NBC News","https://nbcnews.com/mach");
INSERT INTO Documents (guid, docFormat, author, dateModified, description, url) VALUES ("9dea83a0-8164-468e-8c3a-558347eff38d","html","null",null,"U.S. News: Breaking News Photos, & Videos on the United States - NBC News","https://nbcnews.com/news/us-news");
INSERT INTO Documents (guid, docFormat, author, dateModified, description, url) VALUES ("5ec81527-c73f-4e5c-86ac-8d0a0e8b87d0","html","null",null,"THINK: Fresh Opinions, Sharp Analyses and Powerful Essays | NBC News","https://nbcnews.com/think");
INSERT INTO Documents (guid, docFormat, author, dateModified, description, url) VALUES ("36aa27ac-6df3-4e1c-a8e6-3ca08079e78c","html","null",null,"THINK: Fresh Opinions, Sharp Analyses and Powerful Essays | NBC News","https://nbcnews.com/think");
INSERT INTO Documents (guid, docFormat, author, dateModified, description, url) VALUES ("46fe139c-375f-443c-b73d-1f47ee213a20","html","null",null,"This Greek Island Might Have Found The Fountain Of Youth","https://nbcnews.com/leftfield/video/this-greek-island-might-have-found-the-fountain-of-youth-1107331651512");
INSERT INTO Documents (guid, docFormat, author, dateModified, description, url) VALUES ("8d2112a1-ac33-4063-b9b5-d6f356a0e72b","html","null",null,"Happier, Healthier, Smarter, BETTER: Life tips | NBC News","https://nbcnews.com/better");
INSERT INTO Documents (guid, docFormat, author, dateModified, description, url) VALUES ("8ee1062d-fed9-4ebc-8fdb-e5a8e7823e29","html","null",null,"Home & Summary | NBCUniversal","https://www.nbcuniversal.com/privacy");
INSERT INTO Documents (guid, docFormat, author, dateModified, description, url) VALUES ("29ab49aa-a75a-4076-a126-da4f384cad25","html","null",null,"Happier, Healthier, Smarter, BETTER: Life tips | NBC News","https://nbcnews.com/better");
INSERT INTO Documents (guid, docFormat, author, dateModified, description, url) VALUES ("eccbbd8e-f316-4e34-b2c0-ca60e4c8a444","html","null",null,"MACH: The best and latest in Tech & Innovation | NBC News","https://nbcnews.com/mach");
INSERT INTO Documents (guid, docFormat, author, dateModified, description, url) VALUES ("0ec1a6ee-31d9-4798-babf-8486e66ec536","html","null",null,"Asian America: Community News, Information, Culture & More - NBC News","https://nbcnews.com/news/asian-america");
INSERT INTO Documents (guid, docFormat, author, dateModified, description, url) VALUES ("7de33739-30f7-4ff2-a6e8-dbcb621284d3","html","null",null,"Californians capture devastating scenes from wildfires - NBC News","https://nbcnews.com/video/californians-capture-devastating-scenes-from-wildfires-1111537219871");
INSERT INTO Documents (guid, docFormat, author, dateModified, description, url) VALUES ("180b4b8e-d93e-4b2f-88b5-f2277bdb3f07","html","null",null,"Politics: Congress, Political Parties, National Security & More - NBC News","https://nbcnews.com/politics");
INSERT INTO Documents (guid, docFormat, author, dateModified, description, url) VALUES ("6f547a26-8c9a-4a57-a2ad-eb4bdd0cfb60","html","null",null,"Congress News: U.S. Senate & House of Representatives News - NBC News - NBC News","https://nbcnews.com/politics/congress");
INSERT INTO Documents (guid, docFormat, author, dateModified, description, url) VALUES ("77c57dbb-0fdd-4cf2-83cf-5d5fcabbd5be","html","null",null,"NBC Left Field Video Journalism | NBC News","https://nbcnews.com/leftfield");
INSERT INTO Documents (guid, docFormat, author, dateModified, description, url) VALUES ("f56e1cf7-ddb1-45ac-bc4c-b52f9da60b12","html","null",null,"MACH: The best and latest in Tech & Innovation | NBC News","https://nbcnews.com/mach");
INSERT INTO Documents (guid, docFormat, author, dateModified, description, url) VALUES ("29e5b349-3019-40b3-8c56-cf5299bd8a35","html","null",null,"Californians capture devastating scenes from wildfires - NBC News","https://nbcnews.com/video/californians-capture-devastating-scenes-from-wildfires-1111537219871");
INSERT INTO Documents (guid, docFormat, author, dateModified, description, url) VALUES ("bea877d8-beae-41ce-b882-98e27ce865dd","html","null",null,"Congress News: U.S. Senate & House of Representatives News - NBC News - NBC News","https://nbcnews.com/politics/congress");
INSERT INTO Documents (guid, docFormat, author, dateModified, description, url) VALUES ("2789d682-7b27-40ac-b933-ef82ac1b268a","html","null",null,"NBC Left Field Video Journalism | NBC News","https://nbcnews.com/leftfield");
INSERT INTO Documents (guid, docFormat, author, dateModified, description, url) VALUES ("2bb961d1-9a7e-488c-aaca-ff7dfc98d87d","html","null",null,"Beyonce presents Colin Kaepernick with Sports Illustrated Muhammad Ali Legacy Award - NBC News","https://nbcnews.com/video/beyonce-presents-colin-kaepernick-with-sports-illustrated-muhammad-ali-legacy-award-1111136835576");
INSERT INTO Documents (guid, docFormat, author, dateModified, description, url) VALUES ("98c7f3d3-893d-46b8-b514-3c658b89f705","html","null",null,"Video - NBC News","https://nbcnews.com/video");
INSERT INTO Documents (guid, docFormat, author, dateModified, description, url) VALUES ("d589f8bf-2106-4ea2-b620-d9343c6e4bc0","html","null",null,"U.S. News: Breaking News Photos, & Videos on the United States - NBC News","https://nbcnews.com/news/us-news");
INSERT INTO Documents (guid, docFormat, author, dateModified, description, url) VALUES ("af01f211-1c8e-4836-aa90-24d3b08c2544","html","null",null,"THINK: Fresh Opinions, Sharp Analyses and Powerful Essays | NBC News","https://nbcnews.com/think");
INSERT INTO Documents (guid, docFormat, author, dateModified, description, url) VALUES ("d6ab5eba-e638-4f1d-a757-358765f9aaae","html","null",null,"NBC Left Field Video Journalism | NBC News","https://nbcnews.com/leftfield");
INSERT INTO Documents (guid, docFormat, author, dateModified, description, url) VALUES ("3ac0c5b4-9967-42ff-9d2c-440e216e0375","html","null",null,"Latino: Community News, Information, Culture & More - NBC News","https://nbcnews.com/news/latino");
INSERT INTO Documents (guid, docFormat, author, dateModified, description, url) VALUES ("f32fc172-9d4d-4c0e-8d40-08cdf7a150b6","html","null",null,"NBC Left Field Video Journalism | NBC News","https://nbcnews.com/leftfield");
INSERT INTO Documents (guid, docFormat, author, dateModified, description, url) VALUES ("d4f348c0-ac2a-4448-bb1b-19e44dae4a94","html","null",null,"Innovation: Technology Innovation & Invention News | NBC News","https://nbcnews.com/mach/innovation");
INSERT INTO Documents (guid, docFormat, author, dateModified, description, url) VALUES ("5b76258b-7c31-4f64-a733-1c71b5fb51b2","html","null",null,"Californians capture devastating scenes from wildfires - NBC News","https://nbcnews.com/video/californians-capture-devastating-scenes-from-wildfires-1111537219871");
INSERT INTO Documents (guid, docFormat, author, dateModified, description, url) VALUES ("df4eb993-5096-4836-8564-df070fd00822","html","null",null,"Space News: Breaking News on Earth, Space Exploration, Discoveries & More - NBC News","https://nbcnews.com/science/space");
INSERT INTO Documents (guid, docFormat, author, dateModified, description, url) VALUES ("f6df8d43-0e4a-45e8-83b0-b5de1ff7fb52","html","null",null,"Franken announces resignation from Senate, calls out Trump and Moore - NBC News","https://nbcnews.com/video/al-franken-announces-resignation-from-senate-1111544387638");
INSERT INTO Documents (guid, docFormat, author, dateModified, description, url) VALUES ("7a838c38-7b0b-4eb0-9963-d93b19ccee4c","html","null",null,"THINK: Fresh Opinions, Sharp Analyses and Powerful Essays | NBC News","https://nbcnews.com/think");
INSERT INTO Documents (guid, docFormat, author, dateModified, description, url) VALUES ("fc975196-04c5-4b71-8192-f44ca548bf50","html","null",null,"Diet & Fitness: Tips for losing weight, exercise & more. | NBC News","https://nbcnews.com/better/diet-fitness");
INSERT INTO Documents (guid, docFormat, author, dateModified, description, url) VALUES ("fd0b9d72-2d71-43f4-9e80-525be4d299a7","html","null",null,"Science: Space, Environment & Trends - NBC News","https://nbcnews.com/science");
INSERT INTO Documents (guid, docFormat, author, dateModified, description, url) VALUES ("ebbe9ec5-4237-44db-a179-e173eaa7b613","html","null",null,"NBC Affiliates - NBC News","https://nbcnews.com/news/us-news/nbc-affiliates-n19981");
INSERT INTO Documents (guid, docFormat, author, dateModified, description, url) VALUES ("76c10614-3d34-4333-ab34-a6bba22d581f","html","null",null,"NBC Affiliates - NBC News","https://nbcnews.com/news/us-news/nbc-affiliates-n19981");
INSERT INTO Documents (guid, docFormat, author, dateModified, description, url) VALUES ("13c44a20-7496-4e64-a867-64c852f311dd","html","null",null,"Space News: Aliens, Planets Nasa & more | NBC News","https://nbcnews.com/mach/space");
INSERT INTO Documents (guid, docFormat, author, dateModified, description, url) VALUES ("709b6bde-54b9-4c92-bd55-55c834d984a4","html","null",null,"Congress News: U.S. Senate & House of Representatives News - NBC News - NBC News","https://nbcnews.com/politics/congress");
INSERT INTO Documents (guid, docFormat, author, dateModified, description, url) VALUES ("429104d4-8e14-4dd1-bf3a-7502ab69788e","html","null",null,"THINK: Fresh Opinions, Sharp Analyses and Powerful Essays | NBC News","https://nbcnews.com/think");
INSERT INTO Documents (guid, docFormat, author, dateModified, description, url) VALUES ("67d2d34b-637b-42b9-8021-c83b429580a0","html","null",null,"Politics: Congress, Political Parties, National Security & More - NBC News","https://nbcnews.com/politics");
INSERT INTO Documents (guid, docFormat, author, dateModified, description, url) VALUES ("69b1eec8-33fb-4caf-9e7b-e17010406c09","html","null",null,"U.S. News: Breaking News Photos, & Videos on the United States - NBC News","https://nbcnews.com/news/us-news");
INSERT INTO Documents (guid, docFormat, author, dateModified, description, url) VALUES ("0f4ef318-846f-455b-a07e-6ae10ff9595a","html","null",null,"U.S. News: Breaking News Photos, & Videos on the United States - NBC News","https://nbcnews.com/news/us-news");
INSERT INTO Documents (guid, docFormat, author, dateModified, description, url) VALUES ("1217e07d-f09e-4646-b7f3-88e68e52bcd8","html","null",null,"White House: Government News, Videos & Updates - NBC News - NBC News","https://nbcnews.com/politics/white-house");
INSERT INTO Documents (guid, docFormat, author, dateModified, description, url) VALUES ("a89b7f61-2547-4f93-8403-9b2d2cb49eda","html","null",null,"Congress News: U.S. Senate & House of Representatives News - NBC News - NBC News","https://nbcnews.com/politics/congress");
INSERT INTO Documents (guid, docFormat, author, dateModified, description, url) VALUES ("3b2cab58-25b2-4302-9fcc-2c1d66f9e50f","html","null",null,"Father of four Walter Scott was fatally shot by a police officer in North Charleston, South Carolina, on April 4, 2015. - NBC News","https://nbcnews.com/storyline/walter-scott-shooting");
INSERT INTO Documents (guid, docFormat, author, dateModified, description, url) VALUES ("f5ebfee3-75f6-4d23-be3b-aec1e2268a3e","html","null",null,"NBCBLK: Black Community News, Information, Culture & More - NBC News","https://nbcnews.com/news/nbcblk");
INSERT INTO Documents (guid, docFormat, author, dateModified, description, url) VALUES ("c01ea567-4f6c-43ac-bb83-1a34eac34dce","html","null",null,"NBC Sports | Streams, News, Schedules, Video, Scores","https://www.nbcsports.com");
INSERT INTO Documents (guid, docFormat, author, dateModified, description, url) VALUES ("f72bf8bd-2ad9-470f-adc5-c908494e7ba7","html","null",null,"NBC Left Field Video Journalism | NBC News","https://nbcnews.com/leftfield");
INSERT INTO Documents (guid, docFormat, author, dateModified, description, url) VALUES ("2485dd1f-a58e-4e4a-8d2f-25d0ead54767","html","null",null,"World News: Latest Breaking Global News Stories, Photos & Videos - NBC News","https://nbcnews.com/news/world");
INSERT INTO Documents (guid, docFormat, author, dateModified, description, url) VALUES ("91bb88d6-fba8-4a27-98b6-924c490fc466","html","null",null,"Franken announces resignation from Senate, calls out Trump and Moore - NBC News","https://nbcnews.com/video/al-franken-announces-resignation-from-senate-1111544387638");
INSERT INTO Documents (guid, docFormat, author, dateModified, description, url) VALUES ("85fd3194-9555-433e-b108-253b68a4e869","html","null",null,"NBC Left Field Video Journalism | NBC News","https://nbcnews.com/leftfield");
INSERT INTO Documents (guid, docFormat, author, dateModified, description, url) VALUES ("9f2d5960-9ff2-464f-a756-b7a8409a8667","html","null",null,"Nightly News with Lester Holt: The Latest News Stories Every Night - NBC News","https://nbcnews.com/nightly-news");
INSERT INTO Documents (guid, docFormat, author, dateModified, description, url) VALUES ("fbee61c0-7595-4113-8572-7332d78600bd","html","null",null,"Nightly News with Lester Holt: The Latest News Stories Every Night - NBC News","https://nbcnews.com/nightly-news");
INSERT INTO Documents (guid, docFormat, author, dateModified, description, url) VALUES ("08b52f49-c090-4dcd-ab35-a7ed835c2f6d","html","null",null,"California wildfires threaten homes and Getty Center - NBC News","https://nbcnews.com/video/california-wildfires-threaten-homes-and-getty-center-1110796355751");
INSERT INTO Documents (guid, docFormat, author, dateModified, description, url) VALUES ("dff29ee4-632b-43d4-919a-56fbe451ad80","html","null",null,"Turkish gold trader Reza Zarrab accused of raping NYC cellmate - NBC News","https://nbcnews.com/news/us-news/turkish-gold-trader-reza-zarrab-accused-raping-nyc-cellmate-n827466");
INSERT INTO Documents (guid, docFormat, author, dateModified, description, url) VALUES ("b7eda34a-c847-4d32-bc6d-2dc0df16eadd","html","null",null,"Parents of Tampa shooting suspect Howell Donaldson ordered to talk - NBC News","https://nbcnews.com/news/us-news/parents-tampa-shooting-suspect-howell-donaldson-ordered-talk-n827381");
INSERT INTO Documents (guid, docFormat, author, dateModified, description, url) VALUES ("75a4f895-2264-4881-8332-0024b70998a2","html","null",null,"Man rescues wild rabbit from Thomas Fire on Highway 1 near La Conchita, California - NBC News","https://nbcnews.com/video/man-rescues-wild-rabbit-from-thomas-fire-on-highway-1-near-la-conchita-california-1111388227582");
INSERT INTO Documents (guid, docFormat, author, dateModified, description, url) VALUES ("b9203c1f-be14-484b-8d14-c9c4d2db294f","html","null",null,"Video - NBC News","https://nbcnews.com/video");
INSERT INTO Documents (guid, docFormat, author, dateModified, description, url) VALUES ("0b610731-1178-4da6-9f68-f0c3c7bddf64","html","null",null,"California wildfires threaten homes and Getty Center - NBC News","https://nbcnews.com/video/california-wildfires-threaten-homes-and-getty-center-1110796355751");
INSERT INTO Documents (guid, docFormat, author, dateModified, description, url) VALUES ("839d91e1-0771-4c88-b146-f9318ac7551b","html","null",null,"Dateline: In-Depth Investigations of News Stories with Lester Holt - NBC News","https://nbcnews.com/dateline");
INSERT INTO Documents (guid, docFormat, author, dateModified, description, url) VALUES ("ab9114d2-8f26-4a60-9fa6-adb654106123","html","null",null,"Bada bing! New Jersey whacks 'Sopranos' strip club - NBC News","https://nbcnews.com/news/us-news/bada-bing-new-jersey-whacks-sopranos-strip-club-n827511");
INSERT INTO Documents (guid, docFormat, author, dateModified, description, url) VALUES ("a09f3686-bca4-406d-880e-96508b062ecb","html","null",null,"Turkish gold trader Reza Zarrab accused of raping NYC cellmate - NBC News","https://nbcnews.com/news/us-news/turkish-gold-trader-reza-zarrab-accused-raping-nyc-cellmate-n827466");
INSERT INTO Documents (guid, docFormat, author, dateModified, description, url) VALUES ("db64dc1e-d015-4033-9fda-9c4c1c64c724","html","null",null,"Recode","https://recode.net/");
INSERT INTO Documents (guid, docFormat, author, dateModified, description, url) VALUES ("a42a3311-8783-4a68-8f30-0b8f65335963","html","null",null,"U.S. News: Breaking News Photos, & Videos on the United States - NBC News","https://nbcnews.com/news/us-news");
INSERT INTO Documents (guid, docFormat, author, dateModified, description, url) VALUES ("221ef09b-ea9d-48b9-b6f9-149c876952d4","html","null",null,"Bada bing! New Jersey whacks 'Sopranos' strip club - NBC News","https://nbcnews.com/news/us-news/bada-bing-new-jersey-whacks-sopranos-strip-club-n827511");
INSERT INTO Documents (guid, docFormat, author, dateModified, description, url) VALUES ("e4087eef-f1ea-4c8b-b52c-7ca2bae58afb","html","null",null,"Beyonce presents Colin Kaepernick with Sports Illustrated Muhammad Ali Legacy Award - NBC News","https://nbcnews.com/video/beyonce-presents-colin-kaepernick-with-sports-illustrated-muhammad-ali-legacy-award-1111136835576");
INSERT INTO Documents (guid, docFormat, author, dateModified, description, url) VALUES ("cb387aca-045b-4766-a7f9-e0f0e3524f0f","html","null",null,"In Honduras, a tense time as elections put democracy through the test","https://nbcnews.com/news/latino/honduras-tense-time-elections-put-democracy-through-test-n827426");
INSERT INTO Documents (guid, docFormat, author, dateModified, description, url) VALUES ("913fd30b-d59a-42cb-87d6-0223f63fee9c","html","null",null,"Bada bing! New Jersey whacks 'Sopranos' strip club - NBC News","https://nbcnews.com/news/us-news/bada-bing-new-jersey-whacks-sopranos-strip-club-n827511");
INSERT INTO Documents (guid, docFormat, author, dateModified, description, url) VALUES ("763d1c1d-4d0f-493c-a7f5-5764eb17fb08","html","null",null,"Beyonce presents Colin Kaepernick with Sports Illustrated Muhammad Ali Legacy Award - NBC News","https://nbcnews.com/video/beyonce-presents-colin-kaepernick-with-sports-illustrated-muhammad-ali-legacy-award-1111136835576");
INSERT INTO Documents (guid, docFormat, author, dateModified, description, url) VALUES ("0f635a17-b91d-4f73-8bbb-2521bb7a3e8b","html","null",null,"2017 Gubernatorial Election News, Candidates & Polls - NBC News","https://nbcnews.com/politics/elections");
INSERT INTO Documents (guid, docFormat, author, dateModified, description, url) VALUES ("218b01d9-a9ee-45e7-899b-5a03e9ac5fe4","html","null",null,"Bada bing! New Jersey whacks 'Sopranos' strip club - NBC News","https://nbcnews.com/news/us-news/bada-bing-new-jersey-whacks-sopranos-strip-club-n827511");
INSERT INTO Documents (guid, docFormat, author, dateModified, description, url) VALUES ("d754c90e-bb51-4bf1-af43-7fff9b28b0eb","html","null",null,"In Honduras, a tense time as elections put democracy through the test","https://nbcnews.com/news/latino/honduras-tense-time-elections-put-democracy-through-test-n827426");
INSERT INTO Documents (guid, docFormat, author, dateModified, description, url) VALUES ("c1d021df-cefd-47cc-ba1d-f6cbb4dfa809","html","null",null,"Franken announces resignation from Senate, calls out Trump and Moore - NBC News","https://nbcnews.com/video/al-franken-announces-resignation-from-senate-1111544387638");
INSERT INTO Documents (guid, docFormat, author, dateModified, description, url) VALUES ("dbb0b185-a80d-4ef6-9552-45de947d3f9c","html","null",null,"Video - NBC News","https://nbcnews.com/video");
INSERT INTO Documents (guid, docFormat, author, dateModified, description, url) VALUES ("dbcbe2ca-0a04-482c-8144-0570f0534acf","html","null",null,"Wounded woman drops 'bump stock' maker from Las Vegas shooting lawsuit - NBC News","https://nbcnews.com/storyline/las-vegas-shooting/wounded-woman-drops-bump-stock-maker-las-vegas-shooting-lawsuit-n827541");
INSERT INTO Documents (guid, docFormat, author, dateModified, description, url) VALUES ("af07ede6-97a2-4a0d-b845-5ae68f5d6cb5","html","null",null,"Nightly News with Lester Holt: The Latest News Stories Every Night - NBC News","https://nbcnews.com/nightly-news");
INSERT INTO Documents (guid, docFormat, author, dateModified, description, url) VALUES ("350cbf0f-42e3-42ce-8805-250dbb6843f9","html","null",null,"Man rescues wild rabbit from Thomas Fire on Highway 1 near La Conchita, California - NBC News","https://nbcnews.com/video/man-rescues-wild-rabbit-from-thomas-fire-on-highway-1-near-la-conchita-california-1111388227582");
INSERT INTO Documents (guid, docFormat, author, dateModified, description, url) VALUES ("ddd286fc-306a-4c64-bdec-7f89dec66c41","html","null",null,"Volunteers help save tiny coastal town of La Conchita from California wildfires - NBC News","https://nbcnews.com/news/us-news/volunteers-save-tiny-coastal-town-la-conchita-california-wildfires-n827586");
INSERT INTO Documents (guid, docFormat, author, dateModified, description, url) VALUES ("014fe85b-f3f7-443d-8128-3db1faf95d8e","html","null",null,"NBC News","https://nbcnews.com/feature/nbc-out");
INSERT INTO Documents (guid, docFormat, author, dateModified, description, url) VALUES ("63171f39-992e-4b67-9114-5d6d0780a7e3","html","null",null,"Video - NBC News","https://nbcnews.com/video");
INSERT INTO Documents (guid, docFormat, author, dateModified, description, url) VALUES ("23e5fb12-cbf6-4631-a313-cd8edcef6991","html","null",null,"FBI Director Christopher Wray defends agency after Trump tweet - NBC News","https://nbcnews.com/politics/justice-department/fbi-director-christopher-wray-defends-agency-following-trump-tweets-n827446");
INSERT INTO Documents (guid, docFormat, author, dateModified, description, url) VALUES ("896dcc9e-675f-4946-9197-d182bdb5a896","html","null",null,"FBI Director Christopher Wray defends agency after Trump tweet - NBC News","https://nbcnews.com/politics/justice-department/fbi-director-christopher-wray-defends-agency-following-trump-tweets-n827446");
INSERT INTO Documents (guid, docFormat, author, dateModified, description, url) VALUES ("d0e13852-2e1a-446d-9bf5-f473e50a2b9d","html","null",null,"Man rescues wild rabbit from Thomas Fire on Highway 1 near La Conchita, California - NBC News","https://nbcnews.com/video/man-rescues-wild-rabbit-from-thomas-fire-on-highway-1-near-la-conchita-california-1111388227582");
INSERT INTO Documents (guid, docFormat, author, dateModified, description, url) VALUES ("3bacdc55-1558-40a4-85cf-124a1f9b64b5","html","null",null,"Beyonce presents Colin Kaepernick with Sports Illustrated Muhammad Ali Legacy Award - NBC News","https://nbcnews.com/video/beyonce-presents-colin-kaepernick-with-sports-illustrated-muhammad-ali-legacy-award-1111136835576");
INSERT INTO Documents (guid, docFormat, author, dateModified, description, url) VALUES ("61995318-9e27-4cde-ab40-7265620eed3e","html","null",null,"Wounded woman drops 'bump stock' maker from Las Vegas shooting lawsuit - NBC News","https://nbcnews.com/storyline/las-vegas-shooting/wounded-woman-drops-bump-stock-maker-las-vegas-shooting-lawsuit-n827541");
INSERT INTO Documents (guid, docFormat, author, dateModified, description, url) VALUES ("ab9c1eb0-5249-48bc-865a-0b15678dccfa","html","null",null,"Lighter winds give California firefighters a breather — but not for long - NBC News","https://nbcnews.com/storyline/western-wildfires/malibu-hit-wildfires-have-been-ravaging-southern-california-n827386");
INSERT INTO Documents (guid, docFormat, author, dateModified, description, url) VALUES ("8fc6312e-773e-4102-a950-9e1ec749c76e","html","null",null,"Brexit is engulfed in chaos as 'perfect storm' threatens U.K. government - NBC News","https://nbcnews.com/storyline/brexit-referendum/brexit-engulfed-chaos-perfect-storm-threatens-u-k-government-n826941");
INSERT INTO Documents (guid, docFormat, author, dateModified, description, url) VALUES ("4300cdbe-a1be-441f-a038-a4ff601f7da2","html","null",null,"Report: NBA putting minor-league team in Mexico City as soon as next season – ProBasketballTalk","http://nba.nbcsports.com/2017/12/07/report-nba-putting-minor-league-team-in-mexico-city-as-soon-as-next-season/?cid=eref:nbcnews:text");
INSERT INTO Documents (guid, docFormat, author, dateModified, description, url) VALUES ("b218b69e-9599-446a-9279-c7478380097e","html","null",null,"Volunteers help save tiny coastal town of La Conchita from California wildfires - NBC News","https://nbcnews.com/news/us-news/volunteers-save-tiny-coastal-town-la-conchita-california-wildfires-n827586");
INSERT INTO Documents (guid, docFormat, author, dateModified, description, url) VALUES ("e8e5d27f-9c19-4c48-8e3c-865f088c77dd","html","null",null,"Dateline: In-Depth Investigations of News Stories with Lester Holt - NBC News","https://nbcnews.com/dateline");
INSERT INTO Documents (guid, docFormat, author, dateModified, description, url) VALUES ("3cf6aa85-9a98-407c-9134-bbd6a2a2f56c","html","null",null,"Parents of Tampa shooting suspect Howell Donaldson ordered to talk - NBC News","https://nbcnews.com/news/us-news/parents-tampa-shooting-suspect-howell-donaldson-ordered-talk-n827381");
INSERT INTO Documents (guid, docFormat, author, dateModified, description, url) VALUES ("ca588cab-c89f-42fa-abb4-68dc7ec49f7c","html","null",null,"Turkish gold trader Reza Zarrab accused of raping NYC cellmate - NBC News","https://nbcnews.com/news/us-news/turkish-gold-trader-reza-zarrab-accused-raping-nyc-cellmate-n827466");
INSERT INTO Documents (guid, docFormat, author, dateModified, description, url) VALUES ("3239609c-33d5-47ed-8cc8-ffe53921a22f","html","null",null,"New York, NY (10113) Weather Forecast and Conditions - The Weather Channel | Weather.com","https://nbcnews.weather.com/weather/today/10113?par=nbcnews&site=nbcnews.com&cm_ven=nbcnews&cm_cat=ExtForecast&cm_pla=WxModule&cm_ite=CityPage");
INSERT INTO Documents (guid, docFormat, author, dateModified, description, url) VALUES ("389b54f7-9b07-404d-9380-90f9db5458fa","html","null",null,"Iran-sponsored hackers have targeted Israel, Saudis, Turkey since 2014 - NBC News","https://nbcnews.com/news/world/iran-sponsored-hackers-have-targeted-israel-saudis-turkey-2014-n827351");
INSERT INTO Documents (guid, docFormat, author, dateModified, description, url) VALUES ("c4136274-5e0f-47e2-87ee-f0b6904b760c","html","null",null,"Trump cutting Bears Ears and other national monuments sets up environmental showdown - NBC News","https://nbcnews.com/news/us-news/trump-cutting-bears-ears-other-national-monuments-sets-environmental-showdown-n826841");
INSERT INTO Documents (guid, docFormat, author, dateModified, description, url) VALUES ("f50e4ccb-19fb-4a05-a0b9-41f2924eb516","html","null",null,"Turkish gold trader Reza Zarrab accused of raping NYC cellmate - NBC News","https://nbcnews.com/news/us-news/turkish-gold-trader-reza-zarrab-accused-raping-nyc-cellmate-n827466");
INSERT INTO Documents (guid, docFormat, author, dateModified, description, url) VALUES ("21123be9-ab26-4939-a947-effa725edeb9","html","null",null,"Latest News, Videos & Guest Interviews from the Today Show on NBC","https://today.com/");
INSERT INTO Documents (guid, docFormat, author, dateModified, description, url) VALUES ("a49abc72-99e4-4a98-a4c1-00df2102aab5","html","null",null,"Man rescues wild rabbit from Thomas Fire on Highway 1 near La Conchita, California - NBC News","https://nbcnews.com/video/man-rescues-wild-rabbit-from-thomas-fire-on-highway-1-near-la-conchita-california-1111388227582");
INSERT INTO Documents (guid, docFormat, author, dateModified, description, url) VALUES ("2369b159-4255-420f-afec-7da48b48c568","html","null",null,"Prosecutors: Manafort wrote op-ed with man linked to Russian intelligence - NBC News","https://nbcnews.com/news/us-news/prosecutors-manafort-wrote-op-ed-man-linked-russian-intelligence-n826446");
INSERT INTO Documents (guid, docFormat, author, dateModified, description, url) VALUES ("1667106d-fd6e-4fd3-9c5f-263fb082f66f","html","null",null,"Saudi Arabia hosts first concert by female performer in country's history - NBC News","https://nbcnews.com/news/world/saudi-arabia-hosts-first-concert-female-performer-country-s-history-n827306");
INSERT INTO Documents (guid, docFormat, author, dateModified, description, url) VALUES ("c37c6cc1-0cfd-4276-b318-7013fb67cd54","html","null",null,"Turkish gold trader Reza Zarrab accused of raping NYC cellmate - NBC News","https://nbcnews.com/news/us-news/turkish-gold-trader-reza-zarrab-accused-raping-nyc-cellmate-n827466");
INSERT INTO Documents (guid, docFormat, author, dateModified, description, url) VALUES ("ebbfb810-0fed-4362-8e9c-7318b76154d1","html","null",null,"U.K. defense secretary says we should 'eliminate' ISIS fighters - NBC News","https://nbcnews.com/storyline/isis-terror/u-k-defense-secretary-says-we-should-eliminate-isis-fighters-n827291");
INSERT INTO Documents (guid, docFormat, author, dateModified, description, url) VALUES ("8b36d009-5bbf-457f-a38c-f1e1424a9fd8","html","null",null,"Nikki Haley casts some doubt on U.S. athletes at 2018 PyeongChang Olympics - NBC News","https://nbcnews.com/storyline/winter-olympics-2018/nikki-haley-casts-some-doubt-u-s-athletes-2018-pyeongchang-n827331");
INSERT INTO Documents (guid, docFormat, author, dateModified, description, url) VALUES ("afe585ec-ae55-4783-9763-8d42eef7842d","html","null",null,"Iran-sponsored hackers have targeted Israel, Saudis, Turkey since 2014 - NBC News","https://nbcnews.com/news/world/iran-sponsored-hackers-have-targeted-israel-saudis-turkey-2014-n827351");
INSERT INTO Documents (guid, docFormat, author, dateModified, description, url) VALUES ("0dcb32ff-66c1-46b8-bacb-1fbc6cc66349","html","null",null,"6 easy ways to add cardio to your strength workout","https://nbcnews.com/better/health/6-easy-ways-add-cardio-your-strength-workout-ncna827366");
INSERT INTO Documents (guid, docFormat, author, dateModified, description, url) VALUES ("641f06d7-7872-4420-9533-d749fe72b5e3","html","null",null,"Holiday stress? Chill out with these three apps","https://nbcnews.com/better/video/holiday-stress-chill-out-with-these-three-apps-1111718979529");
INSERT INTO Documents (guid, docFormat, author, dateModified, description, url) VALUES ("cdcab614-b47d-4543-b3c2-be167d57e22d","html","null",null,"Congress temporarily averts shutdown, sends Trump stopgap spending bill - NBC News","https://nbcnews.com/politics/congress/house-passes-stopgap-spending-bill-avert-shutdown-n827521");
INSERT INTO Documents (guid, docFormat, author, dateModified, description, url) VALUES ("a46fbc84-3efd-45da-a427-41214cfe90a3","html","null",null,"Lighter winds give California firefighters a breather — but not for long - NBC News","https://nbcnews.com/storyline/western-wildfires/malibu-hit-wildfires-have-been-ravaging-southern-california-n827386");
INSERT INTO Documents (guid, docFormat, author, dateModified, description, url) VALUES ("ba4a1a55-984f-458a-a35a-be319fc521fb","html","null",null,"Saudi Arabia hosts first concert by female performer in country's history - NBC News","https://nbcnews.com/news/world/saudi-arabia-hosts-first-concert-female-performer-country-s-history-n827306");
INSERT INTO Documents (guid, docFormat, author, dateModified, description, url) VALUES ("1e7823e0-5207-418e-b78b-3c91bce6e98d","html","null",null,"Turkish gold trader Reza Zarrab accused of raping NYC cellmate - NBC News","https://nbcnews.com/news/us-news/turkish-gold-trader-reza-zarrab-accused-raping-nyc-cellmate-n827466");
INSERT INTO Documents (guid, docFormat, author, dateModified, description, url) VALUES ("c8947208-6604-46cd-9bb4-a338f470cec4","html","null",null,"Trump cutting Bears Ears and other national monuments sets up environmental showdown - NBC News","https://nbcnews.com/news/us-news/trump-cutting-bears-ears-other-national-monuments-sets-environmental-showdown-n826841");
INSERT INTO Documents (guid, docFormat, author, dateModified, description, url) VALUES ("9b875045-df30-48bf-aeef-1cb423750da6","html","null",null,"Congress temporarily averts shutdown, sends Trump stopgap spending bill - NBC News","https://nbcnews.com/politics/congress/house-passes-stopgap-spending-bill-avert-shutdown-n827521");
INSERT INTO Documents (guid, docFormat, author, dateModified, description, url) VALUES ("5828685f-c00f-407e-b799-aa88e48df620","html","null",null,"U.S. Olympic Committee fully plans to send teams to Pyeongchang – OlympicTalk","http://olympics.nbcsports.com/2017/12/07/nikki-haley-usoc-olympics/?cid=eref:nbcnews:text");
INSERT INTO Documents (guid, docFormat, author, dateModified, description, url) VALUES ("24a023df-cb92-4098-ab4c-8f0ff8b60abf","html","null",null,"Volunteers help save tiny coastal town of La Conchita from California wildfires - NBC News","https://nbcnews.com/news/us-news/volunteers-save-tiny-coastal-town-la-conchita-california-wildfires-n827586");
INSERT INTO Documents (guid, docFormat, author, dateModified, description, url) VALUES ("78713ee4-4e14-4a94-bf4f-09a31e42d393","html","null",null,"Joel Embiid visits Meek Mill in prison – ProBasketballTalk","http://nba.nbcsports.com/2017/12/07/joel-embiid-visits-meek-mill-in-prison/?cid=eref:nbcnews:text");
INSERT INTO Documents (guid, docFormat, author, dateModified, description, url) VALUES ("c0d1e122-6eb2-4033-932d-d2f6da415366","html","null",null,"Middle East on edge after Trump's 'dangerous' Jerusalem move  - NBC News","https://nbcnews.com/news/world/trump-jerusalem-uproar-middle-east-braces-violent-protests-n827301");
INSERT INTO Documents (guid, docFormat, author, dateModified, description, url) VALUES ("df22a65d-b256-4659-8644-25bcb7fb9f4b","html","null",null,"U.S. Olympic Committee fully plans to send teams to Pyeongchang – OlympicTalk","http://olympics.nbcsports.com/2017/12/07/nikki-haley-usoc-olympics/?cid=eref:nbcnews:text");
INSERT INTO Documents (guid, docFormat, author, dateModified, description, url) VALUES ("ff766440-02f4-453b-8e75-6709ab897e34","html","null",null,"6 easy ways to add cardio to your strength workout","https://nbcnews.com/better/health/6-easy-ways-add-cardio-your-strength-workout-ncna827366");
INSERT INTO Documents (guid, docFormat, author, dateModified, description, url) VALUES ("55e53384-c8b6-450f-972d-d35970bd26b7","html","null",null,"Winter Olympics 2018 - NBC News","https://nbcnews.com/storyline/winter-olympics-2018");
INSERT INTO Documents (guid, docFormat, author, dateModified, description, url) VALUES ("5781c43a-7650-4a7c-aa88-71e4a2e1c176","html","null",null,"SC State’s Solomon released from hospital after collapse on court – CollegeBasketballTalk","http://collegebasketball.nbcsports.com/2017/12/07/sc-states-solomon-released-from-hospital-after-collapse-on-court/?cid=eref:nbcnews:text");
INSERT INTO Documents (guid, docFormat, author, dateModified, description, url) VALUES ("63fdf726-0360-49f6-b371-e39be85f0c7e","html","null",null,"Schumer and Pelosi meet with Trump after ditching last week - NBC News","https://nbcnews.com/politics/white-house/schumer-pelosi-meet-trump-government-funding-deadline-looms-n827501");
INSERT INTO Documents (guid, docFormat, author, dateModified, description, url) VALUES ("685a76c7-7225-4191-b05e-c534f4cf4c92","html","null",null,"U.S. Olympic Committee fully plans to send teams to Pyeongchang – OlympicTalk","http://olympics.nbcsports.com/2017/12/07/nikki-haley-usoc-olympics/?cid=eref:nbcnews:text");
INSERT INTO Documents (guid, docFormat, author, dateModified, description, url) VALUES ("714b0701-3a23-4c83-b609-6a51e3aeac24","html","null",null,"Congress temporarily averts shutdown, sends Trump stopgap spending bill - NBC News","https://nbcnews.com/politics/congress/house-passes-stopgap-spending-bill-avert-shutdown-n827521");
INSERT INTO Documents (guid, docFormat, author, dateModified, description, url) VALUES ("fdbb3614-e07d-4e64-a12c-ed197d9cf3a2","html","null",null,"Trump cutting Bears Ears and other national monuments sets up environmental showdown - NBC News","https://nbcnews.com/news/us-news/trump-cutting-bears-ears-other-national-monuments-sets-environmental-showdown-n826841");
INSERT INTO Documents (guid, docFormat, author, dateModified, description, url) VALUES ("8bad2e85-f012-440b-8311-36ecb1fa35dd","html","null",null,"Brexit is engulfed in chaos as 'perfect storm' threatens U.K. government - NBC News","https://nbcnews.com/storyline/brexit-referendum/brexit-engulfed-chaos-perfect-storm-threatens-u-k-government-n826941");
INSERT INTO Documents (guid, docFormat, author, dateModified, description, url) VALUES ("ec8aa5bb-a71b-45c6-95d0-fb904b3e0487","html","null",null,"Nikki Haley casts some doubt on U.S. athletes at 2018 PyeongChang Olympics - NBC News","https://nbcnews.com/storyline/winter-olympics-2018/nikki-haley-casts-some-doubt-u-s-athletes-2018-pyeongchang-n827331");
INSERT INTO Documents (guid, docFormat, author, dateModified, description, url) VALUES ("5b51a72e-7b02-485a-ba68-74edc66ac4ce","html","null",null,"Latest News, Videos & Guest Interviews from the Today Show on NBC","https://www.today.com");
INSERT INTO Documents (guid, docFormat, author, dateModified, description, url) VALUES ("3ad01060-c8ed-479c-bbd0-95103a3f3386","html","null",null,"Birth control pills still raise breast cancer risk - NBC News","https://nbcnews.com/health/health-news/even-modern-birth-control-pills-raise-breast-cancer-risk-n827086");
INSERT INTO Documents (guid, docFormat, author, dateModified, description, url) VALUES ("ddfa4606-5d1a-4fc0-bf4a-dd30513ebecb","html","null",null,"Larry Nassar, ex-USA Gymnastics doctor, gets 60 years in prison – OlympicTalk","http://olympics.nbcsports.com/2017/12/07/larry-nassar-60-years-prison-gymnastics-doctor-sexual-abuse-child-pornography/?cid=eref:nbcnews:text");
INSERT INTO Documents (guid, docFormat, author, dateModified, description, url) VALUES ("899ce9e7-cd91-4b8d-9739-4e2edada0a02","html","null",null,"Prosecutors: Manafort wrote op-ed with man linked to Russian intelligence - NBC News","https://nbcnews.com/news/us-news/prosecutors-manafort-wrote-op-ed-man-linked-russian-intelligence-n826446");
INSERT INTO Documents (guid, docFormat, author, dateModified, description, url) VALUES ("577f00c6-3705-4cf3-87b6-6cacb3d71759","html","null",null,"U.K. defense secretary says we should 'eliminate' ISIS fighters - NBC News","https://nbcnews.com/storyline/isis-terror/u-k-defense-secretary-says-we-should-eliminate-isis-fighters-n827291");
INSERT INTO Documents (guid, docFormat, author, dateModified, description, url) VALUES ("37f9abdd-dc71-4706-ba82-7bd3fc925cf7","html","null",null,"Whistleblower: Flynn told ex-partner Russia sanctions would be ripped up - NBC News","https://nbcnews.com/news/us-news/whistleblower-flynn-told-ex-partner-russia-sanctions-would-be-ripped-n827031");
INSERT INTO Documents (guid, docFormat, author, dateModified, description, url) VALUES ("0479c141-63a8-495f-bced-1a6bd37b1508","html","null",null,"Politics: Congress, Political Parties, National Security & More - NBC News","https://nbcnews.com/politics");
INSERT INTO Documents (guid, docFormat, author, dateModified, description, url) VALUES ("51066902-f425-436a-bd0b-112383057784","html","null",null,"Holiday stress? Chill out with these three apps","https://nbcnews.com/better/video/holiday-stress-chill-out-with-these-three-apps-1111718979529");
INSERT INTO Documents (guid, docFormat, author, dateModified, description, url) VALUES ("66432b05-6d89-48e8-9ba0-7128c66933b0","html","null",null,"Are 3-D mammograms really better? U.S. puts scans to the test - NBC News","https://nbcnews.com/health/health-news/are-3-d-mammograms-really-better-us-puts-scans-test-n827496");
INSERT INTO Documents (guid, docFormat, author, dateModified, description, url) VALUES ("e2cd2087-b7d5-4011-abbf-09bc425ac8aa","html","null",null,"Meet the Press: Inside Takes on the Latest Stories with Chuck Todd - NBC News","https://nbcnews.com/meet-the-press");
INSERT INTO Documents (guid, docFormat, author, dateModified, description, url) VALUES ("da858cfe-90c7-4307-91b0-260204b5eef4","html","null",null,"Congress temporarily averts shutdown, sends Trump stopgap spending bill - NBC News","https://nbcnews.com/politics/congress/house-passes-stopgap-spending-bill-avert-shutdown-n827521");
INSERT INTO Documents (guid, docFormat, author, dateModified, description, url) VALUES ("4e7a5000-058f-4e54-a8b9-73026d68a106","html","null",null,"Nikki Haley casts some doubt on U.S. athletes at 2018 PyeongChang Olympics - NBC News","https://nbcnews.com/storyline/winter-olympics-2018/nikki-haley-casts-some-doubt-u-s-athletes-2018-pyeongchang-n827331");
INSERT INTO Documents (guid, docFormat, author, dateModified, description, url) VALUES ("ec31b1e0-ae7c-4fc8-9eef-8e8754a00d0b","html","null",null,"Prosecutors: Manafort wrote op-ed with man linked to Russian intelligence - NBC News","https://nbcnews.com/news/us-news/prosecutors-manafort-wrote-op-ed-man-linked-russian-intelligence-n826446");
INSERT INTO Documents (guid, docFormat, author, dateModified, description, url) VALUES ("0eebb244-4731-4b56-9301-668052c166b2","html","null",null,"Arizona Rep. Trent Franks quits after asking female staffers about surrogacy - NBC News","https://nbcnews.com/politics/congress/arizona-rep-trent-franks-expected-announce-resignation-n827531");
INSERT INTO Documents (guid, docFormat, author, dateModified, description, url) VALUES ("46c724ee-15c6-4a57-9819-68058582148e","html","null",null,"Volunteers help save tiny coastal town of La Conchita from California wildfires - NBC News","https://nbcnews.com/news/us-news/volunteers-save-tiny-coastal-town-la-conchita-california-wildfires-n827586");
INSERT INTO Documents (guid, docFormat, author, dateModified, description, url) VALUES ("b63d39dc-ade0-4212-ac58-cf7f5a3a7fe9","html","null",null,"‘I want to do anything I can to help’: Lovejoy to donate brain for CTE research – ProHockeyTalk","http://nhl.nbcsports.com/2017/12/07/i-want-to-do-anything-i-can-to-help-lovejoy-to-donate-brain-for-cte-research/?cid=eref:nbcnews:text");
INSERT INTO Documents (guid, docFormat, author, dateModified, description, url) VALUES ("50c79b67-9eec-4643-af44-ef2eac7953e4","html","null",null,"Schumer and Pelosi meet with Trump after ditching last week - NBC News","https://nbcnews.com/politics/white-house/schumer-pelosi-meet-trump-government-funding-deadline-looms-n827501");
INSERT INTO Documents (guid, docFormat, author, dateModified, description, url) VALUES ("b93b4830-2388-4496-9eb4-d503f5092ed6","html","null",null,"Nikki Haley casts some doubt on U.S. athletes at 2018 PyeongChang Olympics - NBC News","https://nbcnews.com/storyline/winter-olympics-2018/nikki-haley-casts-some-doubt-u-s-athletes-2018-pyeongchang-n827331");
INSERT INTO Documents (guid, docFormat, author, dateModified, description, url) VALUES ("5b3c1ebf-1a00-4823-af42-b5e201089d2f","html","null",null,"‘I want to do anything I can to help’: Lovejoy to donate brain for CTE research – ProHockeyTalk","http://nhl.nbcsports.com/2017/12/07/i-want-to-do-anything-i-can-to-help-lovejoy-to-donate-brain-for-cte-research/?cid=eref:nbcnews:text");
INSERT INTO Documents (guid, docFormat, author, dateModified, description, url) VALUES ("b0f5c5b0-bb28-4f4b-aadd-945655539e98","html","null",null,"Are 3-D mammograms really better? U.S. puts scans to the test - NBC News","https://nbcnews.com/health/health-news/are-3-d-mammograms-really-better-us-puts-scans-test-n827496");
INSERT INTO Documents (guid, docFormat, author, dateModified, description, url) VALUES ("0a3a9353-468f-492e-a96d-409a47518fa7","html","null",null,"12 gifts for healthier, happier cats and dogs (and their owners)","https://nbcnews.com/better/health/12-gifts-healthier-happier-cats-dogs-their-owners-ncna820856");
INSERT INTO Documents (guid, docFormat, author, dateModified, description, url) VALUES ("4adc4923-d5f9-452a-90ee-7dade36ce8f7","html","null",null,"Nikki Haley casts some doubt on U.S. athletes at 2018 PyeongChang Olympics - NBC News","https://nbcnews.com/storyline/winter-olympics-2018/nikki-haley-casts-some-doubt-u-s-athletes-2018-pyeongchang-n827331");
INSERT INTO Documents (guid, docFormat, author, dateModified, description, url) VALUES ("00e03b65-b210-4bfa-8771-089b5d50cfba","html","null",null,"Whistleblower: Flynn told ex-partner Russia sanctions would be ripped up - NBC News","https://nbcnews.com/news/us-news/whistleblower-flynn-told-ex-partner-russia-sanctions-would-be-ripped-n827031");
INSERT INTO Documents (guid, docFormat, author, dateModified, description, url) VALUES ("88f9e129-1708-49e3-a823-d0f5da61ebd7","html","null",null,"EPA will replace Obama's plan to reduce carbon emissions, Pruitt says - NBC News","https://nbcnews.com/politics/white-house/epa-will-replace-obama-s-plan-reduce-carbon-emissions-pruitt-n827436");
INSERT INTO Documents (guid, docFormat, author, dateModified, description, url) VALUES ("6d3c8437-d19c-416e-bc40-4d4930ce39b0","html","null",null,"Holiday stress? Chill out with these three apps","https://nbcnews.com/better/video/holiday-stress-chill-out-with-these-three-apps-1111718979529");
INSERT INTO Documents (guid, docFormat, author, dateModified, description, url) VALUES ("ce44aaa1-d4c1-473f-a0e8-739a21f5484e","html","null",null,"Holiday stress? Chill out with these three apps","https://nbcnews.com/better/video/holiday-stress-chill-out-with-these-three-apps-1111718979529");
INSERT INTO Documents (guid, docFormat, author, dateModified, description, url) VALUES ("a46c624c-1382-4dbe-b263-57dd622293f3","html","null",null,"Democrats turn on Franken to get to Moore - NBC News","https://nbcnews.com/politics/congress/democrats-turn-franken-get-moore-n827161");
INSERT INTO Documents (guid, docFormat, author, dateModified, description, url) VALUES ("ada33885-2470-4f50-a16a-d4e2741fb919","html","null",null,"L.A. to become largest U.S. city with legal recreational marijuana - NBC News","https://nbcnews.com/news/us-news/l-become-largest-u-s-city-legal-recreational-marijuana-n827196");
INSERT INTO Documents (guid, docFormat, author, dateModified, description, url) VALUES ("77efae9d-3241-4d00-80b3-bf164d50101d","html","null",null,"EPA will replace Obama's plan to reduce carbon emissions, Pruitt says - NBC News","https://nbcnews.com/politics/white-house/epa-will-replace-obama-s-plan-reduce-carbon-emissions-pruitt-n827436");
INSERT INTO Documents (guid, docFormat, author, dateModified, description, url) VALUES ("17f00df2-b008-4023-9c52-b24b1d2129be","html","null",null,"U.S. News: Breaking News Photos, & Videos on the United States - NBC News","https://nbcnews.com/news/us-news");
INSERT INTO Documents (guid, docFormat, author, dateModified, description, url) VALUES ("deef24a7-a3fb-4f92-a21a-80bf574aed3d","html","null",null,"Joel Embiid visits Meek Mill in prison – ProBasketballTalk","http://nba.nbcsports.com/2017/12/07/joel-embiid-visits-meek-mill-in-prison/?cid=eref:nbcnews:text");
INSERT INTO Documents (guid, docFormat, author, dateModified, description, url) VALUES ("5348682a-5fd5-4760-98d6-48e33d4b140d","html","null",null,"Winter Olympics 2018 - NBC News","https://nbcnews.com/storyline/winter-olympics-2018");
INSERT INTO Documents (guid, docFormat, author, dateModified, description, url) VALUES ("b6b2ada6-12a2-4c61-ae6b-92b7827f8bcb","html","null",null,"Winter Olympics 2018 - NBC News","https://nbcnews.com/storyline/winter-olympics-2018");
INSERT INTO Documents (guid, docFormat, author, dateModified, description, url) VALUES ("dd1772c4-4d1c-4974-861b-1fc6241fc214","html","null",null,"Tonya Harding walks the red carpet with Margot Robbie at 'I, Tonya' premiere - TODAY.com","https://www.today.com/popculture/tonya-harding-walks-red-carpet-margot-robbie-i-tonya-premiere-t119749");
INSERT INTO Documents (guid, docFormat, author, dateModified, description, url) VALUES ("4d2d8f5b-a564-4d5c-8c31-a22241ee35fb","html","null",null,"12 gifts for healthier, happier cats and dogs (and their owners)","https://nbcnews.com/better/health/12-gifts-healthier-happier-cats-dogs-their-owners-ncna820856");
INSERT INTO Documents (guid, docFormat, author, dateModified, description, url) VALUES ("b4db052d-df9a-4b5f-bc7f-53a7106952a9","html","null",null,"Pollution can counteract exercise benefits, study finds - NBC News","https://nbcnews.com/health/health-news/pollution-can-counteract-exercise-benefits-study-finds-n826811");
INSERT INTO Documents (guid, docFormat, author, dateModified, description, url) VALUES ("290e9b59-418c-45bf-ae41-14e2b1f40e6d","html","null",null,"U.S. News: Breaking News Photos, & Videos on the United States - NBC News","https://nbcnews.com/news/us-news");
INSERT INTO Documents (guid, docFormat, author, dateModified, description, url) VALUES ("ff86779d-a89a-49d0-99be-964740132e8e","html","null",null,"Larry Nassar, ex-USA Gymnastics doctor, gets 60 years in prison – OlympicTalk","http://olympics.nbcsports.com/2017/12/07/larry-nassar-60-years-prison-gymnastics-doctor-sexual-abuse-child-pornography/?cid=eref:nbcnews:text");
INSERT INTO Documents (guid, docFormat, author, dateModified, description, url) VALUES ("42b31c54-4732-45b0-9af3-2d7de6d867fe","html","null",null,"Report: NBA putting minor-league team in Mexico City as soon as next season – ProBasketballTalk","http://nba.nbcsports.com/2017/12/07/report-nba-putting-minor-league-team-in-mexico-city-as-soon-as-next-season/?cid=eref:nbcnews:text");
INSERT INTO Documents (guid, docFormat, author, dateModified, description, url) VALUES ("d33f41f5-f5a9-443e-80f4-d10dc239ed05","html","null",null,"Western Wildfires: California, Washington, Oregon Wildfire News - NBC News - NBC News","https://nbcnews.com/storyline/western-wildfires");
INSERT INTO Documents (guid, docFormat, author, dateModified, description, url) VALUES ("5d1bd7ed-bd9a-4c8e-91d2-d999a3018992","html","null",null,"Birth control pills still raise breast cancer risk - NBC News","https://nbcnews.com/health/health-news/even-modern-birth-control-pills-raise-breast-cancer-risk-n827086");
INSERT INTO Documents (guid, docFormat, author, dateModified, description, url) VALUES ("91bf2bce-7ddc-492a-bdd1-855036bd2986","html","null",null,"SC State’s Solomon released from hospital after collapse on court – CollegeBasketballTalk","http://collegebasketball.nbcsports.com/2017/12/07/sc-states-solomon-released-from-hospital-after-collapse-on-court/?cid=eref:nbcnews:text");
INSERT INTO Documents (guid, docFormat, author, dateModified, description, url) VALUES ("70f8d3f6-b18a-4836-af23-b87fd4d9b4ef","html","null",null,"‘I want to do anything I can to help’: Lovejoy to donate brain for CTE research – ProHockeyTalk","http://nhl.nbcsports.com/2017/12/07/i-want-to-do-anything-i-can-to-help-lovejoy-to-donate-brain-for-cte-research/?cid=eref:nbcnews:text");
INSERT INTO Documents (guid, docFormat, author, dateModified, description, url) VALUES ("8714af45-6a89-4cc9-9b5d-fe821278d0c1","html","null",null,"NBC Sports | Streams, News, Schedules, Video, Scores","https://nbcsports.com");
INSERT INTO Documents (guid, docFormat, author, dateModified, description, url) VALUES ("f2d4a038-3d58-4aaa-8186-d7638778ce52","html","null",null,"U.S. News: Breaking News Photos, & Videos on the United States - NBC News","https://nbcnews.com/news/us-news");
INSERT INTO Documents (guid, docFormat, author, dateModified, description, url) VALUES ("b5a4e7d2-11cc-412b-8b33-87fe0e61d079","html","null",null,"U.S. News: Breaking News Photos, & Videos on the United States - NBC News","https://nbcnews.com/news/us-news");
INSERT INTO Documents (guid, docFormat, author, dateModified, description, url) VALUES ("07d510dc-5359-4f22-bf4a-bb1b3155768e","html","null",null,"L.A. to become largest U.S. city with legal recreational marijuana - NBC News","https://nbcnews.com/news/us-news/l-become-largest-u-s-city-legal-recreational-marijuana-n827196");
INSERT INTO Documents (guid, docFormat, author, dateModified, description, url) VALUES ("e408a019-3b09-4893-820a-6b9a0d24fbff","html","null",null,"New estimate says 46 million Americans headed to Alzheimer's - NBC News","https://nbcnews.com/health/health-news/new-estimate-says-46-million-americans-headed-alzheimer-s-n827456");
INSERT INTO Documents (guid, docFormat, author, dateModified, description, url) VALUES ("b94ea53a-6ccc-4c20-be11-91e7aad0ffc4","html","null",null,"Prosecutors: Manafort wrote op-ed with man linked to Russian intelligence - NBC News","https://nbcnews.com/news/us-news/prosecutors-manafort-wrote-op-ed-man-linked-russian-intelligence-n826446");
INSERT INTO Documents (guid, docFormat, author, dateModified, description, url) VALUES ("c0df3e1f-711b-4418-8b21-5c56b18dbc8b","html","null",null,"Arizona Rep. Trent Franks quits after asking female staffers about surrogacy - NBC News","https://nbcnews.com/politics/congress/arizona-rep-trent-franks-expected-announce-resignation-n827531");
INSERT INTO Documents (guid, docFormat, author, dateModified, description, url) VALUES ("037c0d99-c0e7-4c53-8599-53ff8f8677c6","html","null",null,"NBC Sports | Streams, News, Schedules, Video, Scores","https://www.nbcsports.com/");
INSERT INTO Documents (guid, docFormat, author, dateModified, description, url) VALUES ("caa543cc-36f4-448c-b69b-a41d9f269cc2","html","null",null,"Ryan Reynolds joins the cast of ‘Detective Pikachu’ - TODAY.com","https://www.today.com/video/ryan-reynolds-joins-the-cast-of-detective-pikachu-1111414339922");
INSERT INTO Documents (guid, docFormat, author, dateModified, description, url) VALUES ("465b210b-00dc-4c8d-ac51-4c5dcde9ac08","html","null",null,"Everyday heroes emerge from California wildfires - NBC News","https://nbcnews.com/nightly-news/video/everyday-heroes-emerge-from-california-wildfires-1111905859712");
INSERT INTO Documents (guid, docFormat, author, dateModified, description, url) VALUES ("b921ecf1-ceef-454f-8726-39404657093f","html","null",null,"Self-taught financial advisers keep it real about money management","https://nbcnews.com/news/nbcblk/self-taught-financial-advisers-keep-it-real-about-money-management-n817326");
INSERT INTO Documents (guid, docFormat, author, dateModified, description, url) VALUES ("f2943583-1669-4e14-b701-de2b5e705ce2","html","null",null,"Under $30: 11 thoughtful gifts if you're on a budget","https://nbcnews.com/better/business/under-20-11-gifts-thoughtful-givers-budget-ncna825556");
INSERT INTO Documents (guid, docFormat, author, dateModified, description, url) VALUES ("e029297a-7c8c-48c4-9085-efa6708f097f","html","null",null,"Congress News: U.S. Senate & House of Representatives News - NBC News - NBC News","https://nbcnews.com/politics/congress");
INSERT INTO Documents (guid, docFormat, author, dateModified, description, url) VALUES ("0a53357d-dc90-4684-916f-137f9e2f6874","html","null",null,"Meet the Press: Inside Takes on the Latest Stories with Chuck Todd - NBC News","https://nbcnews.com/meet-the-press");
INSERT INTO Documents (guid, docFormat, author, dateModified, description, url) VALUES ("ba95532b-9cd5-498f-b0c6-80fcacda6a31","html","null",null,"NHL invites Seattle to apply for expansion team – ProHockeyTalk","http://nhl.nbcsports.com/2017/12/07/nhl-lets-seattle-get-expansion-ball-rolling-bettman-warns-of-no-guarantees/?cid=eref:nbcnews:text");
INSERT INTO Documents (guid, docFormat, author, dateModified, description, url) VALUES ("21b870f0-5f0b-403b-8d8f-36f871fdf646","html","null",null,"Pollution can counteract exercise benefits, study finds - NBC News","https://nbcnews.com/health/health-news/pollution-can-counteract-exercise-benefits-study-finds-n826811");
INSERT INTO Documents (guid, docFormat, author, dateModified, description, url) VALUES ("f460f2aa-c979-4111-b249-6fed5c02723a","html","null",null,"NBC Sports | Streams, News, Schedules, Video, Scores","http://nbcsports.com");
INSERT INTO Documents (guid, docFormat, author, dateModified, description, url) VALUES ("ef3d5fd9-92b8-49a6-af9b-35f68923a903","html","null",null,"Six women say Harvey Weinstein cover-up was racketeering in new lawsuit - NBC News","https://nbcnews.com/storyline/sexual-misconduct/six-women-say-weinstein-cover-was-racketeering-new-lawsuit-n827091");
INSERT INTO Documents (guid, docFormat, author, dateModified, description, url) VALUES ("57db15bd-c975-4c56-ab22-83950cc08791","html","null",null,"Johnny Hallyday, singer known as the 'French Elvis,' dies at 74 - NBC News","https://nbcnews.com/pop-culture/music/johnny-hallyday-singer-known-french-elvis-dies-74-n826886");
INSERT INTO Documents (guid, docFormat, author, dateModified, description, url) VALUES ("e724c2b9-c992-4607-8b97-f3e2a2f7076e","html","null",null,"Birth control pills still raise breast cancer risk - NBC News","https://nbcnews.com/health/health-news/even-modern-birth-control-pills-raise-breast-cancer-risk-n827086");
INSERT INTO Documents (guid, docFormat, author, dateModified, description, url) VALUES ("d9f30951-6ce8-4840-a36c-6d588527eaf5","html","null",null,"Ryan Reynolds joins the cast of ‘Detective Pikachu’ - TODAY.com","https://www.today.com/video/ryan-reynolds-joins-the-cast-of-detective-pikachu-1111414339922");
INSERT INTO Documents (guid, docFormat, author, dateModified, description, url) VALUES ("afba2860-fa0a-4eea-b3da-009e6a4b97af","html","null",null,"Tonya Harding walks the red carpet with Margot Robbie at 'I, Tonya' premiere - TODAY.com","https://www.today.com/popculture/tonya-harding-walks-red-carpet-margot-robbie-i-tonya-premiere-t119749");
INSERT INTO Documents (guid, docFormat, author, dateModified, description, url) VALUES ("3e497e59-a545-4658-81cb-be0dbd4fe4b2","html","null",null,"World News: Latest Breaking Global News Stories, Photos & Videos - NBC News","https://nbcnews.com/news/world");
INSERT INTO Documents (guid, docFormat, author, dateModified, description, url) VALUES ("9ccf9b20-dc0e-4742-8163-ab195e9bef94","html","null",null,"NHL invites Seattle to apply for expansion team – ProHockeyTalk","http://nhl.nbcsports.com/2017/12/07/nhl-lets-seattle-get-expansion-ball-rolling-bettman-warns-of-no-guarantees/?cid=eref:nbcnews:text");
INSERT INTO Documents (guid, docFormat, author, dateModified, description, url) VALUES ("20da2e6b-a032-4886-b187-6508e6cf93fc","html","null",null,"Department of Justice News & DOJ Updates - NBC News - NBC News","https://nbcnews.com/politics/justice-department");
INSERT INTO Documents (guid, docFormat, author, dateModified, description, url) VALUES ("4e893dd3-e500-483d-8c9a-23348136897b","html","null",null,"Western Wildfires: California, Washington, Oregon Wildfire News - NBC News - NBC News","https://nbcnews.com/storyline/western-wildfires");
INSERT INTO Documents (guid, docFormat, author, dateModified, description, url) VALUES ("c69da212-0238-4f18-bf64-a50990af7870","html","null",null,"Under $30: 11 thoughtful gifts if you're on a budget","https://nbcnews.com/better/business/under-20-11-gifts-thoughtful-givers-budget-ncna825556");
INSERT INTO Documents (guid, docFormat, author, dateModified, description, url) VALUES ("359c25ba-9ae4-4ac9-8f02-632638e3d7d5","html","null",null,"U.S. News: Breaking News Photos, & Videos on the United States - NBC News","https://nbcnews.com/news/us-news");
INSERT INTO Documents (guid, docFormat, author, dateModified, description, url) VALUES ("6e541c77-fbca-4f09-a9d2-9b59925453d9","html","null",null,"Self-taught financial advisers keep it real about money management","https://nbcnews.com/news/nbcblk/self-taught-financial-advisers-keep-it-real-about-money-management-n817326");
INSERT INTO Documents (guid, docFormat, author, dateModified, description, url) VALUES ("b3367271-9132-4c0e-83a3-baa9417ab8ea","html","null",null,"Western Wildfires: California, Washington, Oregon Wildfire News - NBC News - NBC News","https://nbcnews.com/storyline/western-wildfires");
INSERT INTO Documents (guid, docFormat, author, dateModified, description, url) VALUES ("0599fc2b-a21a-4980-a2aa-b1bccee524e9","html","null",null,"Ryan Reynolds joins the cast of ‘Detective Pikachu’ - TODAY.com","https://www.today.com/video/ryan-reynolds-joins-the-cast-of-detective-pikachu-1111414339922");
INSERT INTO Documents (guid, docFormat, author, dateModified, description, url) VALUES ("9ad2d539-3690-4060-b2b0-8d39457f49a4","html","null",null,"Latino: Community News, Information, Culture & More - NBC News","https://nbcnews.com/news/latino");
INSERT INTO Documents (guid, docFormat, author, dateModified, description, url) VALUES ("40b933fa-b480-429a-8f34-d7e5e51170c8","html","null",null,"U.S. News: Breaking News Photos, & Videos on the United States - NBC News","https://nbcnews.com/news/us-news");
INSERT INTO Documents (guid, docFormat, author, dateModified, description, url) VALUES ("b1a15f85-c1c4-448c-b67a-726102bc25a4","html","null",null,"Beyoncé surprises Colin Kaepernick to present SI Muhammad Ali Legacy Award - NBC News","https://nbcnews.com/news/us-news/beyonc-surprises-colin-kaepernick-present-si-muhammad-ali-legacy-award-n826986");
INSERT INTO Documents (guid, docFormat, author, dateModified, description, url) VALUES ("49d6d625-7817-4504-ac34-09793a1e1617","html","null",null,"Birth control pills still raise breast cancer risk - NBC News","https://nbcnews.com/health/health-news/even-modern-birth-control-pills-raise-breast-cancer-risk-n827086");
INSERT INTO Documents (guid, docFormat, author, dateModified, description, url) VALUES ("65be6ee8-9aa9-47e2-bc47-048f23dcafcd","html","null",null,"Politics: Congress, Political Parties, National Security & More - NBC News","https://nbcnews.com/politics");
INSERT INTO Documents (guid, docFormat, author, dateModified, description, url) VALUES ("25a936ff-9cd4-4310-98d8-880eaf253e68","html","null",null,"Western Wildfires: California, Washington, Oregon Wildfire News - NBC News - NBC News","https://nbcnews.com/storyline/western-wildfires");
INSERT INTO Documents (guid, docFormat, author, dateModified, description, url) VALUES ("a9739438-4c55-4dbb-a37b-135c1473a2b7","html","null",null,"SC State’s Solomon released from hospital after collapse on court – CollegeBasketballTalk","http://collegebasketball.nbcsports.com/2017/12/07/sc-states-solomon-released-from-hospital-after-collapse-on-court/?cid=eref:nbcnews:text");
INSERT INTO Documents (guid, docFormat, author, dateModified, description, url) VALUES ("22f617f7-4299-4ea5-854e-9ac894b52dd2","html","null",null,"U.S. News: Breaking News Photos, & Videos on the United States - NBC News","https://nbcnews.com/news/us-news");
INSERT INTO Documents (guid, docFormat, author, dateModified, description, url) VALUES ("8754c55e-1c4a-4582-bc87-929a1c7a160a","html","null",null,"Tech: Latest US & Global News, Innovations, Gadgets, & More - NBC News","https://nbcnews.com/tech");
INSERT INTO Documents (guid, docFormat, author, dateModified, description, url) VALUES ("525bcafd-4643-4cc1-ba54-ff689807feb4","html","null",null,"World News: Latest Breaking Global News Stories, Photos & Videos - NBC News","https://nbcnews.com/news/world");
INSERT INTO Documents (guid, docFormat, author, dateModified, description, url) VALUES ("91720363-aec6-4ff0-af1e-8092fdf6d54d","html","null",null,"U.S. News: Breaking News Photos, & Videos on the United States - NBC News","https://nbcnews.com/news/us-news");
INSERT INTO Documents (guid, docFormat, author, dateModified, description, url) VALUES ("601e8178-d2ff-48bc-9795-a41e89f9d5e5","html","null",null,"Las Vegas Shooting: 58 People Killed, Almost 500 Hurt Near Mandalay Bay - NBC News","https://nbcnews.com/storyline/las-vegas-shooting");
INSERT INTO Documents (guid, docFormat, author, dateModified, description, url) VALUES ("4ff80d66-f350-47f5-8bd3-bd9fd8f61067","html","null",null,"Saudi Arabia hosts first concert by female performer in country's history - NBC News","https://nbcnews.com/news/world/saudi-arabia-hosts-first-concert-female-performer-country-s-history-n827306");
INSERT INTO Documents (guid, docFormat, author, dateModified, description, url) VALUES ("a41deb98-a1c1-4c1e-add2-54af884d786d","html","null",null,"U.S. News: Breaking News Photos, & Videos on the United States - NBC News","https://nbcnews.com/news/us-news");
INSERT INTO Documents (guid, docFormat, author, dateModified, description, url) VALUES ("874b88d5-c5da-41d8-9f88-87d5b648c49e","html","null",null,"U.S. News: Breaking News Photos, & Videos on the United States - NBC News","https://nbcnews.com/news/us-news");
INSERT INTO Documents (guid, docFormat, author, dateModified, description, url) VALUES ("0dbddf30-e8a1-4701-b135-f5c7bb8727f1","html","null",null,"World News: Latest Breaking Global News Stories, Photos & Videos - NBC News","https://nbcnews.com/news/world");
INSERT INTO Documents (guid, docFormat, author, dateModified, description, url) VALUES ("c2000b84-093a-4541-a3c8-279e2f6823fe","html","null",null,"U.S. News: Breaking News Photos, & Videos on the United States - NBC News","https://nbcnews.com/news/us-news");
INSERT INTO Documents (guid, docFormat, author, dateModified, description, url) VALUES ("2482efbd-0c09-439c-9b72-8ed3dfecfe85","html","null",null,"Ryan Reynolds joins the cast of ‘Detective Pikachu’ - TODAY.com","https://www.today.com/video/ryan-reynolds-joins-the-cast-of-detective-pikachu-1111414339922");
INSERT INTO Documents (guid, docFormat, author, dateModified, description, url) VALUES ("c40d69bd-3a07-42ca-b573-ea26a2344362","html","null",null,"U.S. News: Breaking News Photos, & Videos on the United States - NBC News","https://nbcnews.com/news/us-news");
INSERT INTO Documents (guid, docFormat, author, dateModified, description, url) VALUES ("9845b8c2-c628-4daf-93af-7c0d257d2b7f","html","null",null,"Bitcoin pays for entire wedding as its price soars past $16,000 - NBC News","https://nbcnews.com/tech/innovation/bitcoin-pays-entire-wedding-its-price-soars-past-16-000-n826776");
INSERT INTO Documents (guid, docFormat, author, dateModified, description, url) VALUES ("8ac94878-2a5a-4bb0-a75f-3a7ee27348c4","html","null",null,"Congress News: U.S. Senate & House of Representatives News - NBC News - NBC News","https://nbcnews.com/politics/congress");
INSERT INTO Documents (guid, docFormat, author, dateModified, description, url) VALUES ("9bc28219-4e12-4590-93e9-a762f62cf738","html","null",null,"Healthcare News: Health Insurance, Health Studies & Treatments - NBC News  - NBC News","https://nbcnews.com/health/health-care");
INSERT INTO Documents (guid, docFormat, author, dateModified, description, url) VALUES ("9110970a-742a-40ab-ac86-e7a62d563f16","html","null",null,"Beyoncé surprises Colin Kaepernick to present SI Muhammad Ali Legacy Award - NBC News","https://nbcnews.com/news/us-news/beyonc-surprises-colin-kaepernick-present-si-muhammad-ali-legacy-award-n826986");
INSERT INTO Documents (guid, docFormat, author, dateModified, description, url) VALUES ("8bcb7f12-9545-4206-bbf4-376db639d791","html","null",null,"Six women say Harvey Weinstein cover-up was racketeering in new lawsuit - NBC News","https://nbcnews.com/storyline/sexual-misconduct/six-women-say-weinstein-cover-was-racketeering-new-lawsuit-n827091");
INSERT INTO Documents (guid, docFormat, author, dateModified, description, url) VALUES ("5c625644-4b2d-46a1-a89c-05972be3c2b4","html","null",null,"Volkswagen manager jailed for 7 years in diesel scam - NBC News","https://nbcnews.com/business/autos/volkswagen-manager-jailed-7-years-diesel-scam-n827286");
INSERT INTO Documents (guid, docFormat, author, dateModified, description, url) VALUES ("10b04bee-8116-4d55-9669-c59c8467f9ce","html","null",null,"Saudi Arabia hosts first concert by female performer in country's history - NBC News","https://nbcnews.com/news/world/saudi-arabia-hosts-first-concert-female-performer-country-s-history-n827306");
INSERT INTO Documents (guid, docFormat, author, dateModified, description, url) VALUES ("d6753cec-40c6-4703-bf81-e58fdac6c023","html","null",null,"Patagonia sues to block Trump's reductions to Utah national monuments - NBC News","https://nbcnews.com/politics/donald-trump/patagonia-sues-block-trump-s-reductions-utah-national-monuments-n827311");
INSERT INTO Documents (guid, docFormat, author, dateModified, description, url) VALUES ("f2a94772-7634-4fa6-afbf-072880d3f7d6","html","null",null,"Volkswagen manager jailed for 7 years in diesel scam - NBC News","https://nbcnews.com/business/autos/volkswagen-manager-jailed-7-years-diesel-scam-n827286");
INSERT INTO Documents (guid, docFormat, author, dateModified, description, url) VALUES ("f9166c0c-09c0-449e-8f26-f7a26e1a3d29","html","null",null,"Time's person of the year is 'The Silence Breakers' of #MeToo movement - NBC News","https://nbcnews.com/storyline/sexual-misconduct/time-s-person-year-silence-breakers-metoo-movement-n826936");
INSERT INTO Documents (guid, docFormat, author, dateModified, description, url) VALUES ("483fd32f-608b-45ba-815e-3f9e028dd293","html","null",null,"First Read: Today's Political News & Analysis - NBC News - NBC News","https://nbcnews.com/politics/first-read");
INSERT INTO Documents (guid, docFormat, author, dateModified, description, url) VALUES ("fb2843c9-5227-448a-b63b-c1aaa7b40e0d","html","null",null,"Johnny Hallyday, singer known as the 'French Elvis,' dies at 74 - NBC News","https://nbcnews.com/pop-culture/music/johnny-hallyday-singer-known-french-elvis-dies-74-n826886");
INSERT INTO Documents (guid, docFormat, author, dateModified, description, url) VALUES ("be506fcb-6d31-4536-8ef2-59599ae03826","html","null",null,"U.S. News: Breaking News Photos, & Videos on the United States - NBC News","https://nbcnews.com/news/us-news");
INSERT INTO Documents (guid, docFormat, author, dateModified, description, url) VALUES ("33999be3-0482-45f4-932d-5f7b55e7e893","html","null",null,"Bitcoin pays for entire wedding as its price soars past $16,000 - NBC News","https://nbcnews.com/tech/innovation/bitcoin-pays-entire-wedding-its-price-soars-past-16-000-n826776");
INSERT INTO Documents (guid, docFormat, author, dateModified, description, url) VALUES ("d5378ce2-e12e-4940-bb28-42afb1431e1f","html","null",null,"Congress News: U.S. Senate & House of Representatives News - NBC News - NBC News","https://nbcnews.com/politics/congress");
INSERT INTO Documents (guid, docFormat, author, dateModified, description, url) VALUES ("5b825aa9-05c6-4262-9bd0-7f1ffb546f63","html","null",null,"Ex-police officer who killed Walter Scott gets 20 years - NBC News","https://nbcnews.com/nightly-news/video/ex-police-officer-who-killed-walter-scott-gets-20-years-1111903299920");
INSERT INTO Documents (guid, docFormat, author, dateModified, description, url) VALUES ("a6f11eef-7861-4afc-bc92-00f5adc7d388","html","null",null,"Saudi Arabia hosts first concert by female performer in country's history - NBC News","https://nbcnews.com/news/world/saudi-arabia-hosts-first-concert-female-performer-country-s-history-n827306");
INSERT INTO Documents (guid, docFormat, author, dateModified, description, url) VALUES ("bcfcba72-8142-4c2c-940b-47b5b2ed7b23","html","null",null,"Meet the Press: Inside Takes on the Latest Stories with Chuck Todd - NBC News","https://nbcnews.com/meet-the-press");
INSERT INTO Documents (guid, docFormat, author, dateModified, description, url) VALUES ("7e6d37df-248d-4675-a2bc-43d7ba1ec587","html","null",null,"Women's Health News: Breast Cancer, Fertility, Weight Loss & More - NBC News - NBC News","https://nbcnews.com/health/womens-health");
INSERT INTO Documents (guid, docFormat, author, dateModified, description, url) VALUES ("7bd89bc8-4a66-4fe9-bac5-91f4b81b7238","html","null",null,"World News: Latest Breaking Global News Stories, Photos & Videos - NBC News","https://nbcnews.com/news/world");
INSERT INTO Documents (guid, docFormat, author, dateModified, description, url) VALUES ("a6cd263e-01cd-418c-89fa-4592e128cb15","html","null",null,"U.S. News: Breaking News Photos, & Videos on the United States - NBC News","https://nbcnews.com/news/us-news");
INSERT INTO Documents (guid, docFormat, author, dateModified, description, url) VALUES ("88773c43-798b-4038-93a8-0700db7bf39b","html","null",null,"Health News: Latest Stories on Medicine, Diet & Fitness, Diseases & More - NBC News","https://nbcnews.com/health/health-news");
INSERT INTO Documents (guid, docFormat, author, dateModified, description, url) VALUES ("fadb0061-c913-4412-9c5a-1f5288943013","html","null",null,"Saudi Arabia hosts first concert by female performer in country's history - NBC News","https://nbcnews.com/news/world/saudi-arabia-hosts-first-concert-female-performer-country-s-history-n827306");
INSERT INTO Documents (guid, docFormat, author, dateModified, description, url) VALUES ("26aa5c32-f890-4ab6-b162-263297ba59b3","html","null",null,"Volkswagen manager jailed for 7 years in diesel scam - NBC News","https://nbcnews.com/business/autos/volkswagen-manager-jailed-7-years-diesel-scam-n827286");
INSERT INTO Documents (guid, docFormat, author, dateModified, description, url) VALUES ("a6531eb0-ac89-4743-a953-b9212f082481","html","null",null,"Brexit is engulfed in chaos as 'perfect storm' threatens U.K. government - NBC News","https://nbcnews.com/storyline/brexit-referendum/brexit-engulfed-chaos-perfect-storm-threatens-u-k-government-n826941");
INSERT INTO Documents (guid, docFormat, author, dateModified, description, url) VALUES ("f3686248-ae0b-4225-96a6-89f0a4267c8b","html","null",null,"Flagship tech conference CES faces backlash for all-male keynote speaker lineup - NBC News","https://nbcnews.com/tech/tech-news/flagship-tech-conference-ces-faces-backlash-all-male-keynote-speaker-n827191");
INSERT INTO Documents (guid, docFormat, author, dateModified, description, url) VALUES ("517fb8b4-aad7-4eab-a3e9-2e4296a5bd84","html","null",null,"Ex-police officer who killed Walter Scott gets 20 years - NBC News","https://nbcnews.com/nightly-news/video/ex-police-officer-who-killed-walter-scott-gets-20-years-1111903299920");
INSERT INTO Documents (guid, docFormat, author, dateModified, description, url) VALUES ("491bf55a-9e58-4425-8b9c-9a69fbe8059c","html","null",null,"Health News: Latest Stories on Medicine, Diet & Fitness, Diseases & More - NBC News","https://nbcnews.com/health/health-news");
INSERT INTO Documents (guid, docFormat, author, dateModified, description, url) VALUES ("93f83974-b326-453f-8bb9-b3e995ab31f0","html","null",null,"U.S. News: Breaking News Photos, & Videos on the United States - NBC News","https://nbcnews.com/news/us-news");
INSERT INTO Documents (guid, docFormat, author, dateModified, description, url) VALUES ("2afdff14-edf4-4b7e-8d2e-7310460f62d6","html","null",null,"Health News: Latest Stories on Medicine, Diet & Fitness, Diseases & More - NBC News","https://nbcnews.com/health/health-news");
INSERT INTO Documents (guid, docFormat, author, dateModified, description, url) VALUES ("3ad698ff-5198-4ea0-9bf0-a14ce76ddb37","html","null",null,"Unrest erupts in Mideast after Trump's Jerusalem decision - NBC News","https://nbcnews.com/nightly-news/video/unrest-erupts-in-mideast-after-trump-s-jerusalem-decision-1111903299941");
INSERT INTO Documents (guid, docFormat, author, dateModified, description, url) VALUES ("bb1c5e1f-eb76-42eb-b931-6f9a3bc1aff4","html","null",null,"Flagship tech conference CES faces backlash for all-male keynote speaker lineup - NBC News","https://nbcnews.com/tech/tech-news/flagship-tech-conference-ces-faces-backlash-all-male-keynote-speaker-n827191");
INSERT INTO Documents (guid, docFormat, author, dateModified, description, url) VALUES ("4f04c3ae-d3f0-47c0-82b6-14f2c9b07a42","html","null",null,"World News: Latest Breaking Global News Stories, Photos & Videos - NBC News","https://nbcnews.com/news/world");
INSERT INTO Documents (guid, docFormat, author, dateModified, description, url) VALUES ("e64fe587-317e-4e17-a355-7dd9d5ee834e","html","null",null,"Prosecutors: Manafort wrote op-ed with man linked to Russian intelligence - NBC News","https://nbcnews.com/news/us-news/prosecutors-manafort-wrote-op-ed-man-linked-russian-intelligence-n826446");
INSERT INTO Documents (guid, docFormat, author, dateModified, description, url) VALUES ("5f2c53dc-8265-47f9-86b6-5761334a491b","html","null",null,"Congress News: U.S. Senate & House of Representatives News - NBC News - NBC News","https://nbcnews.com/politics/congress");
INSERT INTO Documents (guid, docFormat, author, dateModified, description, url) VALUES ("20cb3af0-7562-48ba-a33f-0357088f4f64","html","null",null,"World News: Latest Breaking Global News Stories, Photos & Videos - NBC News","https://nbcnews.com/news/world");
INSERT INTO Documents (guid, docFormat, author, dateModified, description, url) VALUES ("baea705d-b644-4e76-9abb-fd3eab59aa51","html","null",null,"Las Vegas Shooting: 58 People Killed, Almost 500 Hurt Near Mandalay Bay - NBC News","https://nbcnews.com/storyline/las-vegas-shooting");
INSERT INTO Documents (guid, docFormat, author, dateModified, description, url) VALUES ("aa2d9db6-ec72-46af-92c6-cfd4750fff9a","html","null",null,"Turkish gold trader Reza Zarrab accused of raping NYC cellmate - NBC News","https://nbcnews.com/news/us-news/turkish-gold-trader-reza-zarrab-accused-raping-nyc-cellmate-n827466");
INSERT INTO Documents (guid, docFormat, author, dateModified, description, url) VALUES ("9127778b-d97e-4a4e-8131-10176fca4eaf","html","null",null,"MSNBC's Velshi & Ruhle - NBC News","https://nbcnews.com/business/velshi-ruhle");
INSERT INTO Documents (guid, docFormat, author, dateModified, description, url) VALUES ("3188e8ae-5d22-4835-a795-5817bcc3171d","html","null",null,"Department of Justice News & DOJ Updates - NBC News - NBC News","https://nbcnews.com/politics/justice-department");
INSERT INTO Documents (guid, docFormat, author, dateModified, description, url) VALUES ("22ebc83d-30cd-4a16-b3df-f98c0f23a31a","html","null",null,"Iran-sponsored hackers have targeted Israel, Saudis, Turkey since 2014 - NBC News","https://nbcnews.com/news/world/iran-sponsored-hackers-have-targeted-israel-saudis-turkey-2014-n827351");
INSERT INTO Documents (guid, docFormat, author, dateModified, description, url) VALUES ("4894e8a3-c12a-40d5-90a5-f2459519ac80","html","null",null,"Australian Parliament approves same-sex marriage","https://nbcnews.com/feature/nbc-out/australian-parliament-approves-same-sex-marriage-n827281");
INSERT INTO Documents (guid, docFormat, author, dateModified, description, url) VALUES ("ed013218-5697-4c36-b1b9-dc943d02c789","html","null",null,"Parents of Tampa shooting suspect Howell Donaldson ordered to talk - NBC News","https://nbcnews.com/news/us-news/parents-tampa-shooting-suspect-howell-donaldson-ordered-talk-n827381");
INSERT INTO Documents (guid, docFormat, author, dateModified, description, url) VALUES ("be5a9c77-e409-4d69-8fe3-408ac7fb5d48","html","null",null,"Analysis: Masterpiece Cakeshop case could have 'tremendous implications'","https://nbcnews.com/feature/nbc-out/analysis-masterpiece-cakeshop-case-could-have-tremendous-implications-n826951");
INSERT INTO Documents (guid, docFormat, author, dateModified, description, url) VALUES ("c9a40302-68be-4100-bbda-291efbeaf01e","html","null",null,"Meet the couple behind the Masterpiece Cakeshop Supreme Court case","https://nbcnews.com/feature/nbc-out/meet-couple-behind-masterpiece-cakeshop-supreme-court-case-n826976");
INSERT INTO Documents (guid, docFormat, author, dateModified, description, url) VALUES ("1529b7a6-ec82-472e-b1b6-a775c5d94a47","html","null",null,"FBI head seems to confirm Russia probes have asked for wiretap warrants - NBC News","https://nbcnews.com/news/us-news/fbi-head-seems-confirm-russia-probes-have-asked-wiretap-warrants-n827421");
INSERT INTO Documents (guid, docFormat, author, dateModified, description, url) VALUES ("ccc04bf2-9146-4497-a7af-c815387cf155","html","null",null,"L.A. to become largest U.S. city with legal recreational marijuana - NBC News","https://nbcnews.com/news/us-news/l-become-largest-u-s-city-legal-recreational-marijuana-n827196");
INSERT INTO Documents (guid, docFormat, author, dateModified, description, url) VALUES ("90bef652-7ddd-48d7-8b32-6beb2253391e","html","null",null,"Parents of Tampa shooting suspect Howell Donaldson ordered to talk - NBC News","https://nbcnews.com/news/us-news/parents-tampa-shooting-suspect-howell-donaldson-ordered-talk-n827381");
INSERT INTO Documents (guid, docFormat, author, dateModified, description, url) VALUES ("72b5c264-7b02-4599-ae58-1d6d187ddfdd","html","null",null,"Analysis: Masterpiece Cakeshop case could have 'tremendous implications'","https://nbcnews.com/feature/nbc-out/analysis-masterpiece-cakeshop-case-could-have-tremendous-implications-n826951");
INSERT INTO Documents (guid, docFormat, author, dateModified, description, url) VALUES ("d0610432-b690-454d-af38-b5da8fbdd0cf","html","null",null,"Men's Health News: Prostate Cancer, Sexual Health, Weight Loss & More - NBC News - NBC News","https://nbcnews.com/health/mens-health");
INSERT INTO Documents (guid, docFormat, author, dateModified, description, url) VALUES ("fddf4e29-ea5c-419c-9cc7-89fb3d15db0d","html","null",null,"Rep. Maxine Waters to LGBTQ community: 'I will be with you in the fights ahead'","https://nbcnews.com/feature/nbc-out/rep-maxine-waters-lgbtq-community-i-will-be-you-fights-n827376");
INSERT INTO Documents (guid, docFormat, author, dateModified, description, url) VALUES ("4a1e478b-a620-419d-94da-e31874cb1a73","html","null",null,"Pop Culture: Entertainment News and Celebrity Stories, Photos & Videos - NBC News","https://nbcnews.com/pop-culture");
INSERT INTO Documents (guid, docFormat, author, dateModified, description, url) VALUES ("c15bbd56-81da-40c1-a88c-89661a8cc67c","html","null",null,"Kim Davis turned him away. Now he's running to unseat her. ","https://nbcnews.com/feature/nbc-out/kim-davis-turned-him-away-now-he-s-running-unseat-n826766");
INSERT INTO Documents (guid, docFormat, author, dateModified, description, url) VALUES ("0e3dc962-ced6-4a4d-b6c7-928e089ac496","html","null",null,"FBI head seems to confirm Russia probes have asked for wiretap warrants - NBC News","https://nbcnews.com/news/us-news/fbi-head-seems-confirm-russia-probes-have-asked-wiretap-warrants-n827421");
INSERT INTO Documents (guid, docFormat, author, dateModified, description, url) VALUES ("69e9859b-39c9-4efc-ae9d-e065a1739cbd","html","null",null,"Whistleblower: Flynn told ex-partner Russia sanctions would be ripped up - NBC News","https://nbcnews.com/news/us-news/whistleblower-flynn-told-ex-partner-russia-sanctions-would-be-ripped-n827031");
INSERT INTO Documents (guid, docFormat, author, dateModified, description, url) VALUES ("777e6b1c-4b0e-484f-98ab-939a7772822e","html","null",null,"Health News: Latest Stories on Medicine, Diet & Fitness, Diseases & More - NBC News","https://nbcnews.com/health/health-news");
INSERT INTO Documents (guid, docFormat, author, dateModified, description, url) VALUES ("a748f59e-4574-4239-b49e-e77f5f290881","html","null",null,"Volkswagen manager jailed for 7 years in diesel scam - NBC News","https://nbcnews.com/business/autos/volkswagen-manager-jailed-7-years-diesel-scam-n827286");
INSERT INTO Documents (guid, docFormat, author, dateModified, description, url) VALUES ("2eca9339-18ce-4bc4-8d29-227bb20a4329","html","null",null,"Lawmaker proposes during Australian same-sex marriage debate","https://nbcnews.com/feature/nbc-out/lawmaker-proposes-during-australian-same-sex-marriage-debate-n826226");
INSERT INTO Documents (guid, docFormat, author, dateModified, description, url) VALUES ("667b1d8c-bc15-473f-a8a5-15f4fb30ce93","html","null",null,"Unrest erupts in Mideast after Trump's Jerusalem decision - NBC News","https://nbcnews.com/nightly-news/video/unrest-erupts-in-mideast-after-trump-s-jerusalem-decision-1111903299941");
INSERT INTO Documents (guid, docFormat, author, dateModified, description, url) VALUES ("325c9e73-9fb1-47f8-9a1f-261413248f99","html","null",null,"Diet & Fitness - NBC News","https://nbcnews.com/health/diet-fitness");
INSERT INTO Documents (guid, docFormat, author, dateModified, description, url) VALUES ("62b716e4-734b-4ed6-8a08-ac6022f33f58","html","null",null,"Nightly News with Lester Holt: The Latest News Stories Every Night - NBC News","https://nbcnews.com/nightly-news");
INSERT INTO Documents (guid, docFormat, author, dateModified, description, url) VALUES ("152b7f58-4237-4b46-a91a-d9f7d9897b2a","html","null",null,"Analysis: Masterpiece Cakeshop case could have 'tremendous implications'","https://nbcnews.com/feature/nbc-out/analysis-masterpiece-cakeshop-case-could-have-tremendous-implications-n826951");
INSERT INTO Documents (guid, docFormat, author, dateModified, description, url) VALUES ("c13788c9-b0ca-441e-b385-18064f146907","html","null",null,"Rep. Maxine Waters to LGBTQ community: 'I will be with you in the fights ahead'","https://nbcnews.com/feature/nbc-out/rep-maxine-waters-lgbtq-community-i-will-be-you-fights-n827376");
INSERT INTO Documents (guid, docFormat, author, dateModified, description, url) VALUES ("324d4553-84c5-48c7-abf8-07e7505dac6e","html","null",null,"Apollo 17 photos spotlight last moonwalkers ","https://nbcnews.com/mach/science/apollo-17-photos-spotlight-man-s-last-trip-moon-ncsl757846");
INSERT INTO Documents (guid, docFormat, author, dateModified, description, url) VALUES ("935cb191-ef35-4c23-ac9b-a45e47f722fa","html","null",null,"Brexit is engulfed in chaos as 'perfect storm' threatens U.K. government - NBC News","https://nbcnews.com/storyline/brexit-referendum/brexit-engulfed-chaos-perfect-storm-threatens-u-k-government-n826941");
INSERT INTO Documents (guid, docFormat, author, dateModified, description, url) VALUES ("6fcf3672-21d6-4cc7-b4b2-3b434bb46cdd","html","null",null,"L.A. to become largest U.S. city with legal recreational marijuana - NBC News","https://nbcnews.com/news/us-news/l-become-largest-u-s-city-legal-recreational-marijuana-n827196");
INSERT INTO Documents (guid, docFormat, author, dateModified, description, url) VALUES ("09f5c363-3692-4ab3-b6a3-85f80abb4c74","html","null",null,"Only supermoon of 2017 lights up the world's best-known landmarks","https://nbcnews.com/mach/science/brightest-supermoon-2017-lights-night-sky-ncsl826186");
INSERT INTO Documents (guid, docFormat, author, dateModified, description, url) VALUES ("c9e8e480-51e7-4c78-a9e4-a377aef88c68","html","null",null,"Austria's supreme court paves way for same-sex marriage","https://nbcnews.com/feature/nbc-out/austria-s-supreme-court-paves-way-same-sex-marriage-n826676");
INSERT INTO Documents (guid, docFormat, author, dateModified, description, url) VALUES ("74899855-de7b-45ad-977e-c6fa5470ece5","html","null",null,"Gymnast McKayla Maroney plunged into 'emotional abyss' by abuse - NBC News","https://nbcnews.com/news/us-news/gymnast-mckayla-maroney-plunged-emotional-abyss-abuse-n827181");
INSERT INTO Documents (guid, docFormat, author, dateModified, description, url) VALUES ("eca518e7-7f6c-4a0f-a532-b52ef9ba96e7","html","null",null,"Health News: Latest Stories on Medicine, Diet & Fitness, Diseases & More - NBC News","https://nbcnews.com/health/health-news");
INSERT INTO Documents (guid, docFormat, author, dateModified, description, url) VALUES ("8adcce00-4b99-4bad-865a-6ee8054cbe19","html","null",null,"NBC News - Home | Facebook","https://www.facebook.com/NBCNews");
INSERT INTO Documents (guid, docFormat, author, dateModified, description, url) VALUES ("5352c65c-c883-44aa-8dca-10d3aa3a8591","html","null",null,"Rep. Maxine Waters to LGBTQ community: 'I will be with you in the fights ahead'","https://nbcnews.com/feature/nbc-out/rep-maxine-waters-lgbtq-community-i-will-be-you-fights-n827376");
INSERT INTO Documents (guid, docFormat, author, dateModified, description, url) VALUES ("50a9c4b3-6498-4869-a93f-ca081e5c2f54","html","null",null,"Iran-sponsored hackers have targeted Israel, Saudis, Turkey since 2014 - NBC News","https://nbcnews.com/news/world/iran-sponsored-hackers-have-targeted-israel-saudis-turkey-2014-n827351");
INSERT INTO Documents (guid, docFormat, author, dateModified, description, url) VALUES ("084f7f80-1637-47b4-b8ea-bc28714bed33","html","null",null,"Kim Davis turned him away. Now he's running to unseat her. ","https://nbcnews.com/feature/nbc-out/kim-davis-turned-him-away-now-he-s-running-unseat-n826766");
INSERT INTO Documents (guid, docFormat, author, dateModified, description, url) VALUES ("c4bdf802-500e-4270-9b6f-73262b4e3821","html","null",null,"FBI head seems to confirm Russia probes have asked for wiretap warrants - NBC News","https://nbcnews.com/news/us-news/fbi-head-seems-confirm-russia-probes-have-asked-wiretap-warrants-n827421");
INSERT INTO Documents (guid, docFormat, author, dateModified, description, url) VALUES ("c8cedf6a-024c-44e3-aa48-f52e727d916b","html","null",null,"Meet the couple behind the Masterpiece Cakeshop Supreme Court case","https://nbcnews.com/feature/nbc-out/meet-couple-behind-masterpiece-cakeshop-supreme-court-case-n826976");
INSERT INTO Documents (guid, docFormat, author, dateModified, description, url) VALUES ("8f0b9f55-f6f8-42d5-afce-a63d56290d65","html","null",null,"In Honduras, a tense time as elections put democracy through the test","https://nbcnews.com/news/latino/honduras-tense-time-elections-put-democracy-through-test-n827426");
INSERT INTO Documents (guid, docFormat, author, dateModified, description, url) VALUES ("7d717f68-cb61-4b7a-bfa2-a00042fbc059","html","null",null,"Gloria Estefan becomes first Cuban-American to win prestigious Kennedy Center Honor award","https://nbcnews.com/news/latino/gloria-estefan-becomes-first-cuban-american-win-prestigious-kennedy-center-n826276");
INSERT INTO Documents (guid, docFormat, author, dateModified, description, url) VALUES ("d79ef571-bdb8-4060-bbf6-e5cb282c2797","html","null",null,"Gymnast McKayla Maroney plunged into 'emotional abyss' by abuse - NBC News","https://nbcnews.com/news/us-news/gymnast-mckayla-maroney-plunged-emotional-abyss-abuse-n827181");
INSERT INTO Documents (guid, docFormat, author, dateModified, description, url) VALUES ("33b920da-9ec6-4bbf-9d12-a95e83b9a320","html","null",null,"Mental Health: Mental Health Studies, News & More - NBC News  - NBC News","https://nbcnews.com/health/mental-health");
INSERT INTO Documents (guid, docFormat, author, dateModified, description, url) VALUES ("b244baf9-d161-453c-917e-afebcc2512ad","html","null",null,"Congress News: U.S. Senate & House of Representatives News - NBC News - NBC News","https://nbcnews.com/politics/congress");
INSERT INTO Documents (guid, docFormat, author, dateModified, description, url) VALUES ("25a66137-c822-4029-a443-85e55355d134","html","null",null,"Unrest erupts in Mideast after Trump's Jerusalem decision - NBC News","https://nbcnews.com/nightly-news/video/unrest-erupts-in-mideast-after-trump-s-jerusalem-decision-1111903299941");
INSERT INTO Documents (guid, docFormat, author, dateModified, description, url) VALUES ("e2ae696d-a5b4-4ebc-8250-fa023135c8ec","html","null",null,"White House: Government News, Videos & Updates - NBC News - NBC News","https://nbcnews.com/politics/white-house");
INSERT INTO Documents (guid, docFormat, author, dateModified, description, url) VALUES ("41e9d250-37b8-46d5-9d38-497efb016295","html","null",null,"Viral: The Latest Viral News and Videos - NBC News - NBC News","https://nbcnews.com/pop-culture/viral");
INSERT INTO Documents (guid, docFormat, author, dateModified, description, url) VALUES ("86bd38af-4f4d-4c4b-8757-0aed7686ad8a","html","null",null,"Prosecutors: Manafort wrote op-ed with man linked to Russian intelligence - NBC News","https://nbcnews.com/news/us-news/prosecutors-manafort-wrote-op-ed-man-linked-russian-intelligence-n826446");
INSERT INTO Documents (guid, docFormat, author, dateModified, description, url) VALUES ("73c7579e-3fa5-4e5c-b8da-9766b6178aeb","html","null",null,"National Security: Homeland Security News, Videos & Updates - NBC News - NBC News","https://nbcnews.com/politics/national-security");
INSERT INTO Documents (guid, docFormat, author, dateModified, description, url) VALUES ("320c1547-e985-43b6-b2bb-deaa33d3c6b9","html","null",null,"Gymnast McKayla Maroney plunged into 'emotional abyss' by abuse - NBC News","https://nbcnews.com/news/us-news/gymnast-mckayla-maroney-plunged-emotional-abyss-abuse-n827181");
INSERT INTO Documents (guid, docFormat, author, dateModified, description, url) VALUES ("48d32822-f8ab-4c4b-987a-67413d2dd556","html","null",null,"White House: Government News, Videos & Updates - NBC News - NBC News","https://nbcnews.com/politics/white-house");
INSERT INTO Documents (guid, docFormat, author, dateModified, description, url) VALUES ("104f38b3-f2c9-4271-9277-57e66fea2db3","html","null",null,"Iran-sponsored hackers have targeted Israel, Saudis, Turkey since 2014 - NBC News","https://nbcnews.com/news/world/iran-sponsored-hackers-have-targeted-israel-saudis-turkey-2014-n827351");
INSERT INTO Documents (guid, docFormat, author, dateModified, description, url) VALUES ("84290697-1c29-4687-8962-646aae90c396","html","null",null,"Analysis: Masterpiece Cakeshop case could have 'tremendous implications'","https://nbcnews.com/feature/nbc-out/analysis-masterpiece-cakeshop-case-could-have-tremendous-implications-n826951");
INSERT INTO Documents (guid, docFormat, author, dateModified, description, url) VALUES ("f4d2f9ef-f2cd-4f7c-86a2-cf00c253a7d6","html","null",null,"Pennsylvania lawmaker scolds male colleague during meeting: 'I'm a heterosexual' - NBC News","https://nbcnews.com/politics/politics-news/pennsylvania-lawmaker-scolds-male-colleague-during-meeting-i-m-heterosexual-n826981");
INSERT INTO Documents (guid, docFormat, author, dateModified, description, url) VALUES ("c2772046-da42-43f3-a0fe-a2909a198ba6","html","null",null,"Beyonce presents Colin Kaepernick with Sports Illustrated Muhammad Ali Legacy Award - NBC News","https://nbcnews.com/video/beyonce-presents-colin-kaepernick-with-sports-illustrated-muhammad-ali-legacy-award-1111136835576");
INSERT INTO Documents (guid, docFormat, author, dateModified, description, url) VALUES ("a3468714-c59a-47ca-960d-15b9a4cbf9c8","html","null",null,"Gloria Estefan becomes first Cuban-American to win prestigious Kennedy Center Honor award","https://nbcnews.com/news/latino/gloria-estefan-becomes-first-cuban-american-win-prestigious-kennedy-center-n826276");
INSERT INTO Documents (guid, docFormat, author, dateModified, description, url) VALUES ("18afbdde-83df-4bef-bdfb-487aac3f4da5","html","null",null,"John Conyers III arrested but not prosecuted in domestic abuse case - NBC News","https://nbcnews.com/news/us-news/john-conyers-iii-was-arrested-domestic-abuse-not-prosecuted-n827151");
INSERT INTO Documents (guid, docFormat, author, dateModified, description, url) VALUES ("3f4aa9f1-b70e-4052-912c-805a8379c4e8","html","null",null,"Beyonce presents Colin Kaepernick with Sports Illustrated Muhammad Ali Legacy Award - NBC News","https://nbcnews.com/video/beyonce-presents-colin-kaepernick-with-sports-illustrated-muhammad-ali-legacy-award-1111136835576");
INSERT INTO Documents (guid, docFormat, author, dateModified, description, url) VALUES ("b7449ae8-1361-4266-b1dc-e31e1470a528","html","null",null,"Austria's supreme court paves way for same-sex marriage","https://nbcnews.com/feature/nbc-out/austria-s-supreme-court-paves-way-same-sex-marriage-n826676");
INSERT INTO Documents (guid, docFormat, author, dateModified, description, url) VALUES ("3a6a84da-7acf-4b96-b474-8141d142e615","html","null",null,"Iran-sponsored hackers have targeted Israel, Saudis, Turkey since 2014 - NBC News","https://nbcnews.com/news/world/iran-sponsored-hackers-have-targeted-israel-saudis-turkey-2014-n827351");
INSERT INTO Documents (guid, docFormat, author, dateModified, description, url) VALUES ("750357fb-24de-42a0-a53c-1789309f23a6","html","null",null,"Beyonce presents Colin Kaepernick with Sports Illustrated Muhammad Ali Legacy Award - NBC News","https://nbcnews.com/video/beyonce-presents-colin-kaepernick-with-sports-illustrated-muhammad-ali-legacy-award-1111136835576");
INSERT INTO Documents (guid, docFormat, author, dateModified, description, url) VALUES ("74277daf-d080-45c0-937c-356b293d5a25","html","null",null,"John Conyers III arrested but not prosecuted in domestic abuse case - NBC News","https://nbcnews.com/news/us-news/john-conyers-iii-was-arrested-domestic-abuse-not-prosecuted-n827151");
INSERT INTO Documents (guid, docFormat, author, dateModified, description, url) VALUES ("79ddd3b9-02a0-4189-848a-1573ecb4a576","html","null",null,"White House: Government News, Videos & Updates - NBC News - NBC News","https://nbcnews.com/politics/white-house");
INSERT INTO Documents (guid, docFormat, author, dateModified, description, url) VALUES ("5dbc8a24-d2de-4a93-99f8-053d9c5df24d","html","null",null,"Nightly News with Lester Holt: The Latest News Stories Every Night - NBC News","https://nbcnews.com/nightly-news");
INSERT INTO Documents (guid, docFormat, author, dateModified, description, url) VALUES ("9df9c9c9-f9df-4634-af86-2b21f2a31f09","html","null",null,"Nightly News with Lester Holt: The Latest News Stories Every Night - NBC News","https://nbcnews.com/nightly-news");
INSERT INTO Documents (guid, docFormat, author, dateModified, description, url) VALUES ("f514d8cc-9372-450d-bada-60c354f6e892","html","null",null,"ICE deportation arrests soar under Trump administration, drop in border arrests","https://nbcnews.com/news/latino/ice-deportation-arrests-soar-under-trump-administration-drop-border-arrests-n826596");
INSERT INTO Documents (guid, docFormat, author, dateModified, description, url) VALUES ("73c3e019-cf74-4eaa-99a5-37fd027ccfdf","html","null",null,"World News: Latest Breaking Global News Stories, Photos & Videos - NBC News","https://nbcnews.com/news/world");
INSERT INTO Documents (guid, docFormat, author, dateModified, description, url) VALUES ("72fd9f2d-dda6-4f12-9b55-d09af3e830de","html","null",null,"Nightly News with Lester Holt: The Latest News Stories Every Night - NBC News","https://nbcnews.com/nightly-news");
INSERT INTO Documents (guid, docFormat, author, dateModified, description, url) VALUES ("492662c0-49d9-4929-b330-b3afb4cb314d","html","null",null,"World News: Latest Breaking Global News Stories, Photos & Videos - NBC News","https://nbcnews.com/news/world");
INSERT INTO Documents (guid, docFormat, author, dateModified, description, url) VALUES ("1814170f-cdba-4a2a-929c-9adf90b79891","html","null",null,"Auto: News & Reports on the Auto Industry - NBC News","https://nbcnews.com/business/autos");
INSERT INTO Documents (guid, docFormat, author, dateModified, description, url) VALUES ("455b0d8b-5661-4e39-9e2b-e5041991ae07","html","null",null,"Gymnast McKayla Maroney plunged into 'emotional abyss' by abuse - NBC News","https://nbcnews.com/news/us-news/gymnast-mckayla-maroney-plunged-emotional-abyss-abuse-n827181");
INSERT INTO Documents (guid, docFormat, author, dateModified, description, url) VALUES ("61d88c6c-7d8e-40a7-b0c9-cae419944a81","html","null",null,"Investigations: U.S. & World News Investigations - NBC News","https://nbcnews.com/news/investigations");
INSERT INTO Documents (guid, docFormat, author, dateModified, description, url) VALUES ("ffbe6012-ac9b-4834-ab79-b42a0af74bc2","html","null",null,"Looking for college scholarships? Here's some advice for Latino students","https://nbcnews.com/news/latino/academic-counselors-scholarship-databases-advise-latino-students-scholarship-search-n825686");
INSERT INTO Documents (guid, docFormat, author, dateModified, description, url) VALUES ("3c9ced86-929c-43aa-81d7-d5d2a0e9a176","html","null",null,"Gold trader Reza Zarrab says he paid $45,000 bribe to U.S. prison guard - NBC News","https://nbcnews.com/news/us-news/turkey-puts-squeeze-u-s-witness-who-implicated-erdogan-n826586");
INSERT INTO Documents (guid, docFormat, author, dateModified, description, url) VALUES ("b12cb420-0455-4e4b-94d9-d9f2b1fb5f5f","html","null",null,"Looking for college scholarships? Here's some advice for Latino students","https://nbcnews.com/news/latino/academic-counselors-scholarship-databases-advise-latino-students-scholarship-search-n825686");
INSERT INTO Documents (guid, docFormat, author, dateModified, description, url) VALUES ("08a55144-e7a1-464f-9bce-a32646c4044f","html","null",null,"Supreme Court stays out of Texas gay marriage battle - NBC News","https://nbcnews.com/politics/supreme-court/supreme-court-stays-out-texas-gay-marriage-battle-n826381");
INSERT INTO Documents (guid, docFormat, author, dateModified, description, url) VALUES ("bc4c1430-45c7-4fd9-b1e5-216059a763ef","html","null",null,"U.S. News: Breaking News Photos, & Videos on the United States - NBC News","https://nbcnews.com/news/us-news");
INSERT INTO Documents (guid, docFormat, author, dateModified, description, url) VALUES ("dc5a36b8-e228-434d-9c19-d171cf7086c8","html","null",null,"Pennsylvania lawmaker scolds male colleague during meeting: 'I'm a heterosexual' - NBC News","https://nbcnews.com/politics/politics-news/pennsylvania-lawmaker-scolds-male-colleague-during-meeting-i-m-heterosexual-n826981");
INSERT INTO Documents (guid, docFormat, author, dateModified, description, url) VALUES ("e6bf4aed-6386-450d-ae39-80596abd4457","html","null",null,"Music: The Latest Music News and Videos - NBC News - NBC News","https://nbcnews.com/pop-culture/music");
INSERT INTO Documents (guid, docFormat, author, dateModified, description, url) VALUES ("68a824e2-a2a9-4f92-9dd8-0638eab4833c","html","null",null,"Young Soprano Nadine Sierra is making history in the opera world","https://nbcnews.com/news/latino/young-soprano-nadine-sierra-making-history-opera-world-n827021");
INSERT INTO Documents (guid, docFormat, author, dateModified, description, url) VALUES ("5beff6c6-d67b-4ae5-9599-1c3017f28b89","html","null",null,"Nightly News with Lester Holt: The Latest News Stories Every Night - NBC News","https://nbcnews.com/nightly-news");
INSERT INTO Documents (guid, docFormat, author, dateModified, description, url) VALUES ("5e9862fd-ca31-4896-8646-7a80893a4696","html","null",null,"Young Soprano Nadine Sierra is making history in the opera world","https://nbcnews.com/news/latino/young-soprano-nadine-sierra-making-history-opera-world-n827021");
INSERT INTO Documents (guid, docFormat, author, dateModified, description, url) VALUES ("765c3ae0-a6db-44ee-b0f4-9d1b034de750","html","null",null,"Celebrity News: Stories, Photos & Videos on the Stars of Music, Movies & More - NBC News","https://nbcnews.com/pop-culture/celebrity");
INSERT INTO Documents (guid, docFormat, author, dateModified, description, url) VALUES ("3f7dac7d-2397-4616-9932-3b88119f8b4b","html","null",null,"Nightly News with Lester Holt: The Latest News Stories Every Night - NBC News","https://nbcnews.com/nightly-news");
INSERT INTO Documents (guid, docFormat, author, dateModified, description, url) VALUES ("a7d050e8-bf39-405c-ad96-fc02ef074d76","html","null",null,"Music: The Latest Music News and Videos - NBC News - NBC News","https://nbcnews.com/pop-culture/music");
INSERT INTO Documents (guid, docFormat, author, dateModified, description, url) VALUES ("319ed12b-f848-452d-b504-3bf54054a4ff","html","null",null,"Gold trader Reza Zarrab says he paid $45,000 bribe to U.S. prison guard - NBC News","https://nbcnews.com/news/us-news/turkey-puts-squeeze-u-s-witness-who-implicated-erdogan-n826586");
INSERT INTO Documents (guid, docFormat, author, dateModified, description, url) VALUES ("ba6cbcf9-039d-494d-8b99-5b79ed7a0715","html","null",null,"MSNBC's Your Business: Business Tips and Ideas - NBC News","https://nbcnews.com/business/your-business");
INSERT INTO Documents (guid, docFormat, author, dateModified, description, url) VALUES ("f9a2a3cc-df31-4b55-ab72-8a050b5321ce","html","null",null,"U.S. News: Breaking News Photos, & Videos on the United States - NBC News","https://nbcnews.com/news/us-news");
INSERT INTO Documents (guid, docFormat, author, dateModified, description, url) VALUES ("e9debdfe-aeef-4fd2-86c1-bcb121476f61","html","null",null,"Lawmaker proposes during Australian same-sex marriage debate","https://nbcnews.com/feature/nbc-out/lawmaker-proposes-during-australian-same-sex-marriage-debate-n826226");
INSERT INTO Documents (guid, docFormat, author, dateModified, description, url) VALUES ("305257e5-862a-49da-a5ec-1c965dbea3d1","html","null",null,"NBC Learn","https://www.nbclearn.com/portal/site/learn");
INSERT INTO Documents (guid, docFormat, author, dateModified, description, url) VALUES ("454d3b91-c3fb-4d25-8155-68ca670e363c","html","null",null,"ICE deportation arrests soar under Trump administration, drop in border arrests","https://nbcnews.com/news/latino/ice-deportation-arrests-soar-under-trump-administration-drop-border-arrests-n826596");
INSERT INTO Documents (guid, docFormat, author, dateModified, description, url) VALUES ("40fa2992-083a-4a2c-9e02-c366e5d9d930","html","null",null,"Donald Trump Jr. asked Russian lawyer for info on Clinton Foundation - NBC News","https://nbcnews.com/news/us-news/donald-trump-jr-asked-russian-lawyer-info-clinton-foundation-n826711");
INSERT INTO Documents (guid, docFormat, author, dateModified, description, url) VALUES ("6830ed0f-423b-4b2d-b3d8-560e04fd24a6","html","null",null,"Looking for college scholarships? Here's some advice for Latino students","https://nbcnews.com/news/latino/academic-counselors-scholarship-databases-advise-latino-students-scholarship-search-n825686");
INSERT INTO Documents (guid, docFormat, author, dateModified, description, url) VALUES ("754540a4-ddf1-4785-a000-89d402842dd9","html","null",null,"Unrest erupts in Mideast after Trump's Jerusalem decision - NBC News","https://nbcnews.com/nightly-news/video/unrest-erupts-in-mideast-after-trump-s-jerusalem-decision-1111903299941");
INSERT INTO Documents (guid, docFormat, author, dateModified, description, url) VALUES ("cab6f61d-2da6-4ecc-97c4-040242bddd93","html","null",null,"Rep. Judy Chu among those arrested in D.C. during Dream Act rally","https://nbcnews.com/news/asian-america/rep-judy-chu-arrested-thousands-rally-dream-act-n827236");
INSERT INTO Documents (guid, docFormat, author, dateModified, description, url) VALUES ("8e77b569-1a62-4839-9f0e-7825094c8d89","html","null",null,"Rep. Tony Cardenas' fundraising is boosting Latino clout in Democratic races","https://nbcnews.com/news/latino/rep-tony-cardenas-fundraising-boosting-latino-clout-democratic-races-n825301");
INSERT INTO Documents (guid, docFormat, author, dateModified, description, url) VALUES ("f9753c93-be48-4102-a6cb-eb153f78e418","html","null",null,"Steelers’ statement suggests Ryan Shazier suffered very serious injury – ProFootballTalk","http://profootballtalk.nbcsports.com/2017/12/07/steelers-statement-suggests-ryan-shazier-suffered-more-serious-injury-than-previously-thought/?cid=eref:nbcnews:text");
INSERT INTO Documents (guid, docFormat, author, dateModified, description, url) VALUES ("0eda870b-44a6-45be-bea6-3cc32604cd4c","html","null",null,"ICE deportation arrests soar under Trump administration, drop in border arrests","https://nbcnews.com/news/latino/ice-deportation-arrests-soar-under-trump-administration-drop-border-arrests-n826596");
INSERT INTO Documents (guid, docFormat, author, dateModified, description, url) VALUES ("7ef4e1f2-a76d-408a-a062-ffe21f7cc005","html","null",null,"Business and Finance News, Reports & Videos - NBC News","https://nbcnews.com/business");
INSERT INTO Documents (guid, docFormat, author, dateModified, description, url) VALUES ("2b37ecf4-fcac-463a-96af-3b6646abf490","html","null",null,"Pennsylvania lawmaker scolds male colleague during meeting: 'I'm a heterosexual' - NBC News","https://nbcnews.com/politics/politics-news/pennsylvania-lawmaker-scolds-male-colleague-during-meeting-i-m-heterosexual-n826981");
INSERT INTO Documents (guid, docFormat, author, dateModified, description, url) VALUES ("88cbd386-d17e-4c60-9d56-953677cb8725","html","null",null,"Supreme Court hears why baker refused to make a wedding cake for gay couple - NBC News","https://nbcnews.com/politics/supreme-court/supreme-court-hears-why-baker-refused-make-wedding-cake-gay-n826706");
INSERT INTO Documents (guid, docFormat, author, dateModified, description, url) VALUES ("31a38a19-9707-49d2-9b32-2e79dc3e0f3a","html","null",null,"Reports of crimes against Asians are rising in some cities. Police are working to figure out why.","https://nbcnews.com/news/asian-america/reports-crimes-against-asians-are-rising-some-cities-police-are-n827136");
INSERT INTO Documents (guid, docFormat, author, dateModified, description, url) VALUES ("41f34dc4-00d7-4396-b7b4-5fbe5e95ada6","html","null",null,"Rita Moreno slams Trump, rallies women entrepreneurs at Puerto Rico summit ","https://nbcnews.com/news/latino/rita-moreno-slams-trump-rallies-women-entrepreneurs-puerto-rico-summit-n825806");
INSERT INTO Documents (guid, docFormat, author, dateModified, description, url) VALUES ("734e4775-66b7-438d-ba59-7704596a611d","html","null",null,"Steelers’ statement suggests Ryan Shazier suffered very serious injury – ProFootballTalk","http://profootballtalk.nbcsports.com/2017/12/07/steelers-statement-suggests-ryan-shazier-suffered-more-serious-injury-than-previously-thought/?cid=eref:nbcnews:text");
INSERT INTO Documents (guid, docFormat, author, dateModified, description, url) VALUES ("6be799bf-7d42-4c35-8872-b2f569cbd968","html","null",null,"Whistleblower: Flynn told ex-partner Russia sanctions would be ripped up - NBC News","https://nbcnews.com/news/us-news/whistleblower-flynn-told-ex-partner-russia-sanctions-would-be-ripped-n827031");
INSERT INTO Documents (guid, docFormat, author, dateModified, description, url) VALUES ("e43eb94e-afb1-4557-a2f9-871c47d842ed","html","null",null,"'Do the right thing': Thousands rally in D.C. for Dream Act to protect young immigrants  ","https://nbcnews.com/news/latino/do-right-thing-thousands-rally-d-c-dream-act-protect-n827131");
INSERT INTO Documents (guid, docFormat, author, dateModified, description, url) VALUES ("545a4a81-6a1a-4540-a1ed-6030785fa3d8","html","null",null,"Rita Moreno slams Trump, rallies women entrepreneurs at Puerto Rico summit ","https://nbcnews.com/news/latino/rita-moreno-slams-trump-rallies-women-entrepreneurs-puerto-rico-summit-n825806");
INSERT INTO Documents (guid, docFormat, author, dateModified, description, url) VALUES ("d6b327ab-0b9a-4b3b-b493-4ae0897f7d02","html","null",null,"Pennsylvania lawmaker scolds male colleague during meeting: 'I'm a heterosexual' - NBC News","https://nbcnews.com/politics/politics-news/pennsylvania-lawmaker-scolds-male-colleague-during-meeting-i-m-heterosexual-n826981");
INSERT INTO Documents (guid, docFormat, author, dateModified, description, url) VALUES ("f7a83292-e1e3-4d16-a5dc-636f10d4e971","html","null",null,"Supreme Court stays out of Texas gay marriage battle - NBC News","https://nbcnews.com/politics/supreme-court/supreme-court-stays-out-texas-gay-marriage-battle-n826381");
INSERT INTO Documents (guid, docFormat, author, dateModified, description, url) VALUES ("2386f425-aaa8-44cd-92cb-cffc000bb5c4","html","null",null,"ICE deportation arrests soar under Trump administration, drop in border arrests","https://nbcnews.com/news/latino/ice-deportation-arrests-soar-under-trump-administration-drop-border-arrests-n826596");
INSERT INTO Documents (guid, docFormat, author, dateModified, description, url) VALUES ("02fc741c-3b0b-4651-82ed-8e8c23b6d31b","html","null",null,"TV News: The Latest Television News and Videos - NBC News - NBC News","https://nbcnews.com/pop-culture/tv");
INSERT INTO Documents (guid, docFormat, author, dateModified, description, url) VALUES ("c50f1356-e194-4986-bfb3-1382cea6e99e","html","null",null,"Rep. Tony Cardenas' fundraising is boosting Latino clout in Democratic races","https://nbcnews.com/news/latino/rep-tony-cardenas-fundraising-boosting-latino-clout-democratic-races-n825301");
INSERT INTO Documents (guid, docFormat, author, dateModified, description, url) VALUES ("c9a232be-5f13-476b-b4c3-7f419a8d2ffe","html","null",null,"Bullying drove 13-year-old Rosalie Avila to kill herself, parents say - NBC News","https://nbcnews.com/news/us-news/bullying-drove-13-year-old-rosalie-avila-kill-herself-parents-n826281");
INSERT INTO Documents (guid, docFormat, author, dateModified, description, url) VALUES ("2d3218ac-116e-4e83-8303-394e8c30f9ea","html","null",null,"'Do the right thing': Thousands rally in D.C. for Dream Act to protect young immigrants  ","https://nbcnews.com/news/latino/do-right-thing-thousands-rally-d-c-dream-act-protect-n827131");
INSERT INTO Documents (guid, docFormat, author, dateModified, description, url) VALUES ("eb2efcdf-d20b-461b-aa4d-c0dc6ffc73df","html","null",null,"'I miss everything': Ohio mom deported to Mexico yearns for her family   ","https://nbcnews.com/news/latino/i-miss-everything-ohio-mom-deported-mexico-yearns-her-kids-n824536");
INSERT INTO Documents (guid, docFormat, author, dateModified, description, url) VALUES ("5832e7db-501d-4ab0-8a8a-1a582a1c209c","html","null",null,"Rep. Judy Chu among those arrested in D.C. during Dream Act rally","https://nbcnews.com/news/asian-america/rep-judy-chu-arrested-thousands-rally-dream-act-n827236");
INSERT INTO Documents (guid, docFormat, author, dateModified, description, url) VALUES ("f5b0cab8-01b4-4c4d-9912-54515f662c26","html","null",null,"Movies: The Latest Film News and Videos - NBC News - NBC News","https://nbcnews.com/pop-culture/movies");
INSERT INTO Documents (guid, docFormat, author, dateModified, description, url) VALUES ("fb7ea9af-0359-4b45-94fd-e95c9d5c69e1","html","null",null,"'FYI Films' works to teach incarcerated youth how to tell their stories","https://nbcnews.com/news/asian-america/fyi-films-works-teach-incarcerated-youth-how-tell-their-stories-n825396");
INSERT INTO Documents (guid, docFormat, author, dateModified, description, url) VALUES ("7f954bcb-1c92-4672-a7d9-7ee797d69993","html","null",null,"Report finds U.S.-born Asian Americans report more discrimination than immigrants","https://nbcnews.com/news/asian-america/report-finds-u-s-born-asian-americans-report-more-discrimination-n827506");
INSERT INTO Documents (guid, docFormat, author, dateModified, description, url) VALUES ("1a7aed79-5d8f-49b0-a109-36bc867fcca6","html","null",null,"Al Franken resigns, but insists he did nothing wrong - NBC News","https://nbcnews.com/nightly-news/video/al-franken-resigns-but-insists-he-did-nothing-wrong-1111899203741");
INSERT INTO Documents (guid, docFormat, author, dateModified, description, url) VALUES ("74c3ddb0-4562-44d4-a20f-a6c2a0b523bf","html","null",null,"NBCBLK: Black Community News, Information, Culture & More - NBC News","https://nbcnews.com/news/nbcblk");
INSERT INTO Documents (guid, docFormat, author, dateModified, description, url) VALUES ("6b147364-d393-4852-a699-91fec035c577","html","null",null,"'I miss everything': Ohio mom deported to Mexico yearns for her family   ","https://nbcnews.com/news/latino/i-miss-everything-ohio-mom-deported-mexico-yearns-her-kids-n824536");
INSERT INTO Documents (guid, docFormat, author, dateModified, description, url) VALUES ("ca0eed15-e043-4243-99a3-fd2f3938d3f2","html","null",null,"Steelers’ statement suggests Ryan Shazier suffered very serious injury – ProFootballTalk","http://profootballtalk.nbcsports.com/2017/12/07/steelers-statement-suggests-ryan-shazier-suffered-more-serious-injury-than-previously-thought/?cid=eref:nbcnews:text");
INSERT INTO Documents (guid, docFormat, author, dateModified, description, url) VALUES ("01e119fc-0da1-4db4-9161-13fe8e6af1d6","html","null",null,"Donald Trump Jr. asked Russian lawyer for info on Clinton Foundation - NBC News","https://nbcnews.com/news/us-news/donald-trump-jr-asked-russian-lawyer-info-clinton-foundation-n826711");
INSERT INTO Documents (guid, docFormat, author, dateModified, description, url) VALUES ("95059bce-d417-4d36-abd5-497cfce90f6d","html","null",null,"U.S. News: Breaking News Photos, & Videos on the United States - NBC News","https://nbcnews.com/news/us-news");
INSERT INTO Documents (guid, docFormat, author, dateModified, description, url) VALUES ("abf26c85-917a-4f78-84a4-d08daf087e93","html","null",null,"Donald Trump - Latest News and Top Stories - NBC News","https://nbcnews.com/politics/donald-trump");
INSERT INTO Documents (guid, docFormat, author, dateModified, description, url) VALUES ("f9699d9b-fdc3-4c0f-8bff-421eb9cdca30","html","null",null,"'FYI Films' works to teach incarcerated youth how to tell their stories","https://nbcnews.com/news/asian-america/fyi-films-works-teach-incarcerated-youth-how-tell-their-stories-n825396");
INSERT INTO Documents (guid, docFormat, author, dateModified, description, url) VALUES ("57b1e824-c818-43cd-820e-32e948e5fda7","html","null",null,"NBC News","https://nbcnews.com/storyline/brexit-referendum");
INSERT INTO Documents (guid, docFormat, author, dateModified, description, url) VALUES ("e586016c-b179-4375-af25-e016c92cde93","html","null",null,"U.S. News: Breaking News Photos, & Videos on the United States - NBC News","https://nbcnews.com/news/us-news");
INSERT INTO Documents (guid, docFormat, author, dateModified, description, url) VALUES ("5f185444-91f6-4ee6-9434-e9c624d421e2","html","null",null,"ICE deportation arrests soar under Trump administration, drop in border arrests","https://nbcnews.com/news/latino/ice-deportation-arrests-soar-under-trump-administration-drop-border-arrests-n826596");
INSERT INTO Documents (guid, docFormat, author, dateModified, description, url) VALUES ("0a24958d-c056-435d-8eee-688ef39726bc","html","null",null,"U.S. News: Breaking News Photos, & Videos on the United States - NBC News","https://nbcnews.com/news/us-news");
INSERT INTO Documents (guid, docFormat, author, dateModified, description, url) VALUES ("8d878b78-35c7-42ae-ab6b-fe9d99c8dc50","html","null",null,"Rep. Judy Chu among those arrested in D.C. during Dream Act rally","https://nbcnews.com/news/asian-america/rep-judy-chu-arrested-thousands-rally-dream-act-n827236");
INSERT INTO Documents (guid, docFormat, author, dateModified, description, url) VALUES ("4a5c3d12-9d1e-49f9-b61a-1dbd223c7b13","html","null",null,"U.S. News: Breaking News Photos, & Videos on the United States - NBC News","https://nbcnews.com/news/us-news");
INSERT INTO Documents (guid, docFormat, author, dateModified, description, url) VALUES ("a8e3110e-f035-4971-94d8-7dcaf4d85955","html","null",null,"Report finds U.S.-born Asian Americans report more discrimination than immigrants","https://nbcnews.com/news/asian-america/report-finds-u-s-born-asian-americans-report-more-discrimination-n827506");
INSERT INTO Documents (guid, docFormat, author, dateModified, description, url) VALUES ("95d76f7b-8b2e-4a91-a664-b55a7e3a2469","html","null",null,"Bullying drove 13-year-old Rosalie Avila to kill herself, parents say - NBC News","https://nbcnews.com/news/us-news/bullying-drove-13-year-old-rosalie-avila-kill-herself-parents-n826281");
INSERT INTO Documents (guid, docFormat, author, dateModified, description, url) VALUES ("e2763ab9-ff89-4a6f-836c-eb0125c4a38c","html","null",null,"Nightly News with Lester Holt: The Latest News Stories Every Night - NBC News","https://nbcnews.com/nightly-news");
INSERT INTO Documents (guid, docFormat, author, dateModified, description, url) VALUES ("07412452-5762-45c9-88f8-e4ef16496613","html","null",null,"Osaka mayor says he will end San Francisco sister city ties over 'comfort women' statue","https://nbcnews.com/news/asian-america/osaka-mayor-says-he-will-end-san-francisco-sister-city-n826656");
INSERT INTO Documents (guid, docFormat, author, dateModified, description, url) VALUES ("adee7f84-dafe-4faf-95bf-d68f7f000325","html","null",null,"Five books by Asian Americans perfect for your holiday shopping list","https://nbcnews.com/news/asian-america/five-books-asian-americans-perfect-your-holiday-shopping-list-n825411");
INSERT INTO Documents (guid, docFormat, author, dateModified, description, url) VALUES ("82010b48-57c6-4463-8b48-4abebc9322e1","html","null",null,"Osaka mayor says he will end San Francisco sister city ties over 'comfort women' statue","https://nbcnews.com/news/asian-america/osaka-mayor-says-he-will-end-san-francisco-sister-city-n826656");
INSERT INTO Documents (guid, docFormat, author, dateModified, description, url) VALUES ("c34143ed-aa7a-4fe6-a253-481dd9250399","html","null",null,"Western Wildfires: California, Washington, Oregon Wildfire News - NBC News - NBC News","https://nbcnews.com/storyline/western-wildfires");
INSERT INTO Documents (guid, docFormat, author, dateModified, description, url) VALUES ("08697553-b913-4006-a1d4-4be12d102b69","html","null",null,"Supreme Court hears why baker refused to make a wedding cake for gay couple - NBC News","https://nbcnews.com/politics/supreme-court/supreme-court-hears-why-baker-refused-make-wedding-cake-gay-n826706");
INSERT INTO Documents (guid, docFormat, author, dateModified, description, url) VALUES ("5f5cfb69-083e-4a50-bc70-0c0fd5ab3573","html","null",null,"U.S. News: Breaking News Photos, & Videos on the United States - NBC News","https://nbcnews.com/news/us-news");
INSERT INTO Documents (guid, docFormat, author, dateModified, description, url) VALUES ("2c7ed5da-2311-4159-8734-ae11f01cce7a","html","null",null,"Personal Finance: Advice & News on Retirement, Budgeting & More - NBC News - NBC News","https://nbcnews.com/business/personal-finance");
INSERT INTO Documents (guid, docFormat, author, dateModified, description, url) VALUES ("f40d6a4b-2485-4939-914a-cb773d271101","html","null",null,"U.S. News: Breaking News Photos, & Videos on the United States - NBC News","https://nbcnews.com/news/us-news");
INSERT INTO Documents (guid, docFormat, author, dateModified, description, url) VALUES ("2cca9227-3364-435e-b34d-d8db743489db","html","null",null,"Nightly News with Lester Holt: The Latest News Stories Every Night - NBC News","https://nbcnews.com/nightly-news");
INSERT INTO Documents (guid, docFormat, author, dateModified, description, url) VALUES ("9c56c0c6-a68a-481a-93c0-42ff96ef386a","html","null",null,"Investigations: U.S. & World News Investigations - NBC News","https://nbcnews.com/news/investigations");
INSERT INTO Documents (guid, docFormat, author, dateModified, description, url) VALUES ("4138f132-7c03-4875-b667-c9d60437dfeb","html","null",null,"Five books by Asian Americans perfect for your holiday shopping list","https://nbcnews.com/news/asian-america/five-books-asian-americans-perfect-your-holiday-shopping-list-n825411");
INSERT INTO Documents (guid, docFormat, author, dateModified, description, url) VALUES ("48b7ff3e-9b42-41d5-898a-02da6841b4b2","html","null",null,"'America Is in the Heart': Smithsonian video spotlights U.S.'s immigrant history","https://nbcnews.com/news/asian-america/america-heart-smithsonian-video-spotlights-u-s-s-immigrant-history-n825126");
INSERT INTO Documents (guid, docFormat, author, dateModified, description, url) VALUES ("7936c8a0-d176-4508-b36e-f33ea5c4c250","html","null",null,"Rep. Maxine Waters to LGBTQ community: 'I will be with you in the fights ahead'","https://nbcnews.com/feature/nbc-out/rep-maxine-waters-lgbtq-community-i-will-be-you-fights-n827376");
INSERT INTO Documents (guid, docFormat, author, dateModified, description, url) VALUES ("b5426f8e-bcb6-4c2d-8847-071e8acb1df9","html","null",null,"'FYI Films' works to teach incarcerated youth how to tell their stories","https://nbcnews.com/news/asian-america/fyi-films-works-teach-incarcerated-youth-how-tell-their-stories-n825396");
INSERT INTO Documents (guid, docFormat, author, dateModified, description, url) VALUES ("98e53d49-0161-46b8-99f5-f7a92d3b72bc","html","null",null,"How betting on Bitcoin is turning big profits - NBC News","https://nbcnews.com/nightly-news/video/how-betting-on-bitcoin-is-turning-big-profits-1111906371845");
INSERT INTO Documents (guid, docFormat, author, dateModified, description, url) VALUES ("5aa5129a-3add-40b5-9401-9017060ed768","html","null",null,"Nightly News with Lester Holt: The Latest News Stories Every Night - NBC News","https://nbcnews.com/nightly-news");
INSERT INTO Documents (guid, docFormat, author, dateModified, description, url) VALUES ("e70af3d7-c60c-4873-ae9f-9325cae898fe","html","null",null,"Consumer News, Reports & Videos - NBC News  - NBC News","https://nbcnews.com/business/consumer");
INSERT INTO Documents (guid, docFormat, author, dateModified, description, url) VALUES ("d6ca08b9-2593-4c88-8c54-008747bca00e","html","null",null,"Osaka mayor says he will end San Francisco sister city ties over 'comfort women' statue","https://nbcnews.com/news/asian-america/osaka-mayor-says-he-will-end-san-francisco-sister-city-n826656");
INSERT INTO Documents (guid, docFormat, author, dateModified, description, url) VALUES ("832f573c-c51e-4617-bde4-7a00fe3a5845","html","null",null,"Osaka mayor says he will end San Francisco sister city ties over 'comfort women' statue","https://nbcnews.com/news/asian-america/osaka-mayor-says-he-will-end-san-francisco-sister-city-n826656");
INSERT INTO Documents (guid, docFormat, author, dateModified, description, url) VALUES ("d00257c0-009e-45ae-85fd-1ddd023043e5","html","null",null,"U.S. News: Breaking News Photos, & Videos on the United States - NBC News","https://nbcnews.com/news/us-news");
INSERT INTO Documents (guid, docFormat, author, dateModified, description, url) VALUES ("84880ce8-7cb8-4eaa-ad31-b7052316cc42","html","null",null,"Rep. Maxine Waters to LGBTQ community: 'I will be with you in the fights ahead'","https://nbcnews.com/feature/nbc-out/rep-maxine-waters-lgbtq-community-i-will-be-you-fights-n827376");
INSERT INTO Documents (guid, docFormat, author, dateModified, description, url) VALUES ("7e36a77c-e483-4f75-84bc-6d7c1e7fb9b9","html","null",null,"Southern California wildfires prompt air quality warnings - NBC News","https://nbcnews.com/nightly-news/video/southern-california-wildfires-prompt-air-quality-warnings-1111044163533");
INSERT INTO Documents (guid, docFormat, author, dateModified, description, url) VALUES ("14049b6e-5cc9-4a3d-8960-76808d3676ca","html","null",null,"Auto: News & Reports on the Auto Industry - NBC News","https://nbcnews.com/business/autos");
INSERT INTO Documents (guid, docFormat, author, dateModified, description, url) VALUES ("f12b813e-9e6a-4df0-8345-18ff924a152f","html","null",null,"Travel News: Destinations, Airlines, Travel Deals & More - NBC News","https://nbcnews.com/business/travel");
INSERT INTO Documents (guid, docFormat, author, dateModified, description, url) VALUES ("39ab8a34-a0c5-49f0-8676-0bb8fd2fd529","html","null",null,"Economy: U.S. & World Economic News & Videos - NBC News - NBC News","https://nbcnews.com/business/economy");
INSERT INTO Documents (guid, docFormat, author, dateModified, description, url) VALUES ("71caef5c-d3ed-4613-be1b-997c5402466e","html","null",null,"Bullying drove 13-year-old Rosalie Avila to kill herself, parents say - NBC News","https://nbcnews.com/news/us-news/bullying-drove-13-year-old-rosalie-avila-kill-herself-parents-n826281");
INSERT INTO Documents (guid, docFormat, author, dateModified, description, url) VALUES ("e8e03115-870a-42cb-b4f2-ce55f805d740","html","null",null,"Investigations: U.S. & World News Investigations - NBC News","https://nbcnews.com/news/investigations");
INSERT INTO Documents (guid, docFormat, author, dateModified, description, url) VALUES ("d134862a-2fdf-4d47-b246-ae6e53a55cf2","html","null",null,"ICE deportation arrests soar under Trump administration, drop in border arrests","https://nbcnews.com/news/latino/ice-deportation-arrests-soar-under-trump-administration-drop-border-arrests-n826596");
INSERT INTO Documents (guid, docFormat, author, dateModified, description, url) VALUES ("4623b39f-7675-4612-9234-6b2babb5157a","html","null",null,"Trump cabinet member Elaine Chao recalls her own #MeToo moment - NBC News","https://nbcnews.com/politics/politics-news/trump-cabinet-member-elaine-chao-recalls-her-own-me-too-n826696");
INSERT INTO Documents (guid, docFormat, author, dateModified, description, url) VALUES ("091f4f8a-c9a8-4860-a397-a4b4e74df0d1","html","null",null,"Nightly News with Lester Holt: The Latest News Stories Every Night - NBC News","https://nbcnews.com/nightly-news");
INSERT INTO Documents (guid, docFormat, author, dateModified, description, url) VALUES ("bcf143ed-9676-4824-a04b-ce12c6706b3e","html","null",null,"World News: Latest Breaking Global News Stories, Photos & Videos - NBC News","https://nbcnews.com/news/world");
INSERT INTO Documents (guid, docFormat, author, dateModified, description, url) VALUES ("6a6e9b91-ffc6-4a9d-a532-1e11e5e58048","html","null",null,"U.S. News: Breaking News Photos, & Videos on the United States - NBC News","https://nbcnews.com/news/us-news");
INSERT INTO Documents (guid, docFormat, author, dateModified, description, url) VALUES ("4ca97281-3f60-459a-9d5b-60be84f8a6fd","html","null",null,"'America Is in the Heart': Smithsonian video spotlights U.S.'s immigrant history","https://nbcnews.com/news/asian-america/america-heart-smithsonian-video-spotlights-u-s-s-immigrant-history-n825126");
INSERT INTO Documents (guid, docFormat, author, dateModified, description, url) VALUES ("68417a66-60c8-46c6-bcbd-9bc1bff83acc","html","null",null,"Rep. Maxine Waters to LGBTQ community: 'I will be with you in the fights ahead'","https://nbcnews.com/feature/nbc-out/rep-maxine-waters-lgbtq-community-i-will-be-you-fights-n827376");
INSERT INTO Documents (guid, docFormat, author, dateModified, description, url) VALUES ("daa0ebfc-aab2-4eb6-a363-3f9a7efdfad7","html","null",null,"Tech News: Breaking U.S. & Global News on Silicon Valley, the Internet & More - NBC News","https://nbcnews.com/tech/tech-news");
INSERT INTO Documents (guid, docFormat, author, dateModified, description, url) VALUES ("42ae8fef-bf79-435a-93fd-db4c83ab53aa","html","null",null,"'FYI Films' works to teach incarcerated youth how to tell their stories","https://nbcnews.com/news/asian-america/fyi-films-works-teach-incarcerated-youth-how-tell-their-stories-n825396");
INSERT INTO Documents (guid, docFormat, author, dateModified, description, url) VALUES ("9be088c6-8bd0-4a84-9acf-64b13361010a","html","null",null,"Ashley Judd on #MeToo: Things will be different going forward - NBC News","https://nbcnews.com/nightly-news/video/ashley-judd-on-metoo-things-will-be-different-going-forward-1110936643807");
INSERT INTO Documents (guid, docFormat, author, dateModified, description, url) VALUES ("a6a51bf2-00a1-4c4c-8826-018b1c868890","html","null",null,"Harold Ford Jr. blasts misconduct claim that led to firing by Morgan Stanley - NBC News","https://nbcnews.com/news/us-news/harold-ford-jr-blasts-misconduct-claim-led-firing-morgan-stanley-n827471");
INSERT INTO Documents (guid, docFormat, author, dateModified, description, url) VALUES ("ca40d3cd-23e6-4210-be04-7b5d624d6335","html","null",null,"U.S. News: Breaking News Photos, & Videos on the United States - NBC News","https://nbcnews.com/news/us-news");
INSERT INTO Documents (guid, docFormat, author, dateModified, description, url) VALUES ("5b65cbeb-e05e-40c0-bdc4-893c50c5d624","html","null",null,"Photo: Latest Compelling Image Galleries. Photos & More - NBC News","https://nbcnews.com/news/photo");
INSERT INTO Documents (guid, docFormat, author, dateModified, description, url) VALUES ("610337b6-5eb8-40dc-bff9-949ba691d0d2","html","null",null,"Southern California wildfires prompt air quality warnings - NBC News","https://nbcnews.com/nightly-news/video/southern-california-wildfires-prompt-air-quality-warnings-1111044163533");
INSERT INTO Documents (guid, docFormat, author, dateModified, description, url) VALUES ("07712011-67be-480e-b4e1-010aaea5eee4","html","null",null,"Nightly News with Lester Holt: The Latest News Stories Every Night - NBC News","https://nbcnews.com/nightly-news");
INSERT INTO Documents (guid, docFormat, author, dateModified, description, url) VALUES ("c0943eda-7375-414c-acb2-09afc7f43be2","html","null",null,"Al Franken resigns, but insists he did nothing wrong - NBC News","https://nbcnews.com/nightly-news/video/al-franken-resigns-but-insists-he-did-nothing-wrong-1111899203741");
INSERT INTO Documents (guid, docFormat, author, dateModified, description, url) VALUES ("d0569810-7197-4ce1-9bda-bdbd8369d57b","html","null",null,"Southern California wildfire devours homes as residents escape - NBC News","https://nbcnews.com/slideshow/southern-california-wildfire-devours-homes-overnight-residents-escape-n826751");
INSERT INTO Documents (guid, docFormat, author, dateModified, description, url) VALUES ("69df85ed-eb3d-45d7-93eb-39422ced1a70","html","null",null,"Latino: Community News, Information, Culture & More - NBC News","https://nbcnews.com/news/latino");
INSERT INTO Documents (guid, docFormat, author, dateModified, description, url) VALUES ("25822d9c-d6e9-4dd7-9a21-d18b4d84f51f","html","null",null,"Self-taught financial advisers keep it real about money management","https://nbcnews.com/news/nbcblk/self-taught-financial-advisers-keep-it-real-about-money-management-n817326");
INSERT INTO Documents (guid, docFormat, author, dateModified, description, url) VALUES ("d9845525-5530-4c26-a360-ae4d2c9f9b98","html","null",null,"U.S. News: Breaking News Photos, & Videos on the United States - NBC News","https://nbcnews.com/news/us-news");
INSERT INTO Documents (guid, docFormat, author, dateModified, description, url) VALUES ("aba7db3f-9f35-4a05-a026-ff64715a83e1","html","null",null,"ISIS Terror: Latest News Stories, Photos &  Videos on the ISIS Terror Threat - NBC News","https://nbcnews.com/storyline/isis-terror");
INSERT INTO Documents (guid, docFormat, author, dateModified, description, url) VALUES ("5666ff59-60f0-4394-a926-2dd258e0d75b","html","null",null,"NBC News","https://nbcnews.com/storyline/brexit-referendum");
INSERT INTO Documents (guid, docFormat, author, dateModified, description, url) VALUES ("04f8d962-3c65-45e7-8cc1-49100530f87f","html","null",null,"Trump cabinet member Elaine Chao recalls her own #MeToo moment - NBC News","https://nbcnews.com/politics/politics-news/trump-cabinet-member-elaine-chao-recalls-her-own-me-too-n826696");
INSERT INTO Documents (guid, docFormat, author, dateModified, description, url) VALUES ("05cddfcd-8e90-45fc-8b07-c187a2df6e6d","html","null",null,"Self-taught financial advisers keep it real about money management","https://nbcnews.com/news/nbcblk/self-taught-financial-advisers-keep-it-real-about-money-management-n817326");
INSERT INTO Documents (guid, docFormat, author, dateModified, description, url) VALUES ("af2444aa-ea0d-4a30-b3cc-12f5c944ad34","html","null",null,"World News: Latest Breaking Global News Stories, Photos & Videos - NBC News","https://nbcnews.com/news/world");
INSERT INTO Documents (guid, docFormat, author, dateModified, description, url) VALUES ("3b3e5d39-9c05-4354-ae19-67fdd1133c17","html","null",null,"Latino: Community News, Information, Culture & More - NBC News","https://nbcnews.com/news/latino");
INSERT INTO Documents (guid, docFormat, author, dateModified, description, url) VALUES ("0f52aab9-f1d6-4bff-89f2-693ca53863da","html","null",null,"Bullying drove 13-year-old Rosalie Avila to kill herself, parents say - NBC News","https://nbcnews.com/news/us-news/bullying-drove-13-year-old-rosalie-avila-kill-herself-parents-n826281");
INSERT INTO Documents (guid, docFormat, author, dateModified, description, url) VALUES ("a113241c-42a4-4063-9300-9c59d5ccbff6","html","null",null,"Harold Ford Jr. blasts misconduct claim that led to firing by Morgan Stanley - NBC News","https://nbcnews.com/news/us-news/harold-ford-jr-blasts-misconduct-claim-led-firing-morgan-stanley-n827471");
INSERT INTO Documents (guid, docFormat, author, dateModified, description, url) VALUES ("32c03821-29b4-4b15-9cce-665a9ca0c669","html","null",null,"Latino: Community News, Information, Culture & More - NBC News","https://nbcnews.com/news/latino");
INSERT INTO Documents (guid, docFormat, author, dateModified, description, url) VALUES ("c444bd1a-41e0-45a5-9096-70d6e4104136","html","null",null,"Space News: Breaking News on Earth, Space Exploration, Discoveries & More - NBC News","https://nbcnews.com/science/space");
INSERT INTO Documents (guid, docFormat, author, dateModified, description, url) VALUES ("7422c33c-c9dc-438e-a70e-f7f52324fe02","html","null",null,"Ashley Judd on #MeToo: Things will be different going forward - NBC News","https://nbcnews.com/nightly-news/video/ashley-judd-on-metoo-things-will-be-different-going-forward-1110936643807");
INSERT INTO Documents (guid, docFormat, author, dateModified, description, url) VALUES ("53f5b113-fa18-4540-8507-7b54a1b60bdc","html","null",null,"U.S. News: Breaking News Photos, & Videos on the United States - NBC News","https://nbcnews.com/news/us-news");
INSERT INTO Documents (guid, docFormat, author, dateModified, description, url) VALUES ("9f2bd0f4-b3f8-4cdd-b239-7a85454607d7","html","null",null,"U.S. News: Breaking News Photos, & Videos on the United States - NBC News","https://nbcnews.com/news/us-news");
INSERT INTO Documents (guid, docFormat, author, dateModified, description, url) VALUES ("0813a374-2466-4229-969a-383a90afa27a","html","null",null,"John Conyers III arrested but not prosecuted in domestic abuse case - NBC News","https://nbcnews.com/news/us-news/john-conyers-iii-was-arrested-domestic-abuse-not-prosecuted-n827151");
INSERT INTO Documents (guid, docFormat, author, dateModified, description, url) VALUES ("3293a2c6-9b48-4c7c-8e72-b7558c02ec8b","html","null",null,"North Korea says war with the U.S. is inevitable - NBC News","https://nbcnews.com/news/north-korea/north-korea-says-war-u-s-inevitable-n827296");
INSERT INTO Documents (guid, docFormat, author, dateModified, description, url) VALUES ("e8763083-a8f4-442a-98a9-2f1f7958f6f8","html","null",null,"Walter Scott shooting: Michael Slager, ex-officer, sentenced to 20 years in prison - NBC News","https://nbcnews.com/storyline/walter-scott-shooting/walter-scott-shooting-michael-slager-ex-officer-sentenced-20-years-n825006");
INSERT INTO Documents (guid, docFormat, author, dateModified, description, url) VALUES ("5612f86f-3f8b-445d-8be4-6229cd4c8ec6","html","null",null,"Latino: Community News, Information, Culture & More - NBC News","https://nbcnews.com/news/latino");
INSERT INTO Documents (guid, docFormat, author, dateModified, description, url) VALUES ("6718fa79-dfc0-4546-a963-d647bd3df328","html","null",null,"Latino: Community News, Information, Culture & More - NBC News","https://nbcnews.com/news/latino");
INSERT INTO Documents (guid, docFormat, author, dateModified, description, url) VALUES ("120cd2ba-cd0c-4fe7-99d0-98f8c645f63b","html","null",null,"U.S. News: Breaking News Photos, & Videos on the United States - NBC News","https://nbcnews.com/news/us-news");
INSERT INTO Documents (guid, docFormat, author, dateModified, description, url) VALUES ("4f5251fb-ecf2-4662-8c5b-3d08727f6e00","html","null",null,"Space News: Breaking News on Earth, Space Exploration, Discoveries & More - NBC News","https://nbcnews.com/science/space");
INSERT INTO Documents (guid, docFormat, author, dateModified, description, url) VALUES ("98d1a8e1-6dd5-4b4e-bb44-0676d51697e2","html","null",null,"How betting on Bitcoin is turning big profits - NBC News","https://nbcnews.com/nightly-news/video/how-betting-on-bitcoin-is-turning-big-profits-1111906371845");
INSERT INTO Documents (guid, docFormat, author, dateModified, description, url) VALUES ("91fd3019-3721-49fc-a794-f28465cbcc0f","html","null",null,"John Conyers III arrested but not prosecuted in domestic abuse case - NBC News","https://nbcnews.com/news/us-news/john-conyers-iii-was-arrested-domestic-abuse-not-prosecuted-n827151");
INSERT INTO Documents (guid, docFormat, author, dateModified, description, url) VALUES ("5660352e-9504-4ddf-a5b6-f51c38b0efe6","html","null",null,"NBC News","https://nbcnews.com/feature/nbc-out");
INSERT INTO Documents (guid, docFormat, author, dateModified, description, url) VALUES ("06ea4b46-ab8f-48cb-b771-9de0342bb68f","html","null",null,"North Korea says war with the U.S. is inevitable - NBC News","https://nbcnews.com/news/north-korea/north-korea-says-war-u-s-inevitable-n827296");
INSERT INTO Documents (guid, docFormat, author, dateModified, description, url) VALUES ("6d148285-6fee-4933-96e2-3068cc0c7960","html","null",null,"Walter Scott's son makes emotional plea for justice at Michael Slager's sentencing - NBC News","https://nbcnews.com/storyline/walter-scott-shooting/walter-scott-s-son-makes-emotional-plea-justice-michael-slager-n827206");
INSERT INTO Documents (guid, docFormat, author, dateModified, description, url) VALUES ("02097b73-a623-4250-8020-75dd9019ff08","html","null",null,"Latino: Community News, Information, Culture & More - NBC News","https://nbcnews.com/news/latino");
INSERT INTO Documents (guid, docFormat, author, dateModified, description, url) VALUES ("2768239e-5122-420c-913b-21c20c67f2aa","html","null",null,"Latino: Community News, Information, Culture & More - NBC News","https://nbcnews.com/news/latino");
INSERT INTO Documents (guid, docFormat, author, dateModified, description, url) VALUES ("509e8371-45db-4efb-ba81-b4934ae8425c","html","null",null,"Beyoncé surprises Colin Kaepernick to present SI Muhammad Ali Legacy Award - NBC News","https://nbcnews.com/news/us-news/beyonc-surprises-colin-kaepernick-present-si-muhammad-ali-legacy-award-n826986");
INSERT INTO Documents (guid, docFormat, author, dateModified, description, url) VALUES ("9ce4fd9f-0b40-4efa-8523-0a9f55692451","html","null",null,"Photo: Latest Compelling Image Galleries. Photos & More - NBC News","https://nbcnews.com/news/photo");
INSERT INTO Documents (guid, docFormat, author, dateModified, description, url) VALUES ("82d74c97-f010-4236-903e-a9854155da1e","html","null",null,"Atlanta mayor's race is too close to call as recount looms - NBC News","https://nbcnews.com/politics/elections/atlanta-mayor-s-race-too-close-call-recount-looms-n826911");
INSERT INTO Documents (guid, docFormat, author, dateModified, description, url) VALUES ("dff55a94-42c9-470b-98f0-af1e57429727","html","null",null,"John Conyers III arrested but not prosecuted in domestic abuse case - NBC News","https://nbcnews.com/news/us-news/john-conyers-iii-was-arrested-domestic-abuse-not-prosecuted-n827151");
INSERT INTO Documents (guid, docFormat, author, dateModified, description, url) VALUES ("102e9d34-4883-41bf-857a-a9f83ad2568f","html","null",null,"Latino: Community News, Information, Culture & More - NBC News","https://nbcnews.com/news/latino");
INSERT INTO Documents (guid, docFormat, author, dateModified, description, url) VALUES ("751a601a-a8c0-489c-8da2-35eaec64c3ae","html","null",null,"Latino: Community News, Information, Culture & More - NBC News","https://nbcnews.com/news/latino");
INSERT INTO Documents (guid, docFormat, author, dateModified, description, url) VALUES ("a5c8bdad-7625-4cf4-af4f-bf13ab976aa7","html","null",null,"Photo: Latest Compelling Image Galleries. Photos & More - NBC News","https://nbcnews.com/news/photo");
INSERT INTO Documents (guid, docFormat, author, dateModified, description, url) VALUES ("7e15740e-a172-4143-8881-a9d01d6256b5","html","null",null,"Atlanta mayor's race is too close to call as recount looms - NBC News","https://nbcnews.com/politics/elections/atlanta-mayor-s-race-too-close-call-recount-looms-n826911");
INSERT INTO Documents (guid, docFormat, author, dateModified, description, url) VALUES ("7235daa5-d1d8-43d2-a098-d0f013a472bf","html","null",null,"Latino: Community News, Information, Culture & More - NBC News","https://nbcnews.com/news/latino");
INSERT INTO Documents (guid, docFormat, author, dateModified, description, url) VALUES ("faeb7d09-1258-4c6c-9ea6-e6e091ca3bda","html","null",null,"John Conyers III arrested but not prosecuted in domestic abuse case - NBC News","https://nbcnews.com/news/us-news/john-conyers-iii-was-arrested-domestic-abuse-not-prosecuted-n827151");
INSERT INTO Documents (guid, docFormat, author, dateModified, description, url) VALUES ("0d9c4117-692c-4ded-8aa1-63098f2d626d","html","null",null,"Walter Scott's son makes emotional plea for justice at Michael Slager's sentencing - NBC News","https://nbcnews.com/storyline/walter-scott-shooting/walter-scott-s-son-makes-emotional-plea-justice-michael-slager-n827206");
INSERT INTO Documents (guid, docFormat, author, dateModified, description, url) VALUES ("81e6bc19-42dc-410e-a25a-54c45d43fc3c","html","null",null,"Fickle Wildfires Mean Some Wineries Reopen While Others Will Take Years to Rebuild - NBC News","https://nbcnews.com/storyline/western-wildfires/fickle-wildfires-mean-some-wineries-reopen-while-others-will-take-n815526");
INSERT INTO Documents (guid, docFormat, author, dateModified, description, url) VALUES ("48a8a7f0-5262-44c8-8e89-c0eff33463b8","html","null",null,"Latino: Community News, Information, Culture & More - NBC News","https://nbcnews.com/news/latino");
INSERT INTO Documents (guid, docFormat, author, dateModified, description, url) VALUES ("d2c8f3cd-c1ef-4e92-afa0-93767536401b","html","null",null,"Walter Scott's son makes emotional plea for justice at Michael Slager's sentencing - NBC News","https://nbcnews.com/storyline/walter-scott-shooting/walter-scott-s-son-makes-emotional-plea-justice-michael-slager-n827206");
INSERT INTO Documents (guid, docFormat, author, dateModified, description, url) VALUES ("79d5e973-aa66-4031-9f21-64c69279102c","html","null",null,"Latino: Community News, Information, Culture & More - NBC News","https://nbcnews.com/news/latino");
INSERT INTO Documents (guid, docFormat, author, dateModified, description, url) VALUES ("9f3442e0-0495-4fd3-8c08-77009a7d48de","html","null",null,"Asian America: Community News, Information, Culture & More - NBC News","https://nbcnews.com/news/asian-america");
INSERT INTO Documents (guid, docFormat, author, dateModified, description, url) VALUES ("3e7c345f-cb6a-4e5e-be52-fd07428af434","html","null",null,"Woman removes wig to reveal alopecia in viral engagement photos","https://www.today.com/style/woman-removes-wig-reveal-alopecia-viral-engagement-photos-t119687");
INSERT INTO Documents (guid, docFormat, author, dateModified, description, url) VALUES ("6119afcc-d917-4d39-a1d4-10f698f77110","html","null",null,"Walter Scott's son makes emotional plea for justice at Michael Slager's sentencing - NBC News","https://nbcnews.com/storyline/walter-scott-shooting/walter-scott-s-son-makes-emotional-plea-justice-michael-slager-n827206");
INSERT INTO Documents (guid, docFormat, author, dateModified, description, url) VALUES ("a194a618-ea33-465a-88b0-91eaf3be085b","html","null",null,"Latino: Community News, Information, Culture & More - NBC News","https://nbcnews.com/news/latino");
INSERT INTO Documents (guid, docFormat, author, dateModified, description, url) VALUES ("5c0b8915-034c-4982-b9f8-17e3e27d602d","html","null",null,"Survivor of Las Vegas shooting massacre killed in hit-and-run - NBC News","https://nbcnews.com/storyline/las-vegas-shooting/survivor-las-vegas-shooting-massacre-killed-hit-run-n823921");
INSERT INTO Documents (guid, docFormat, author, dateModified, description, url) VALUES ("914a8ae6-a210-45fd-b521-72e508874b82","html","null",null,"Couple Who Survived Las Vegas Massacre Dies in Car Crash  - NBC News","https://nbcnews.com/storyline/las-vegas-shooting/couple-who-survived-las-vegas-massacre-dies-car-crash-n815741");
INSERT INTO Documents (guid, docFormat, author, dateModified, description, url) VALUES ("a5581431-3b34-48aa-a6a7-813bc06f3c61","html","null",null,"Asian America: Community News, Information, Culture & More - NBC News","https://nbcnews.com/news/asian-america");
INSERT INTO Documents (guid, docFormat, author, dateModified, description, url) VALUES ("ca5a8875-daef-45a5-8e9a-03d112c271ff","html","null",null,"Beyoncé surprises Colin Kaepernick to present SI Muhammad Ali Legacy Award - NBC News","https://nbcnews.com/news/us-news/beyonc-surprises-colin-kaepernick-present-si-muhammad-ali-legacy-award-n826986");
INSERT INTO Documents (guid, docFormat, author, dateModified, description, url) VALUES ("3e8bc2f1-a272-4305-b3b7-25e6401d473f","html","null",null,"The New Danger for California Fire Victims: Disaster Relief Fraud - NBC News","https://nbcnews.com/storyline/western-wildfires/new-danger-california-fire-victims-disaster-relief-fraud-n816891");
INSERT INTO Documents (guid, docFormat, author, dateModified, description, url) VALUES ("8e73c416-78a2-412b-8623-b3078e844e47","html","null",null,"U.S. News: Breaking News Photos, & Videos on the United States - NBC News","https://nbcnews.com/news/us-news");
INSERT INTO Documents (guid, docFormat, author, dateModified, description, url) VALUES ("154838ac-2b3c-4ea2-93fe-b5629b2bc6fc","html","null",null,"Woman removes wig to reveal alopecia in viral engagement photos","https://www.today.com/style/woman-removes-wig-reveal-alopecia-viral-engagement-photos-t119687");
INSERT INTO Documents (guid, docFormat, author, dateModified, description, url) VALUES ("20288cbb-cd50-416d-862e-1f72b408bd5f","html","null",null,"Survivor of Las Vegas shooting massacre killed in hit-and-run - NBC News","https://nbcnews.com/storyline/las-vegas-shooting/survivor-las-vegas-shooting-massacre-killed-hit-run-n823921");
INSERT INTO Documents (guid, docFormat, author, dateModified, description, url) VALUES ("040d8165-8882-412a-8112-eefc86c1a9e3","html","null",null,"Woman removes wig to reveal alopecia in viral engagement photos","https://www.today.com/style/woman-removes-wig-reveal-alopecia-viral-engagement-photos-t119687");
INSERT INTO Documents (guid, docFormat, author, dateModified, description, url) VALUES ("1aa55593-7cb9-4ee9-b6bf-3e9f0231c758","html","null",null,"Woman removes wig to reveal alopecia in viral engagement photos","https://www.today.com/style/woman-removes-wig-reveal-alopecia-viral-engagement-photos-t119687");
INSERT INTO Documents (guid, docFormat, author, dateModified, description, url) VALUES ("fea67f29-29a2-42d8-a576-a1a6e74a026e","html","null",null,"Taco Bell French fry-stuffed burritos - TODAY.com","https://www.today.com/food/taco-bell-french-fry-stuffed-burritos-t119738");
INSERT INTO Documents (guid, docFormat, author, dateModified, description, url) VALUES ("1362b545-1abf-490c-90fe-e6b1e9296933","html","null",null,"Asian America: Community News, Information, Culture & More - NBC News","https://nbcnews.com/news/asian-america");
INSERT INTO Documents (guid, docFormat, author, dateModified, description, url) VALUES ("17c2be86-1ae1-46a0-b54a-8bc6530ea41f","html","null",null,"Wounded woman drops 'bump stock' maker from Las Vegas shooting lawsuit - NBC News","https://nbcnews.com/storyline/las-vegas-shooting/wounded-woman-drops-bump-stock-maker-las-vegas-shooting-lawsuit-n827541");
INSERT INTO Documents (guid, docFormat, author, dateModified, description, url) VALUES ("46b37343-308a-4c2c-b495-aeba709a2389","html","null",null,"Las Vegas Shooting: 58 People Killed, Almost 500 Hurt Near Mandalay Bay - NBC News","https://nbcnews.com/storyline/las-vegas-shooting");
INSERT INTO Documents (guid, docFormat, author, dateModified, description, url) VALUES ("22b0a850-5d6b-4875-80ea-39c3ce145a9c","html","null",null,"Fickle Wildfires Mean Some Wineries Reopen While Others Will Take Years to Rebuild - NBC News","https://nbcnews.com/storyline/western-wildfires/fickle-wildfires-mean-some-wineries-reopen-while-others-will-take-n815526");
INSERT INTO Documents (guid, docFormat, author, dateModified, description, url) VALUES ("da8841f8-1444-4037-bfea-633f0e211086","html","null",null,"Couple Who Survived Las Vegas Massacre Dies in Car Crash  - NBC News","https://nbcnews.com/storyline/las-vegas-shooting/couple-who-survived-las-vegas-massacre-dies-car-crash-n815741");
INSERT INTO Documents (guid, docFormat, author, dateModified, description, url) VALUES ("c5499de1-ac8e-411a-9e20-7c8d147e5104","html","null",null,"NBC News - Breaking News & Top Stories - Latest World, US & Local News - NBC News","https://nbcnews.com/pages/careers");
INSERT INTO Documents (guid, docFormat, author, dateModified, description, url) VALUES ("a9998177-34aa-4f15-9390-0dbe8e8c4cb0","html","null",null,"Lighter winds give California firefighters a breather — but not for long - NBC News","https://nbcnews.com/storyline/western-wildfires/malibu-hit-wildfires-have-been-ravaging-southern-california-n827386");
INSERT INTO Documents (guid, docFormat, author, dateModified, description, url) VALUES ("e328d8b7-d88d-47c8-a4f2-617bdb8226b3","html","null",null,"Taco Bell French fry-stuffed burritos - TODAY.com","https://www.today.com/food/taco-bell-french-fry-stuffed-burritos-t119738");
INSERT INTO Documents (guid, docFormat, author, dateModified, description, url) VALUES ("23948db9-d472-4765-b976-a7c5687960fa","html","null",null,"Asian America: Community News, Information, Culture & More - NBC News","https://nbcnews.com/news/asian-america");
INSERT INTO Documents (guid, docFormat, author, dateModified, description, url) VALUES ("86561a2b-42a8-48d1-afe9-534e463eb7a7","html","null",null,"Las Vegas Shooting: Jason Aldean Describes Initial Panic - NBC News","https://nbcnews.com/storyline/las-vegas-shooting/las-vegas-shooting-jason-aldean-describes-initial-panic-n820571");
INSERT INTO Documents (guid, docFormat, author, dateModified, description, url) VALUES ("9259d683-7eca-4f98-821c-617b8d5f0616","html","null",null,"The New Danger for California Fire Victims: Disaster Relief Fraud - NBC News","https://nbcnews.com/storyline/western-wildfires/new-danger-california-fire-victims-disaster-relief-fraud-n816891");
INSERT INTO Documents (guid, docFormat, author, dateModified, description, url) VALUES ("465e1015-453a-41ec-acfb-5ae0a1c33b4c","html","null",null,"Asian America: Community News, Information, Culture & More - NBC News","https://nbcnews.com/news/asian-america");
INSERT INTO Documents (guid, docFormat, author, dateModified, description, url) VALUES ("3194cb13-c70a-4b55-8127-2f8732d2d2df","html","null",null,"Las Vegas Shooting: Jason Aldean Describes Initial Panic - NBC News","https://nbcnews.com/storyline/las-vegas-shooting/las-vegas-shooting-jason-aldean-describes-initial-panic-n820571");
INSERT INTO Documents (guid, docFormat, author, dateModified, description, url) VALUES ("06f044f4-5292-4dbe-8736-3453f9ac6a50","html","null",null,"Asian America: Community News, Information, Culture & More - NBC News","https://nbcnews.com/news/asian-america");
INSERT INTO Documents (guid, docFormat, author, dateModified, description, url) VALUES ("a0adf630-72a3-4808-b741-2cb015def603","html","null",null,"Southern recipes: Spicy gumbo and sweet cornbread - TODAY.com","https://www.today.com/food/southern-recipes-spicy-gumbo-sweet-cornbread-t119736");
INSERT INTO Documents (guid, docFormat, author, dateModified, description, url) VALUES ("6df8a2ef-88e5-4a23-9b99-d36585d66969","html","null",null,"Los Angeles threatened as wildfires spread, forcing thousands to evacuate - NBC News","https://nbcnews.com/storyline/western-wildfires/southern-california-wildfires-spread-putting-thousands-under-mandatory-evacuation-n826946");
INSERT INTO Documents (guid, docFormat, author, dateModified, description, url) VALUES ("48e1b7e3-2c5e-462c-b3d5-255f97240531","html","null",null,"Political News: Analyses, Opinions, and Stories - NBC News","https://nbcnews.com/politics/politics-news");
INSERT INTO Documents (guid, docFormat, author, dateModified, description, url) VALUES ("07ac7b9b-7b7f-4bfe-92a4-a7ea95f27466","html","null",null,"NBC News","https://nbcnews.com/feature/nbc-out");
INSERT INTO Documents (guid, docFormat, author, dateModified, description, url) VALUES ("67ccaf4e-1b03-48c3-aa6e-60556780e60d","html","null",null,"Latino: Community News, Information, Culture & More - NBC News","https://nbcnews.com/news/latino");
INSERT INTO Documents (guid, docFormat, author, dateModified, description, url) VALUES ("f776aa1e-4530-42bd-afc0-888b78c6cee8","html","null",null,"Asian America: Community News, Information, Culture & More - NBC News","https://nbcnews.com/news/asian-america");
INSERT INTO Documents (guid, docFormat, author, dateModified, description, url) VALUES ("df362453-1ed8-496a-bdb4-c506a07dc419","html","null",null,"Asian America: Community News, Information, Culture & More - NBC News","https://nbcnews.com/news/asian-america");
INSERT INTO Documents (guid, docFormat, author, dateModified, description, url) VALUES ("423b4ae5-9ad0-415d-9290-ccbf86f0e260","html","null",null,"NBC News - Breaking News & Top Stories - Latest World, US & Local News - NBC News","https://nbcnews.com/pages/contact-us");
INSERT INTO Documents (guid, docFormat, author, dateModified, description, url) VALUES ("421f341c-c55e-45a0-a343-eba4008928a4","html","null",null,"NBC News","https://nbcnews.com/feature/nbc-out");
INSERT INTO Documents (guid, docFormat, author, dateModified, description, url) VALUES ("7de57df1-1af5-4e8a-9b1a-b4bd3f85bc06","html","null",null,"NBC News - Breaking News & Top Stories - Latest World, US & Local News - NBC News","https://nbcnews.com/pages/about-nbc-news-digital");
INSERT INTO Documents (guid, docFormat, author, dateModified, description, url) VALUES ("37d049be-76f8-443d-afd9-8e84e5e8c53e","html","null",null,"North Korea News: Breaking News, Photos & Videos on North Korea - NBC News","https://nbcnews.com/news/north-korea");
INSERT INTO Documents (guid, docFormat, author, dateModified, description, url) VALUES ("ba46fb1d-eee0-44d2-b5a5-ecd9b7a81547","html","null",null,"Asian America: Community News, Information, Culture & More - NBC News","https://nbcnews.com/news/asian-america");
INSERT INTO Documents (guid, docFormat, author, dateModified, description, url) VALUES ("4a2b5abb-b6c4-4387-8a08-c8270e858dae","html","null",null,"NBC News","https://nbcnews.com/feature/nbc-out");
INSERT INTO Documents (guid, docFormat, author, dateModified, description, url) VALUES ("b2d2822a-e8ba-4b0b-8d2e-adfd21da0a0a","html","null",null,"NBCBLK: Black Community News, Information, Culture & More - NBC News","https://nbcnews.com/news/nbcblk");
INSERT INTO Documents (guid, docFormat, author, dateModified, description, url) VALUES ("dd6561f1-5162-4d70-902a-ac11b16b91fb","html","null",null,"Southern recipes: Spicy gumbo and sweet cornbread - TODAY.com","https://www.today.com/food/southern-recipes-spicy-gumbo-sweet-cornbread-t119736");
INSERT INTO Documents (guid, docFormat, author, dateModified, description, url) VALUES ("d1cda085-c13d-454c-b9b1-b191f969f10c","html","null",null,"Thousands flee massive Southern California wildfire - NBC News","https://nbcnews.com/storyline/western-wildfires/southern-california-wildfire-ventura-county-forces-thousands-evacuate-n826576");
INSERT INTO Documents (guid, docFormat, author, dateModified, description, url) VALUES ("792e7e1b-a9fb-4038-89ea-6886bd0e1f59","html","null",null,"msnbc On Demand – Top Videos from msnbc Shows | msnbc","http://www.msnbc.com/watch");
INSERT INTO Documents (guid, docFormat, author, dateModified, description, url) VALUES ("29f4c1e3-da12-4a09-8f82-0a893c7dd263","html","null",null,"Los Angeles threatened as wildfires spread, forcing thousands to evacuate - NBC News","https://nbcnews.com/storyline/western-wildfires/southern-california-wildfires-spread-putting-thousands-under-mandatory-evacuation-n826946");
INSERT INTO Documents (guid, docFormat, author, dateModified, description, url) VALUES ("739c7a19-4bed-4ad2-9068-3c0458f0ac6b","html","null",null,"First Read's Morning Clips: Republicans put Mueller in their crosshairs - NBC News","https://nbcnews.com/politics/first-read/first-read-s-morning-clips-republicans-put-mueller-crosshairs-n827316");
INSERT INTO Documents (guid, docFormat, author, dateModified, description, url) VALUES ("de9cbab7-429f-4384-bbb4-c861ccb9e05e","html","null",null,"Thousands flee massive Southern California wildfire - NBC News","https://nbcnews.com/storyline/western-wildfires/southern-california-wildfire-ventura-county-forces-thousands-evacuate-n826576");
INSERT INTO Documents (guid, docFormat, author, dateModified, description, url) VALUES ("9ea07b4c-9d9d-4f77-a39e-f57ee358cde0","html","null",null,"NBC News","https://nbcnews.com/feature/nbc-out");
INSERT INTO Documents (guid, docFormat, author, dateModified, description, url) VALUES ("d844b35c-ad13-4ba5-8903-40106dd05e39","html","null",null,"U.S. News: Breaking News Photos, & Videos on the United States - NBC News","https://nbcnews.com/news/us-news");
INSERT INTO Documents (guid, docFormat, author, dateModified, description, url) VALUES ("84dd69b6-78f1-42bc-bbe9-c683a26e0277","html","null",null,"U.S. News: Breaking News Photos, & Videos on the United States - NBC News","https://nbcnews.com/news/us-news");
INSERT INTO Documents (guid, docFormat, author, dateModified, description, url) VALUES ("74554538-5f20-4edc-a553-d80d6781c903","html","null",null,"Asian America: Community News, Information, Culture & More - NBC News","https://nbcnews.com/news/asian-america");
INSERT INTO Documents (guid, docFormat, author, dateModified, description, url) VALUES ("05864936-793a-406d-8416-909111612884","html","null",null,"NBC News - Breaking News & Top Stories - Latest World, US & Local News - NBC News","https://nbcnews.com/pages/sitemap");
INSERT INTO Documents (guid, docFormat, author, dateModified, description, url) VALUES ("00814fcc-268d-4510-a4a9-72d5b564b6e8","html","null",null,"Asian America: Community News, Information, Culture & More - NBC News","https://nbcnews.com/news/asian-america");
INSERT INTO Documents (guid, docFormat, author, dateModified, description, url) VALUES ("a2eacef4-50f2-400a-8c1f-0d67ef9c40d0","html","null",null,"Latino: Community News, Information, Culture & More - NBC News","https://nbcnews.com/news/latino");
INSERT INTO Documents (guid, docFormat, author, dateModified, description, url) VALUES ("6eb03bd8-c630-43cc-a7f6-a52e4a3a1f98","html","null",null,"Las Vegas Shooting Is Deadliest in Modern U.S. History - NBC News","https://nbcnews.com/storyline/las-vegas-shooting/las-vegas-shooting-deadliest-modern-u-s-history-n806486");
INSERT INTO Documents (guid, docFormat, author, dateModified, description, url) VALUES ("f49c2c54-0b55-4f18-9002-472ac7a7ad4f","html","null",null,"NBC News","https://nbcnews.com/feature/nbc-out");
INSERT INTO Documents (guid, docFormat, author, dateModified, description, url) VALUES ("fc79948d-b963-4dcb-806c-18b5fde8b6b2","html","null",null,"Southern California wildfire devours homes as residents escape - NBC News","https://nbcnews.com/slideshow/southern-california-wildfire-devours-homes-overnight-residents-escape-n826751");
INSERT INTO Documents (guid, docFormat, author, dateModified, description, url) VALUES ("2be88e2b-8f50-4366-bdd1-2eaf2aa1a400","html","null",null,"NBCBLK: Black Community News, Information, Culture & More - NBC News","https://nbcnews.com/news/nbcblk");
INSERT INTO Documents (guid, docFormat, author, dateModified, description, url) VALUES ("8685c4c4-64d9-432d-b637-be19db2d83c9","html","null",null,"Asian America: Community News, Information, Culture & More - NBC News","https://nbcnews.com/news/asian-america");
INSERT INTO Documents (guid, docFormat, author, dateModified, description, url) VALUES ("f21b39a9-35ba-4d76-873e-199f08742805","html","null",null,"NBCBLK: Black Community News, Information, Culture & More - NBC News","https://nbcnews.com/news/nbcblk");
INSERT INTO Documents (guid, docFormat, author, dateModified, description, url) VALUES ("f03a0215-fd7f-4711-9703-c205b87fe014","html","null",null,"Asian America: Community News, Information, Culture & More - NBC News","https://nbcnews.com/news/asian-america");
INSERT INTO Documents (guid, docFormat, author, dateModified, description, url) VALUES ("5b513873-00db-4b2f-aaf9-10a82f953979","html","null",null,"Las Vegas Shooting Is Deadliest in Modern U.S. History - NBC News","https://nbcnews.com/storyline/las-vegas-shooting/las-vegas-shooting-deadliest-modern-u-s-history-n806486");
INSERT INTO Documents (guid, docFormat, author, dateModified, description, url) VALUES ("8901ae3a-981a-4f61-9980-dbb42c3c568b","html","null",null,"Beyonce presents Colin Kaepernick with Sports Illustrated Muhammad Ali Legacy Award - NBC News","https://nbcnews.com/video/beyonce-presents-colin-kaepernick-with-sports-illustrated-muhammad-ali-legacy-award-1111136835576");
INSERT INTO Documents (guid, docFormat, author, dateModified, description, url) VALUES ("f6b6d815-a5e6-4d8f-8389-f2f2bd9ed1b0","html","null",null,"Dems clean house, leaving GOP to grapple with harassment issue - NBC News","https://nbcnews.com/politics/first-read/dems-clean-house-leaving-gop-grapple-harassment-issue-n827321");
INSERT INTO Documents (guid, docFormat, author, dateModified, description, url) VALUES ("91964c78-bab6-4dcf-900f-3a0e56eaf094","html","null",null,"NBC News","https://nbcnews.com/feature/nbc-out");
INSERT INTO Documents (guid, docFormat, author, dateModified, description, url) VALUES ("59ce5373-14ff-49ae-a1b1-1db452df87bb","html","null",null,"NBC News","https://nbcnews.com/feature/nbc-out");
INSERT INTO Documents (guid, docFormat, author, dateModified, description, url) VALUES ("1c59e008-b991-4d50-bf1b-f7efc0cd5203","html","null",null,"Walter Scott's family: 'Today we made history, getting justice' - NBC News","https://nbcnews.com/video/walter-scott-s-family-today-we-made-history-getting-justice-1111663683678");
INSERT INTO Documents (guid, docFormat, author, dateModified, description, url) VALUES ("7ba5d8d3-e765-449c-980b-7c34d76248fd","html","null",null,"Beyonce presents Colin Kaepernick with Sports Illustrated Muhammad Ali Legacy Award - NBC News","https://nbcnews.com/video/beyonce-presents-colin-kaepernick-with-sports-illustrated-muhammad-ali-legacy-award-1111136835576");
INSERT INTO Documents (guid, docFormat, author, dateModified, description, url) VALUES ("f9b25b07-dc5c-40d7-a65a-20ae7944e5cc","html","null",null,"U.S. News: Breaking News Photos, & Videos on the United States - NBC News","https://nbcnews.com/news/us-news");
INSERT INTO Documents (guid, docFormat, author, dateModified, description, url) VALUES ("f835deda-d5a9-429b-8e73-cab44fb29bc0","html","null",null,"NBCBLK: Black Community News, Information, Culture & More - NBC News","https://nbcnews.com/news/nbcblk");
INSERT INTO Documents (guid, docFormat, author, dateModified, description, url) VALUES ("cd727bab-b1f4-46b3-b73a-eaa4a39d888d","html","null",null,"U.S. News: Breaking News Photos, & Videos on the United States - NBC News","https://nbcnews.com/news/us-news");
INSERT INTO Documents (guid, docFormat, author, dateModified, description, url) VALUES ("1309e327-9c5e-4a96-947d-b7f6ee317acb","html","null",null,"NBC News - Breaking News & Top Stories - Latest World, US & Local News - NBC News","https://nbcnews.com/pages/terms-of-service");
INSERT INTO Documents (guid, docFormat, author, dateModified, description, url) VALUES ("daf801e3-c45c-4ccc-b5ff-275cd4180a62","html","null",null,"NBC News","https://nbcnews.com/feature/nbc-out");
INSERT INTO Documents (guid, docFormat, author, dateModified, description, url) VALUES ("a820fde3-201b-490e-8a05-1e8e19e7022e","html","null",null,"NBC News","https://nbcnews.com/feature/nbc-out");
INSERT INTO Documents (guid, docFormat, author, dateModified, description, url) VALUES ("2f8f8379-db2e-4f66-be2c-ebae7698f0ca","html","null",null,"Sexual Misconduct: A Growing List - NBC News","https://nbcnews.com/storyline/sexual-misconduct");
INSERT INTO Documents (guid, docFormat, author, dateModified, description, url) VALUES ("b91d1f3a-01ec-43e1-b3fd-b7e05d3202a0","html","null",null,"Walter Scott's family: 'Today we made history, getting justice' - NBC News","https://nbcnews.com/video/walter-scott-s-family-today-we-made-history-getting-justice-1111663683678");
INSERT INTO Documents (guid, docFormat, author, dateModified, description, url) VALUES ("6c91ad6c-6966-4c8b-8d28-e2e72d62d9e5","html","null",null,"Father of four Walter Scott was fatally shot by a police officer in North Charleston, South Carolina, on April 4, 2015. - NBC News","https://nbcnews.com/storyline/walter-scott-shooting");
INSERT INTO Documents (guid, docFormat, author, dateModified, description, url) VALUES ("5e58e678-5704-47e3-a08f-223237a4ea42","html","null",null,"NBC News","https://nbcnews.com/feature/nbc-out");
INSERT INTO Documents (guid, docFormat, author, dateModified, description, url) VALUES ("b55426c1-cd62-4a94-b840-aa260bfae4e6","html","null",null,"NBC News","https://nbcnews.com/feature/nbc-out");
INSERT INTO Documents (guid, docFormat, author, dateModified, description, url) VALUES ("7a2fb775-453a-4f7c-9be6-f334d8a5cf44","html","null",null,"Father of four Walter Scott was fatally shot by a police officer in North Charleston, South Carolina, on April 4, 2015. - NBC News","https://nbcnews.com/storyline/walter-scott-shooting");
INSERT INTO Documents (guid, docFormat, author, dateModified, description, url) VALUES ("74435287-bee9-483e-933a-970811565c20","html","null",null,"NBC News","https://nbcnews.com/feature/nbc-out");
INSERT INTO Documents (guid, docFormat, author, dateModified, description, url) VALUES ("063870f8-b55a-41f8-a042-d7ae21fb8bb8","html","null",null,"Pop Culture: Entertainment News and Celebrity Stories, Photos & Videos - NBC News","https://nbcnews.com/pop-culture");
INSERT INTO Documents (guid, docFormat, author, dateModified, description, url) VALUES ("f50fd3da-a72c-4af3-868c-09a20d15ceed","html","null",null,"NBC News","https://nbcnews.com/feature/nbc-out");
INSERT INTO Documents (guid, docFormat, author, dateModified, description, url) VALUES ("01f0517f-2781-4f1e-9082-af7cf979133e","html","null",null,"Pop Culture: Entertainment News and Celebrity Stories, Photos & Videos - NBC News","https://nbcnews.com/pop-culture");
INSERT INTO Documents (guid, docFormat, author, dateModified, description, url) VALUES ("cf0b7b83-68db-4e4d-99ac-1d3153a40ae1","html","null",null,"NBC News","https://nbcnews.com/feature/nbc-out");
INSERT INTO Documents (guid, docFormat, author, dateModified, description, url) VALUES ("456cc343-733f-4e0b-ba27-756e357ec788","html","null",null,"NBC News","https://nbcnews.com/feature/nbc-out");
INSERT INTO Documents (guid, docFormat, author, dateModified, description, url) VALUES ("e2539ebf-8fe4-491f-ab1b-0e4192ef83ae","html","null",null,"Father of four Walter Scott was fatally shot by a police officer in North Charleston, South Carolina, on April 4, 2015. - NBC News","https://nbcnews.com/storyline/walter-scott-shooting");
INSERT INTO Documents (guid, docFormat, author, dateModified, description, url) VALUES ("e849c60f-bdce-4885-ba9a-e1a96df397bf","html","null",null,"Digital Cable TV, Internet and Home Phone | XFINITY","https://xfinity.com/");
INSERT INTO Documents (guid, docFormat, author, dateModified, description, url) VALUES ("83240a15-ed4e-4256-81b7-dd36b7b484c7","html","null",null,"NBC News","https://nbcnews.com/storyline/brexit-referendum");
INSERT INTO Documents (guid, docFormat, author, dateModified, description, url) VALUES ("df4187eb-a34a-487c-86c4-0d427c70863d","html","null",null,"NBC News (@NBCNews) | Twitter","https://twitter.com/NBCNews");
INSERT INTO Documents (guid, docFormat, author, dateModified, description, url) VALUES ("b78a5d5e-299e-47c5-b7cc-e204d1813fdf","html","null",null,"'Day of Rage' erupts in Mideast after Trump's Jerusalem decision | MSNBC","http://www.msnbc.com/msnbc-news/watch/-day-of-rage-erupts-in-mideast-after-trump-s-jerusalem-decision-1111486019853");
INSERT INTO Documents (guid, docFormat, author, dateModified, description, url) VALUES ("1403c571-5f3d-40d9-b772-11ea387604f0","html","null",null,"Western Wildfires: California, Washington, Oregon Wildfire News - NBC News - NBC News","https://nbcnews.com/storyline/western-wildfires");
INSERT INTO Documents (guid, docFormat, author, dateModified, description, url) VALUES ("3054ee59-336e-4617-9bf3-f8d8e83d3d95","html","null",null,"MSNBC — Breaking News, Top Stories, & Show Clips","http://msnbc.com/");
INSERT INTO Documents (guid, docFormat, author, dateModified, description, url) VALUES ("8808d0bc-838d-4f01-b133-d362b0e40aa8","html","null",null,"Nightly News with Lester Holt: The Latest News Stories Every Night - NBC News","https://nbcnews.com/nightly-news");
INSERT INTO Documents (guid, docFormat, author, dateModified, description, url) VALUES ("9c1397fe-2daa-4932-97ef-7f866a4b7d1c","html","null",null,"Las Vegas receives a flood of heart-warming messages - NBC News","https://nbcnews.com/nightly-news/video/las-vegas-receives-a-flood-of-heart-warming-messages-1109443651765");
INSERT INTO Documents (guid, docFormat, author, dateModified, description, url) VALUES ("fbbddf74-2105-485c-9b69-732524d37b31","html","null",null,"Health News: Disease, Nutrition, Healthcare & More - NBC News","https://nbcnews.com/health");
INSERT INTO Documents (guid, docFormat, author, dateModified, description, url) VALUES ("7edaa26e-9598-473b-88bc-57bfac75ce47","html","null",null,"NBC News","https://nbcnews.com/feature/nbc-out");
INSERT INTO Documents (guid, docFormat, author, dateModified, description, url) VALUES ("d8f91eac-1660-48b1-86bc-3916aa4f7da4","html","null",null,"Best friends tackle bucket list after cancer diagnosis - NBC News","https://www.nbcnews.com/nightly-news/video/best-friends-tackle-bucket-list-after-cancer-diagnosis-1111059011838");
INSERT INTO Documents (guid, docFormat, author, dateModified, description, url) VALUES ("1143c0fc-f83d-488b-9ab8-38cf646a25f2","html","null",null,"NBC News","https://nbcnews.com/feature/nbc-out");
INSERT INTO Documents (guid, docFormat, author, dateModified, description, url) VALUES ("a0f4d291-667f-46f5-bdda-34128c0c5c4d","html","null",null,"Sexual Misconduct: A Growing List - NBC News","https://nbcnews.com/storyline/sexual-misconduct");
INSERT INTO Documents (guid, docFormat, author, dateModified, description, url) VALUES ("b43cc0c2-1094-44ec-b4b7-1368a14276ca","html","null",null,"Stock Markets, Business News, Financials, Earnings - CNBC","https://cnbc.com/");
INSERT INTO Documents (guid, docFormat, author, dateModified, description, url) VALUES ("91f4daa5-0a96-445c-b33f-1ae82f86aff2","html","null",null,"2017 Gubernatorial Election News, Candidates & Polls - NBC News","https://nbcnews.com/politics/elections");
INSERT INTO Documents (guid, docFormat, author, dateModified, description, url) VALUES ("a0224a7d-53cb-4014-8bce-4432a1b99dc9","html","null",null,"Nightly News with Lester Holt: The Latest News Stories Every Night - NBC News","https://nbcnews.com/nightly-news");
INSERT INTO Documents (guid, docFormat, author, dateModified, description, url) VALUES ("bd35574c-8e05-4029-b3e3-8d88ad3ed9fe","html","null",null,"Latest News, Videos & Guest Interviews from the Today Show on NBC","https://www.today.com/");
INSERT INTO Documents (guid, docFormat, author, dateModified, description, url) VALUES ("5623fe65-6f15-4909-bea8-aab24610e2bf","html","null",null,"'Day of Rage' erupts in Mideast after Trump's Jerusalem decision | MSNBC","http://www.msnbc.com/msnbc-news/watch/-day-of-rage-erupts-in-mideast-after-trump-s-jerusalem-decision-1111486019853");
INSERT INTO Documents (guid, docFormat, author, dateModified, description, url) VALUES ("fea3b223-4d2e-4591-b850-ca73e032b56f","html","null",null,"Business and Finance News, Reports & Videos - NBC News","https://nbcnews.com/business");
INSERT INTO Documents (guid, docFormat, author, dateModified, description, url) VALUES ("e410b457-ecd3-4ded-b7ea-e85e06580189","html","null",null,"Business and Finance News, Reports & Videos - NBC News","https://nbcnews.com/business");
INSERT INTO Documents (guid, docFormat, author, dateModified, description, url) VALUES ("4d3e41cb-180f-4f55-8588-24c4e2a11dd2","html","null",null,"Full Privacy Policy | NBCUniversal","https://www.nbcuniversal.com/privacy/full-privacy-policy/");
INSERT INTO Documents (guid, docFormat, author, dateModified, description, url) VALUES ("8c7a714d-68ee-4931-b70e-463015e2016e","html","null",null,"Best friends tackle bucket list after cancer diagnosis - NBC News","https://www.nbcnews.com/nightly-news/video/best-friends-tackle-bucket-list-after-cancer-diagnosis-1111059011838");
INSERT INTO Documents (guid, docFormat, author, dateModified, description, url) VALUES ("73141ad5-5ed4-4615-a53b-57b417a8a15c","html","null",null,"Latest News, Videos & Guest Interviews from the Today Show on NBC","https://www.today.com/");
INSERT INTO Documents (guid, docFormat, author, dateModified, description, url) VALUES ("882d21ef-7275-4749-9fab-93b9efa588c7","html","null",null,"Latest News, Videos & Guest Interviews from the Today Show on NBC","http://www.today.com");
INSERT INTO Documents (guid, docFormat, author, dateModified, description, url) VALUES ("363e3809-5616-42c4-b180-ff1b21720527","html","null",null,"Latest News, Videos & Guest Interviews from the Today Show on NBC","http://www.today.com");
INSERT INTO Documents (guid, docFormat, author, dateModified, description, url) VALUES ("6d51ee40-fc5d-4dfa-8248-5e2ce84c09c0","html","null",null,"Western Wildfires: California, Washington, Oregon Wildfire News - NBC News - NBC News","https://nbcnews.com/storyline/western-wildfires");
INSERT INTO Documents (guid, docFormat, author, dateModified, description, url) VALUES ("ccec3067-eec7-4724-b1b8-d4bd3de45333","html","null",null,"Latest News, Videos & Guest Interviews from the Today Show on NBC","http://www.today.com");
INSERT INTO Documents (guid, docFormat, author, dateModified, description, url) VALUES ("8ce79110-fd13-4f86-804d-a0674a3c0852","html","null",null,"Latest News, Videos & Guest Interviews from the Today Show on NBC","http://www.today.com");
INSERT INTO Documents (guid, docFormat, author, dateModified, description, url) VALUES ("a4c84f3b-1497-49f4-b01d-c29cbe937064","html","null",null,"Meet the Press: Inside Takes on the Latest Stories with Chuck Todd - NBC News","https://nbcnews.com/meet-the-press");
INSERT INTO Documents (guid, docFormat, author, dateModified, description, url) VALUES ("b376559e-6790-43da-824b-d0a16db53fee","html","null",null,"Dateline: In-Depth Investigations of News Stories with Lester Holt - NBC News","https://nbcnews.com/dateline");
INSERT INTO Documents (guid, docFormat, author, dateModified, description, url) VALUES ("6d081c52-b933-4132-b034-c54bb9016b72","html","null",null,"Dateline: In-Depth Investigations of News Stories with Lester Holt - NBC News","https://nbcnews.com/dateline");
INSERT INTO Documents (guid, docFormat, author, dateModified, description, url) VALUES ("229b98d1-b8f0-4ec1-92df-94db12419524","html","null",null,"Dateline: In-Depth Investigations of News Stories with Lester Holt - NBC News","https://nbcnews.com/dateline");
INSERT INTO Documents (guid, docFormat, author, dateModified, description, url) VALUES ("0b6bf92a-6f55-489a-8ec9-db2095d97c43","html","null",null,"A Postcard from the Field: Revived Ruins: A Theater’s Resurrection - NBC News","https://nbcnews.com/dateline/video/a-postcard-from-the-field-revived-ruins-a-theater-s-resurrection-1111537731611");
INSERT INTO Documents (guid, docFormat, author, dateModified, description, url) VALUES ("c373fadd-5164-4745-b762-47648a8213ca","html","null",null,"Western Wildfires: California, Washington, Oregon Wildfire News - NBC News - NBC News","https://nbcnews.com/storyline/western-wildfires");
INSERT INTO Documents (guid, docFormat, author, dateModified, description, url) VALUES ("7afc023c-83cf-45b5-aa2d-2e375f403e6a","html","null",null,"Meet the Press: Inside Takes on the Latest Stories with Chuck Todd - NBC News","https://nbcnews.com/meet-the-press");
INSERT INTO Documents (guid, docFormat, author, dateModified, description, url) VALUES ("a71109b4-e94a-45ec-a5d9-e80a3235f26e","html","null",null,"Health News: Disease, Nutrition, Healthcare & More - NBC News","https://nbcnews.com/health");
INSERT INTO Documents (guid, docFormat, author, dateModified, description, url) VALUES ("fe7d7e41-85b8-44ea-9b47-40cb98cf2dcb","html","null",null,"Western Wildfires: California, Washington, Oregon Wildfire News - NBC News - NBC News","https://nbcnews.com/storyline/western-wildfires");
INSERT INTO Documents (guid, docFormat, author, dateModified, description, url) VALUES ("03eff96b-ddeb-44c2-b65d-850b29e52f33","html","null",null,"Meet the Press: Inside Takes on the Latest Stories with Chuck Todd - NBC News","https://nbcnews.com/meet-the-press");
INSERT INTO Documents (guid, docFormat, author, dateModified, description, url) VALUES ("93d3e128-9d15-43cd-ada3-268e39bb97f5","html","null",null,"DATELINE FRIDAY PREVIEW: The Favorite Son - NBC News","https://nbcnews.com/dateline/video/dateline-friday-preview-the-favorite-son-1109279299705");
INSERT INTO Documents (guid, docFormat, author, dateModified, description, url) VALUES ("896fff29-e7f7-4c1a-94f3-e506ff93fa63","html","null",null,"Las Vegas Shooting: 58 People Killed, Almost 500 Hurt Near Mandalay Bay - NBC News","https://nbcnews.com/storyline/las-vegas-shooting");
INSERT INTO Documents (guid, docFormat, author, dateModified, description, url) VALUES ("9e306f94-7439-40ae-b983-4b59ff5a3968","html","null",null,"News: Latest and Breaking News Stories, Photos & Videos - NBC News","https://nbcnews.com/news");
INSERT INTO Documents (guid, docFormat, author, dateModified, description, url) VALUES ("6c385b7b-9380-4daa-a3b8-5144fa0c0582","html","null",null,"Las Vegas Shooting: 58 People Killed, Almost 500 Hurt Near Mandalay Bay - NBC News","https://nbcnews.com/storyline/las-vegas-shooting");
INSERT INTO Documents (guid, docFormat, author, dateModified, description, url) VALUES ("c8ef85af-b38a-4957-9920-4fec2a221836","html","null",null,"News: Latest and Breaking News Stories, Photos & Videos - NBC News","https://nbcnews.com/news");
INSERT INTO Documents (guid, docFormat, author, dateModified, description, url) VALUES ("51a122e2-49d7-4f29-85c5-dfdc3524a33e","html","null",null,"News: Latest and Breaking News Stories, Photos & Videos - NBC News","https://nbcnews.com/news");
INSERT INTO Documents (guid, docFormat, author, dateModified, description, url) VALUES ("3fa6b03d-a187-4e14-839f-00bea25a3ced","html","null",null,"Health News: Disease, Nutrition, Healthcare & More - NBC News","https://nbcnews.com/health");
INSERT INTO Documents (guid, docFormat, author, dateModified, description, url) VALUES ("d95c4fe4-4c0b-4acc-9846-41a8ded7cb66","html","null",null,"News: Latest and Breaking News Stories, Photos & Videos - NBC News","https://nbcnews.com/news");
INSERT INTO Documents (guid, docFormat, author, dateModified, description, url) VALUES ("76d3d1f4-34b1-4875-95c7-4e8d04070f13","html","null",null,"News: Latest and Breaking News Stories, Photos & Videos - NBC News","https://nbcnews.com/news");
INSERT INTO Documents (guid, docFormat, author, dateModified, description, url) VALUES ("d46b7385-e105-4d7f-b5e8-defe7c49ee1a","html","null",null,"Las Vegas Shooting: 58 People Killed, Almost 500 Hurt Near Mandalay Bay - NBC News","https://nbcnews.com/storyline/las-vegas-shooting");
INSERT INTO Documents (guid, docFormat, author, dateModified, description, url) VALUES ("5f486063-9355-457c-936f-e7febc689fb4","html","null",null,"Health News: Disease, Nutrition, Healthcare & More - NBC News","https://nbcnews.com/health");
INSERT INTO Documents (guid, docFormat, author, dateModified, description, url) VALUES ("888b23bf-b7f5-4184-a9fe-af62f7cb3bf3","html","null",null,"Health News: Disease, Nutrition, Healthcare & More - NBC News","https://nbcnews.com/health");
INSERT INTO Documents (guid, docFormat, author, dateModified, description, url) VALUES ("8170cb8c-0755-4676-a2be-4069c9cbeec9","html","null",null,"News: Latest and Breaking News Stories, Photos & Videos - NBC News","https://nbcnews.com/news");
INSERT INTO Documents (guid, docFormat, author, dateModified, description, url) VALUES ("db8fad2d-024d-4c44-919e-1b449a88e32a","html","null",null,"News: Latest and Breaking News Stories, Photos & Videos - NBC News","https://nbcnews.com/news");
INSERT INTO Documents (guid, docFormat, author, dateModified, description, url) VALUES ("41bf9ef6-552e-46be-8c11-15ba85c61249","html","null",null,"News: Latest and Breaking News Stories, Photos & Videos - NBC News","https://nbcnews.com/news");
INSERT INTO Documents (guid, docFormat, author, dateModified, description, url) VALUES ("9afbab97-3605-4cf6-ac36-809a0ae7010e","html","null",null,"News: Latest and Breaking News Stories, Photos & Videos - NBC News","https://nbcnews.com/news");
INSERT INTO Documents (guid, docFormat, author, dateModified, description, url) VALUES ("fe160c48-181c-4a6f-9320-e0a568bc7835","html","null",null,"Evidon","https://info.evidon.com/pub_info/1195?v=1");
INSERT INTO Documents (guid, docFormat, author, dateModified, description, url) VALUES ("c8d4ba0a-c503-4011-bf11-c29ce573e88e","html","null",null,"Stock Markets, Business News, Financials, Earnings - CNBC","https://cnbc.com/");
INSERT INTO Documents (guid, docFormat, author, dateModified, description, url) VALUES ("227c9384-fd52-46de-9bb6-55385eba69f8","html","null",null,"News: Latest and Breaking News Stories, Photos & Videos - NBC News","https://nbcnews.com/news");
INSERT INTO Documents (guid, docFormat, author, dateModified, description, url) VALUES ("2cec781d-adec-4446-b2d2-4f5d5ad666cf","html","null",null,"News: Latest and Breaking News Stories, Photos & Videos - NBC News","https://nbcnews.com/news");
INSERT INTO Documents (guid, docFormat, author, dateModified, description, url) VALUES ("1c884175-c276-4f7b-87d0-325aa60b2b5c","html","null",null,"NBC News - Breaking News & Top Stories - Latest World, US & Local News","https://nbcnews.com/");
INSERT INTO ParentTitle (pid, title) VALUES ("c16fb57e-06a5-4755-bfd6-1865204abe14","nbcnews.com");
INSERT INTO ChildType (cid, type) VALUES ("a699e135-adaf-46af-aed6-9135657ec42c","documents");
INSERT INTO ParentChild (pid, cid) VALUES ("c16fb57e-06a5-4755-bfd6-1865204abe14","a699e135-adaf-46af-aed6-9135657ec42c");
INSERT INTO ChildType (cid, type) VALUES ("9f2d5960-9ff2-464f-a756-b7a8409a8667","documents");
INSERT INTO ParentChild (pid, cid) VALUES ("c16fb57e-06a5-4755-bfd6-1865204abe14","9f2d5960-9ff2-464f-a756-b7a8409a8667");
INSERT INTO ChildType (cid, type) VALUES ("9403d2a7-5518-413a-9726-4189142bea61","documents");
INSERT INTO ParentChild (pid, cid) VALUES ("c16fb57e-06a5-4755-bfd6-1865204abe14","9403d2a7-5518-413a-9726-4189142bea61");
INSERT INTO ChildType (cid, type) VALUES ("0a53357d-dc90-4684-916f-137f9e2f6874","documents");
INSERT INTO ParentChild (pid, cid) VALUES ("c16fb57e-06a5-4755-bfd6-1865204abe14","0a53357d-dc90-4684-916f-137f9e2f6874");
INSERT INTO ChildType (cid, type) VALUES ("839d91e1-0771-4c88-b146-f9318ac7551b","documents");
INSERT INTO ParentChild (pid, cid) VALUES ("c16fb57e-06a5-4755-bfd6-1865204abe14","839d91e1-0771-4c88-b146-f9318ac7551b");
INSERT INTO ChildType (cid, type) VALUES ("5b51a72e-7b02-485a-ba68-74edc66ac4ce","documents");
INSERT INTO ParentChild (pid, cid) VALUES ("c16fb57e-06a5-4755-bfd6-1865204abe14","5b51a72e-7b02-485a-ba68-74edc66ac4ce");
INSERT INTO ChildType (cid, type) VALUES ("211f4e73-70c0-4c97-a14c-1b16ef421589","documents");
INSERT INTO ParentChild (pid, cid) VALUES ("c16fb57e-06a5-4755-bfd6-1865204abe14","211f4e73-70c0-4c97-a14c-1b16ef421589");
INSERT INTO ChildType (cid, type) VALUES ("ea22e614-0bc7-424a-81c3-de071215c994","documents");
INSERT INTO ParentChild (pid, cid) VALUES ("c16fb57e-06a5-4755-bfd6-1865204abe14","ea22e614-0bc7-424a-81c3-de071215c994");
INSERT INTO ChildType (cid, type) VALUES ("4117d5f5-7120-499f-a9d5-38b764984a95","documents");
INSERT INTO ParentChild (pid, cid) VALUES ("c16fb57e-06a5-4755-bfd6-1865204abe14","4117d5f5-7120-499f-a9d5-38b764984a95");
INSERT INTO ChildType (cid, type) VALUES ("380023ce-6da9-43f3-833a-7cdf74a30e22","documents");
INSERT INTO ParentChild (pid, cid) VALUES ("c16fb57e-06a5-4755-bfd6-1865204abe14","380023ce-6da9-43f3-833a-7cdf74a30e22");
INSERT INTO ChildType (cid, type) VALUES ("d589f8bf-2106-4ea2-b620-d9343c6e4bc0","documents");
INSERT INTO ParentChild (pid, cid) VALUES ("c16fb57e-06a5-4755-bfd6-1865204abe14","d589f8bf-2106-4ea2-b620-d9343c6e4bc0");
INSERT INTO ChildType (cid, type) VALUES ("fb5fc828-9ece-4d17-a3fa-b7377ab55a63","documents");
INSERT INTO ParentChild (pid, cid) VALUES ("c16fb57e-06a5-4755-bfd6-1865204abe14","fb5fc828-9ece-4d17-a3fa-b7377ab55a63");
INSERT INTO ChildType (cid, type) VALUES ("2485dd1f-a58e-4e4a-8d2f-25d0ead54767","documents");
INSERT INTO ParentChild (pid, cid) VALUES ("c16fb57e-06a5-4755-bfd6-1865204abe14","2485dd1f-a58e-4e4a-8d2f-25d0ead54767");
INSERT INTO ChildType (cid, type) VALUES ("ae375bde-a359-4d8e-9455-c8a7a77f44ab","documents");
INSERT INTO ParentChild (pid, cid) VALUES ("c16fb57e-06a5-4755-bfd6-1865204abe14","ae375bde-a359-4d8e-9455-c8a7a77f44ab");
INSERT INTO ChildType (cid, type) VALUES ("7ef4e1f2-a76d-408a-a062-ffe21f7cc005","documents");
INSERT INTO ParentChild (pid, cid) VALUES ("c16fb57e-06a5-4755-bfd6-1865204abe14","7ef4e1f2-a76d-408a-a062-ffe21f7cc005");
INSERT INTO ChildType (cid, type) VALUES ("fbbddf74-2105-485c-9b69-732524d37b31","documents");
INSERT INTO ParentChild (pid, cid) VALUES ("c16fb57e-06a5-4755-bfd6-1865204abe14","fbbddf74-2105-485c-9b69-732524d37b31");
INSERT INTO ChildType (cid, type) VALUES ("d280e231-862d-4569-a458-648a520b0cc0","documents");
INSERT INTO ParentChild (pid, cid) VALUES ("c16fb57e-06a5-4755-bfd6-1865204abe14","d280e231-862d-4569-a458-648a520b0cc0");
INSERT INTO ChildType (cid, type) VALUES ("5164d5a6-11ae-43ed-ab96-84c47b230e9e","documents");
INSERT INTO ParentChild (pid, cid) VALUES ("c16fb57e-06a5-4755-bfd6-1865204abe14","5164d5a6-11ae-43ed-ab96-84c47b230e9e");
INSERT INTO ChildType (cid, type) VALUES ("4a1e478b-a620-419d-94da-e31874cb1a73","documents");
INSERT INTO ParentChild (pid, cid) VALUES ("c16fb57e-06a5-4755-bfd6-1865204abe14","4a1e478b-a620-419d-94da-e31874cb1a73");
INSERT INTO ChildType (cid, type) VALUES ("fd0b9d72-2d71-43f4-9e80-525be4d299a7","documents");
INSERT INTO ParentChild (pid, cid) VALUES ("c16fb57e-06a5-4755-bfd6-1865204abe14","fd0b9d72-2d71-43f4-9e80-525be4d299a7");
INSERT INTO ChildType (cid, type) VALUES ("8754c55e-1c4a-4582-bc87-929a1c7a160a","documents");
INSERT INTO ParentChild (pid, cid) VALUES ("c16fb57e-06a5-4755-bfd6-1865204abe14","8754c55e-1c4a-4582-bc87-929a1c7a160a");
INSERT INTO ChildType (cid, type) VALUES ("c01ea567-4f6c-43ac-bb83-1a34eac34dce","documents");
INSERT INTO ParentChild (pid, cid) VALUES ("c16fb57e-06a5-4755-bfd6-1865204abe14","c01ea567-4f6c-43ac-bb83-1a34eac34dce");
INSERT INTO ChildType (cid, type) VALUES ("d731f1ab-1c89-41d2-aa98-0869d394757e","documents");
INSERT INTO ParentChild (pid, cid) VALUES ("c16fb57e-06a5-4755-bfd6-1865204abe14","d731f1ab-1c89-41d2-aa98-0869d394757e");
INSERT INTO ChildType (cid, type) VALUES ("4a9dc662-ef7e-4fde-930d-2713716dfaf1","documents");
INSERT INTO ParentChild (pid, cid) VALUES ("c16fb57e-06a5-4755-bfd6-1865204abe14","4a9dc662-ef7e-4fde-930d-2713716dfaf1");
INSERT INTO ChildType (cid, type) VALUES ("e2cd2087-b7d5-4011-abbf-09bc425ac8aa","documents");
INSERT INTO ParentChild (pid, cid) VALUES ("c16fb57e-06a5-4755-bfd6-1865204abe14","e2cd2087-b7d5-4011-abbf-09bc425ac8aa");
INSERT INTO ChildType (cid, type) VALUES ("e8e5d27f-9c19-4c48-8e3c-865f088c77dd","documents");
INSERT INTO ParentChild (pid, cid) VALUES ("c16fb57e-06a5-4755-bfd6-1865204abe14","e8e5d27f-9c19-4c48-8e3c-865f088c77dd");
INSERT INTO ChildType (cid, type) VALUES ("21123be9-ab26-4939-a947-effa725edeb9","documents");
INSERT INTO ParentChild (pid, cid) VALUES ("c16fb57e-06a5-4755-bfd6-1865204abe14","21123be9-ab26-4939-a947-effa725edeb9");
INSERT INTO ChildType (cid, type) VALUES ("0cefa0d4-00eb-45f1-a973-904b9a5d46a5","documents");
INSERT INTO ParentChild (pid, cid) VALUES ("c16fb57e-06a5-4755-bfd6-1865204abe14","0cefa0d4-00eb-45f1-a973-904b9a5d46a5");
INSERT INTO ChildType (cid, type) VALUES ("6061a967-59d0-4854-8146-247751133a6a","documents");
INSERT INTO ParentChild (pid, cid) VALUES ("c16fb57e-06a5-4755-bfd6-1865204abe14","6061a967-59d0-4854-8146-247751133a6a");
INSERT INTO ChildType (cid, type) VALUES ("e556fce9-7495-47fa-a58d-1149317b2eed","documents");
INSERT INTO ParentChild (pid, cid) VALUES ("c16fb57e-06a5-4755-bfd6-1865204abe14","e556fce9-7495-47fa-a58d-1149317b2eed");
INSERT INTO ChildType (cid, type) VALUES ("c0b382c4-678b-4618-844d-03813a37d94e","documents");
INSERT INTO ParentChild (pid, cid) VALUES ("c16fb57e-06a5-4755-bfd6-1865204abe14","c0b382c4-678b-4618-844d-03813a37d94e");
INSERT INTO ChildType (cid, type) VALUES ("0ec1a6ee-31d9-4798-babf-8486e66ec536","documents");
INSERT INTO ParentChild (pid, cid) VALUES ("c16fb57e-06a5-4755-bfd6-1865204abe14","0ec1a6ee-31d9-4798-babf-8486e66ec536");
INSERT INTO ChildType (cid, type) VALUES ("3ac0c5b4-9967-42ff-9d2c-440e216e0375","documents");
INSERT INTO ParentChild (pid, cid) VALUES ("c16fb57e-06a5-4755-bfd6-1865204abe14","3ac0c5b4-9967-42ff-9d2c-440e216e0375");
INSERT INTO ChildType (cid, type) VALUES ("f5ebfee3-75f6-4d23-be3b-aec1e2268a3e","documents");
INSERT INTO ParentChild (pid, cid) VALUES ("c16fb57e-06a5-4755-bfd6-1865204abe14","f5ebfee3-75f6-4d23-be3b-aec1e2268a3e");
INSERT INTO ChildType (cid, type) VALUES ("014fe85b-f3f7-443d-8128-3db1faf95d8e","documents");
INSERT INTO ParentChild (pid, cid) VALUES ("c16fb57e-06a5-4755-bfd6-1865204abe14","014fe85b-f3f7-443d-8128-3db1faf95d8e");
INSERT INTO ChildType (cid, type) VALUES ("3cefea15-9b7f-471a-a584-82526732c19f","documents");
INSERT INTO ParentChild (pid, cid) VALUES ("c16fb57e-06a5-4755-bfd6-1865204abe14","3cefea15-9b7f-471a-a584-82526732c19f");
INSERT INTO ChildType (cid, type) VALUES ("4e893dd3-e500-483d-8c9a-23348136897b","documents");
INSERT INTO ParentChild (pid, cid) VALUES ("c16fb57e-06a5-4755-bfd6-1865204abe14","4e893dd3-e500-483d-8c9a-23348136897b");
INSERT INTO ChildType (cid, type) VALUES ("baea705d-b644-4e76-9abb-fd3eab59aa51","documents");
INSERT INTO ParentChild (pid, cid) VALUES ("c16fb57e-06a5-4755-bfd6-1865204abe14","baea705d-b644-4e76-9abb-fd3eab59aa51");
INSERT INTO ChildType (cid, type) VALUES ("98c7f3d3-893d-46b8-b514-3c658b89f705","documents");
INSERT INTO ParentChild (pid, cid) VALUES ("c16fb57e-06a5-4755-bfd6-1865204abe14","98c7f3d3-893d-46b8-b514-3c658b89f705");
INSERT INTO ChildType (cid, type) VALUES ("5a3f21be-3dd4-4b82-bf39-7df0a3569aa5","documents");
INSERT INTO ParentChild (pid, cid) VALUES ("c16fb57e-06a5-4755-bfd6-1865204abe14","5a3f21be-3dd4-4b82-bf39-7df0a3569aa5");
INSERT INTO ChildType (cid, type) VALUES ("bb588cf5-7435-4d8f-a28b-23d7a6daa52b","documents");
INSERT INTO ParentChild (pid, cid) VALUES ("c16fb57e-06a5-4755-bfd6-1865204abe14","bb588cf5-7435-4d8f-a28b-23d7a6daa52b");
INSERT INTO ChildType (cid, type) VALUES ("b43cc0c2-1094-44ec-b4b7-1368a14276ca","documents");
INSERT INTO ParentChild (pid, cid) VALUES ("c16fb57e-06a5-4755-bfd6-1865204abe14","b43cc0c2-1094-44ec-b4b7-1368a14276ca");
INSERT INTO ChildType (cid, type) VALUES ("f199f488-7425-4e35-a343-8109b3488f8e","documents");
INSERT INTO ParentChild (pid, cid) VALUES ("c16fb57e-06a5-4755-bfd6-1865204abe14","f199f488-7425-4e35-a343-8109b3488f8e");
INSERT INTO ChildType (cid, type) VALUES ("a0db5ad5-ff3b-404d-9bc0-e6f4b06e4370","documents");
INSERT INTO ParentChild (pid, cid) VALUES ("c16fb57e-06a5-4755-bfd6-1865204abe14","a0db5ad5-ff3b-404d-9bc0-e6f4b06e4370");
INSERT INTO ChildType (cid, type) VALUES ("305257e5-862a-49da-a5ec-1c965dbea3d1","documents");
INSERT INTO ParentChild (pid, cid) VALUES ("c16fb57e-06a5-4755-bfd6-1865204abe14","305257e5-862a-49da-a5ec-1c965dbea3d1");
INSERT INTO ChildType (cid, type) VALUES ("db64dc1e-d015-4033-9fda-9c4c1c64c724","documents");
INSERT INTO ParentChild (pid, cid) VALUES ("c16fb57e-06a5-4755-bfd6-1865204abe14","db64dc1e-d015-4033-9fda-9c4c1c64c724");
INSERT INTO ChildType (cid, type) VALUES ("1046b2c0-1211-4df4-9b22-e1e6051a156e","documents");
INSERT INTO ParentChild (pid, cid) VALUES ("c16fb57e-06a5-4755-bfd6-1865204abe14","1046b2c0-1211-4df4-9b22-e1e6051a156e");
INSERT INTO ChildType (cid, type) VALUES ("1f15131c-d477-4832-9344-6b7132b5a0a6","documents");
INSERT INTO ParentChild (pid, cid) VALUES ("c16fb57e-06a5-4755-bfd6-1865204abe14","1f15131c-d477-4832-9344-6b7132b5a0a6");
INSERT INTO ChildType (cid, type) VALUES ("d99c6509-0a6f-4d2b-b499-48a5378a4246","documents");
INSERT INTO ParentChild (pid, cid) VALUES ("c16fb57e-06a5-4755-bfd6-1865204abe14","d99c6509-0a6f-4d2b-b499-48a5378a4246");
INSERT INTO ChildType (cid, type) VALUES ("52b2a32c-dbbc-40ab-bf13-34ce295db13b","documents");
INSERT INTO ParentChild (pid, cid) VALUES ("c16fb57e-06a5-4755-bfd6-1865204abe14","52b2a32c-dbbc-40ab-bf13-34ce295db13b");
INSERT INTO ChildType (cid, type) VALUES ("d996a636-a6e6-4337-972b-5c3b6187c7ad","documents");
INSERT INTO ParentChild (pid, cid) VALUES ("c16fb57e-06a5-4755-bfd6-1865204abe14","d996a636-a6e6-4337-972b-5c3b6187c7ad");
INSERT INTO ChildType (cid, type) VALUES ("fe1cd16a-d6c6-42e6-9426-a9158c6e4f42","documents");
INSERT INTO ParentChild (pid, cid) VALUES ("c16fb57e-06a5-4755-bfd6-1865204abe14","fe1cd16a-d6c6-42e6-9426-a9158c6e4f42");
INSERT INTO ChildType (cid, type) VALUES ("e2abfd3f-d0aa-4258-b571-8ed20420975c","documents");
INSERT INTO ParentChild (pid, cid) VALUES ("c16fb57e-06a5-4755-bfd6-1865204abe14","e2abfd3f-d0aa-4258-b571-8ed20420975c");
INSERT INTO ChildType (cid, type) VALUES ("0c23d05e-66a3-4cc2-b7fb-a4ac8ef49db2","documents");
INSERT INTO ParentChild (pid, cid) VALUES ("c16fb57e-06a5-4755-bfd6-1865204abe14","0c23d05e-66a3-4cc2-b7fb-a4ac8ef49db2");
INSERT INTO ChildType (cid, type) VALUES ("eeb7ed38-f0fc-46e5-a2d5-f6598d9182da","documents");
INSERT INTO ParentChild (pid, cid) VALUES ("c16fb57e-06a5-4755-bfd6-1865204abe14","eeb7ed38-f0fc-46e5-a2d5-f6598d9182da");
INSERT INTO ChildType (cid, type) VALUES ("e4a187da-5e2e-43f7-8f18-d035b20e79b3","documents");
INSERT INTO ParentChild (pid, cid) VALUES ("c16fb57e-06a5-4755-bfd6-1865204abe14","e4a187da-5e2e-43f7-8f18-d035b20e79b3");
INSERT INTO ChildType (cid, type) VALUES ("d80d6084-b05c-4c60-bb7a-d0c501553e27","documents");
INSERT INTO ParentChild (pid, cid) VALUES ("c16fb57e-06a5-4755-bfd6-1865204abe14","d80d6084-b05c-4c60-bb7a-d0c501553e27");
INSERT INTO ChildType (cid, type) VALUES ("bea877d8-beae-41ce-b882-98e27ce865dd","documents");
INSERT INTO ParentChild (pid, cid) VALUES ("c16fb57e-06a5-4755-bfd6-1865204abe14","bea877d8-beae-41ce-b882-98e27ce865dd");
INSERT INTO ChildType (cid, type) VALUES ("4af0c10f-b344-4a41-ac85-65f13aff5b88","documents");
INSERT INTO ParentChild (pid, cid) VALUES ("c16fb57e-06a5-4755-bfd6-1865204abe14","4af0c10f-b344-4a41-ac85-65f13aff5b88");
INSERT INTO ChildType (cid, type) VALUES ("add323d5-36dc-4db7-a6be-0d6bc993890a","documents");
INSERT INTO ParentChild (pid, cid) VALUES ("c16fb57e-06a5-4755-bfd6-1865204abe14","add323d5-36dc-4db7-a6be-0d6bc993890a");
INSERT INTO ChildType (cid, type) VALUES ("709b6bde-54b9-4c92-bd55-55c834d984a4","documents");
INSERT INTO ParentChild (pid, cid) VALUES ("c16fb57e-06a5-4755-bfd6-1865204abe14","709b6bde-54b9-4c92-bd55-55c834d984a4");
INSERT INTO ChildType (cid, type) VALUES ("3ce3efbd-1ae1-4209-adf2-d87fe9f17d8f","documents");
INSERT INTO ParentChild (pid, cid) VALUES ("c16fb57e-06a5-4755-bfd6-1865204abe14","3ce3efbd-1ae1-4209-adf2-d87fe9f17d8f");
INSERT INTO ChildType (cid, type) VALUES ("98d0649e-d711-4a77-814b-5c1f9221d9ab","documents");
INSERT INTO ParentChild (pid, cid) VALUES ("c16fb57e-06a5-4755-bfd6-1865204abe14","98d0649e-d711-4a77-814b-5c1f9221d9ab");
INSERT INTO ChildType (cid, type) VALUES ("a3612905-53d3-471e-9d3f-e7a7da387b51","documents");
INSERT INTO ParentChild (pid, cid) VALUES ("c16fb57e-06a5-4755-bfd6-1865204abe14","a3612905-53d3-471e-9d3f-e7a7da387b51");
INSERT INTO ChildType (cid, type) VALUES ("e15e26a3-a3f3-4582-9808-b157943ea8e7","documents");
INSERT INTO ParentChild (pid, cid) VALUES ("c16fb57e-06a5-4755-bfd6-1865204abe14","e15e26a3-a3f3-4582-9808-b157943ea8e7");
INSERT INTO ChildType (cid, type) VALUES ("d9da14f0-253c-4b74-868d-b506c575feb4","documents");
INSERT INTO ParentChild (pid, cid) VALUES ("c16fb57e-06a5-4755-bfd6-1865204abe14","d9da14f0-253c-4b74-868d-b506c575feb4");
INSERT INTO ChildType (cid, type) VALUES ("93327da8-8c9a-4d87-aa8a-ec60765aa64c","documents");
INSERT INTO ParentChild (pid, cid) VALUES ("c16fb57e-06a5-4755-bfd6-1865204abe14","93327da8-8c9a-4d87-aa8a-ec60765aa64c");
INSERT INTO ChildType (cid, type) VALUES ("25a936ff-9cd4-4310-98d8-880eaf253e68","documents");
INSERT INTO ParentChild (pid, cid) VALUES ("c16fb57e-06a5-4755-bfd6-1865204abe14","25a936ff-9cd4-4310-98d8-880eaf253e68");
INSERT INTO ChildType (cid, type) VALUES ("18d33900-bfc7-4e44-b4a3-509fee86e008","documents");
INSERT INTO ParentChild (pid, cid) VALUES ("c16fb57e-06a5-4755-bfd6-1865204abe14","18d33900-bfc7-4e44-b4a3-509fee86e008");
INSERT INTO ChildType (cid, type) VALUES ("115941b7-938c-46a4-9687-a374912159f4","documents");
INSERT INTO ParentChild (pid, cid) VALUES ("c16fb57e-06a5-4755-bfd6-1865204abe14","115941b7-938c-46a4-9687-a374912159f4");
INSERT INTO ChildType (cid, type) VALUES ("d33f41f5-f5a9-443e-80f4-d10dc239ed05","documents");
INSERT INTO ParentChild (pid, cid) VALUES ("c16fb57e-06a5-4755-bfd6-1865204abe14","d33f41f5-f5a9-443e-80f4-d10dc239ed05");
INSERT INTO ChildType (cid, type) VALUES ("9e0d541b-05f4-48d9-95df-9c29f867de5e","documents");
INSERT INTO ParentChild (pid, cid) VALUES ("c16fb57e-06a5-4755-bfd6-1865204abe14","9e0d541b-05f4-48d9-95df-9c29f867de5e");
INSERT INTO ChildType (cid, type) VALUES ("1d706a1d-49c5-48d3-9226-219a6d40923b","documents");
INSERT INTO ParentChild (pid, cid) VALUES ("c16fb57e-06a5-4755-bfd6-1865204abe14","1d706a1d-49c5-48d3-9226-219a6d40923b");
INSERT INTO ChildType (cid, type) VALUES ("041c0157-b95c-4269-96c9-65dcc9c42509","documents");
INSERT INTO ParentChild (pid, cid) VALUES ("c16fb57e-06a5-4755-bfd6-1865204abe14","041c0157-b95c-4269-96c9-65dcc9c42509");
INSERT INTO ChildType (cid, type) VALUES ("39ac4ffa-0597-4f82-959d-bde6d7eb6e8c","documents");
INSERT INTO ParentChild (pid, cid) VALUES ("c16fb57e-06a5-4755-bfd6-1865204abe14","39ac4ffa-0597-4f82-959d-bde6d7eb6e8c");
INSERT INTO ChildType (cid, type) VALUES ("df4eb993-5096-4836-8564-df070fd00822","documents");
INSERT INTO ParentChild (pid, cid) VALUES ("c16fb57e-06a5-4755-bfd6-1865204abe14","df4eb993-5096-4836-8564-df070fd00822");
INSERT INTO ChildType (cid, type) VALUES ("81e18855-3556-4d92-b368-cc547500f7cc","documents");
INSERT INTO ParentChild (pid, cid) VALUES ("c16fb57e-06a5-4755-bfd6-1865204abe14","81e18855-3556-4d92-b368-cc547500f7cc");
INSERT INTO ChildType (cid, type) VALUES ("65ebbf5f-3653-4b78-96e8-1f0c420b5d31","documents");
INSERT INTO ParentChild (pid, cid) VALUES ("c16fb57e-06a5-4755-bfd6-1865204abe14","65ebbf5f-3653-4b78-96e8-1f0c420b5d31");
INSERT INTO ChildType (cid, type) VALUES ("6f547a26-8c9a-4a57-a2ad-eb4bdd0cfb60","documents");
INSERT INTO ParentChild (pid, cid) VALUES ("c16fb57e-06a5-4755-bfd6-1865204abe14","6f547a26-8c9a-4a57-a2ad-eb4bdd0cfb60");
INSERT INTO ChildType (cid, type) VALUES ("11475697-e77a-4cf5-9273-4c1d7c6ff607","documents");
INSERT INTO ParentChild (pid, cid) VALUES ("c16fb57e-06a5-4755-bfd6-1865204abe14","11475697-e77a-4cf5-9273-4c1d7c6ff607");
INSERT INTO ChildType (cid, type) VALUES ("fbea6c2e-a2f9-475c-baaf-6f849937da77","documents");
INSERT INTO ParentChild (pid, cid) VALUES ("c16fb57e-06a5-4755-bfd6-1865204abe14","fbea6c2e-a2f9-475c-baaf-6f849937da77");
INSERT INTO ChildType (cid, type) VALUES ("3b2cab58-25b2-4302-9fcc-2c1d66f9e50f","documents");
INSERT INTO ParentChild (pid, cid) VALUES ("c16fb57e-06a5-4755-bfd6-1865204abe14","3b2cab58-25b2-4302-9fcc-2c1d66f9e50f");
INSERT INTO ChildType (cid, type) VALUES ("caadf032-6d5e-4775-84e2-afca78c99fed","documents");
INSERT INTO ParentChild (pid, cid) VALUES ("c16fb57e-06a5-4755-bfd6-1865204abe14","caadf032-6d5e-4775-84e2-afca78c99fed");
INSERT INTO ChildType (cid, type) VALUES ("940b45fd-9b0d-498f-ac00-9e31779759b2","documents");
INSERT INTO ParentChild (pid, cid) VALUES ("c16fb57e-06a5-4755-bfd6-1865204abe14","940b45fd-9b0d-498f-ac00-9e31779759b2");
INSERT INTO ChildType (cid, type) VALUES ("cf4df0da-945c-49e7-811b-27c536b35038","documents");
INSERT INTO ParentChild (pid, cid) VALUES ("c16fb57e-06a5-4755-bfd6-1865204abe14","cf4df0da-945c-49e7-811b-27c536b35038");
INSERT INTO ChildType (cid, type) VALUES ("fcf436dc-6de6-4a96-9719-9c6932c07a42","documents");
INSERT INTO ParentChild (pid, cid) VALUES ("c16fb57e-06a5-4755-bfd6-1865204abe14","fcf436dc-6de6-4a96-9719-9c6932c07a42");
INSERT INTO ChildType (cid, type) VALUES ("ba98a754-811d-4241-9a6e-d97905ada034","documents");
INSERT INTO ParentChild (pid, cid) VALUES ("c16fb57e-06a5-4755-bfd6-1865204abe14","ba98a754-811d-4241-9a6e-d97905ada034");
INSERT INTO ChildType (cid, type) VALUES ("f39151ef-fe7c-4b7a-8b89-0e82b733d7ae","documents");
INSERT INTO ParentChild (pid, cid) VALUES ("c16fb57e-06a5-4755-bfd6-1865204abe14","f39151ef-fe7c-4b7a-8b89-0e82b733d7ae");
INSERT INTO ChildType (cid, type) VALUES ("818605e3-4f34-4cc3-9c49-f812564fe1b3","documents");
INSERT INTO ParentChild (pid, cid) VALUES ("c16fb57e-06a5-4755-bfd6-1865204abe14","818605e3-4f34-4cc3-9c49-f812564fe1b3");
INSERT INTO ChildType (cid, type) VALUES ("02121396-bf83-446b-b94d-652c0dba71b2","documents");
INSERT INTO ParentChild (pid, cid) VALUES ("c16fb57e-06a5-4755-bfd6-1865204abe14","02121396-bf83-446b-b94d-652c0dba71b2");
INSERT INTO ChildType (cid, type) VALUES ("fbee61c0-7595-4113-8572-7332d78600bd","documents");
INSERT INTO ParentChild (pid, cid) VALUES ("c16fb57e-06a5-4755-bfd6-1865204abe14","fbee61c0-7595-4113-8572-7332d78600bd");
INSERT INTO ChildType (cid, type) VALUES ("62612722-2483-45d8-a038-c4b467245045","documents");
INSERT INTO ParentChild (pid, cid) VALUES ("c16fb57e-06a5-4755-bfd6-1865204abe14","62612722-2483-45d8-a038-c4b467245045");
INSERT INTO ChildType (cid, type) VALUES ("f1dde649-e455-446c-bb84-fe0b1f7826f2","documents");
INSERT INTO ParentChild (pid, cid) VALUES ("c16fb57e-06a5-4755-bfd6-1865204abe14","f1dde649-e455-446c-bb84-fe0b1f7826f2");
INSERT INTO ChildType (cid, type) VALUES ("69b1eec8-33fb-4caf-9e7b-e17010406c09","documents");
INSERT INTO ParentChild (pid, cid) VALUES ("c16fb57e-06a5-4755-bfd6-1865204abe14","69b1eec8-33fb-4caf-9e7b-e17010406c09");
INSERT INTO ChildType (cid, type) VALUES ("42202735-bc5f-48aa-bb0d-c33542d0464a","documents");
INSERT INTO ParentChild (pid, cid) VALUES ("c16fb57e-06a5-4755-bfd6-1865204abe14","42202735-bc5f-48aa-bb0d-c33542d0464a");
INSERT INTO ChildType (cid, type) VALUES ("6e85aae9-92bd-4825-b084-916d918a1697","documents");
INSERT INTO ParentChild (pid, cid) VALUES ("c16fb57e-06a5-4755-bfd6-1865204abe14","6e85aae9-92bd-4825-b084-916d918a1697");
INSERT INTO ChildType (cid, type) VALUES ("0f635a17-b91d-4f73-8bbb-2521bb7a3e8b","documents");
INSERT INTO ParentChild (pid, cid) VALUES ("c16fb57e-06a5-4755-bfd6-1865204abe14","0f635a17-b91d-4f73-8bbb-2521bb7a3e8b");
INSERT INTO ChildType (cid, type) VALUES ("ef62aef7-2d92-4c51-bce3-28a1fb121727","documents");
INSERT INTO ParentChild (pid, cid) VALUES ("c16fb57e-06a5-4755-bfd6-1865204abe14","ef62aef7-2d92-4c51-bce3-28a1fb121727");
INSERT INTO ChildType (cid, type) VALUES ("16ad1b69-ace3-46a2-a119-afa41bad16df","documents");
INSERT INTO ParentChild (pid, cid) VALUES ("c16fb57e-06a5-4755-bfd6-1865204abe14","16ad1b69-ace3-46a2-a119-afa41bad16df");
INSERT INTO ChildType (cid, type) VALUES ("0f4ef318-846f-455b-a07e-6ae10ff9595a","documents");
INSERT INTO ParentChild (pid, cid) VALUES ("c16fb57e-06a5-4755-bfd6-1865204abe14","0f4ef318-846f-455b-a07e-6ae10ff9595a");
INSERT INTO ChildType (cid, type) VALUES ("abde8c69-9b76-4e76-849b-8105ac4ec88a","documents");
INSERT INTO ParentChild (pid, cid) VALUES ("c16fb57e-06a5-4755-bfd6-1865204abe14","abde8c69-9b76-4e76-849b-8105ac4ec88a");
INSERT INTO ChildType (cid, type) VALUES ("9735ba47-a203-4fc0-9e17-f0dc074943be","documents");
INSERT INTO ParentChild (pid, cid) VALUES ("c16fb57e-06a5-4755-bfd6-1865204abe14","9735ba47-a203-4fc0-9e17-f0dc074943be");
INSERT INTO ChildType (cid, type) VALUES ("9dea83a0-8164-468e-8c3a-558347eff38d","documents");
INSERT INTO ParentChild (pid, cid) VALUES ("c16fb57e-06a5-4755-bfd6-1865204abe14","9dea83a0-8164-468e-8c3a-558347eff38d");
INSERT INTO ChildType (cid, type) VALUES ("b934d7cb-eba8-432e-b2a0-2ace733f6186","documents");
INSERT INTO ParentChild (pid, cid) VALUES ("c16fb57e-06a5-4755-bfd6-1865204abe14","b934d7cb-eba8-432e-b2a0-2ace733f6186");
INSERT INTO ChildType (cid, type) VALUES ("a89b7f61-2547-4f93-8403-9b2d2cb49eda","documents");
INSERT INTO ParentChild (pid, cid) VALUES ("c16fb57e-06a5-4755-bfd6-1865204abe14","a89b7f61-2547-4f93-8403-9b2d2cb49eda");
INSERT INTO ChildType (cid, type) VALUES ("a108f09c-9f2a-4d05-aa0d-532fe98f2012","documents");
INSERT INTO ParentChild (pid, cid) VALUES ("c16fb57e-06a5-4755-bfd6-1865204abe14","a108f09c-9f2a-4d05-aa0d-532fe98f2012");
INSERT INTO ChildType (cid, type) VALUES ("a42a3311-8783-4a68-8f30-0b8f65335963","documents");
INSERT INTO ParentChild (pid, cid) VALUES ("c16fb57e-06a5-4755-bfd6-1865204abe14","a42a3311-8783-4a68-8f30-0b8f65335963");
INSERT INTO ChildType (cid, type) VALUES ("a7934448-38a4-4350-b421-b818ac3db5e1","documents");
INSERT INTO ParentChild (pid, cid) VALUES ("c16fb57e-06a5-4755-bfd6-1865204abe14","a7934448-38a4-4350-b421-b818ac3db5e1");
INSERT INTO ChildType (cid, type) VALUES ("601e8178-d2ff-48bc-9795-a41e89f9d5e5","documents");
INSERT INTO ParentChild (pid, cid) VALUES ("c16fb57e-06a5-4755-bfd6-1865204abe14","601e8178-d2ff-48bc-9795-a41e89f9d5e5");
INSERT INTO ChildType (cid, type) VALUES ("c560a556-8b2d-44ed-b7f6-bc7100795f8d","documents");
INSERT INTO ParentChild (pid, cid) VALUES ("c16fb57e-06a5-4755-bfd6-1865204abe14","c560a556-8b2d-44ed-b7f6-bc7100795f8d");
INSERT INTO ChildType (cid, type) VALUES ("b3367271-9132-4c0e-83a3-baa9417ab8ea","documents");
INSERT INTO ParentChild (pid, cid) VALUES ("c16fb57e-06a5-4755-bfd6-1865204abe14","b3367271-9132-4c0e-83a3-baa9417ab8ea");
INSERT INTO ChildType (cid, type) VALUES ("f6df8d43-0e4a-45e8-83b0-b5de1ff7fb52","documents");
INSERT INTO ParentChild (pid, cid) VALUES ("c16fb57e-06a5-4755-bfd6-1865204abe14","f6df8d43-0e4a-45e8-83b0-b5de1ff7fb52");
INSERT INTO ChildType (cid, type) VALUES ("91bb88d6-fba8-4a27-98b6-924c490fc466","documents");
INSERT INTO ParentChild (pid, cid) VALUES ("c16fb57e-06a5-4755-bfd6-1865204abe14","91bb88d6-fba8-4a27-98b6-924c490fc466");
INSERT INTO ChildType (cid, type) VALUES ("da943cab-4904-45d6-a6b9-48ba875e667c","documents");
INSERT INTO ParentChild (pid, cid) VALUES ("c16fb57e-06a5-4755-bfd6-1865204abe14","da943cab-4904-45d6-a6b9-48ba875e667c");
INSERT INTO ChildType (cid, type) VALUES ("5b76258b-7c31-4f64-a733-1c71b5fb51b2","documents");
INSERT INTO ParentChild (pid, cid) VALUES ("c16fb57e-06a5-4755-bfd6-1865204abe14","5b76258b-7c31-4f64-a733-1c71b5fb51b2");
INSERT INTO ChildType (cid, type) VALUES ("29e5b349-3019-40b3-8c56-cf5299bd8a35","documents");
INSERT INTO ParentChild (pid, cid) VALUES ("c16fb57e-06a5-4755-bfd6-1865204abe14","29e5b349-3019-40b3-8c56-cf5299bd8a35");
INSERT INTO ChildType (cid, type) VALUES ("d95c4fe4-4c0b-4acc-9846-41a8ded7cb66","documents");
INSERT INTO ParentChild (pid, cid) VALUES ("c16fb57e-06a5-4755-bfd6-1865204abe14","d95c4fe4-4c0b-4acc-9846-41a8ded7cb66");
INSERT INTO ChildType (cid, type) VALUES ("d0e13852-2e1a-446d-9bf5-f473e50a2b9d","documents");
INSERT INTO ParentChild (pid, cid) VALUES ("c16fb57e-06a5-4755-bfd6-1865204abe14","d0e13852-2e1a-446d-9bf5-f473e50a2b9d");
INSERT INTO ChildType (cid, type) VALUES ("75a4f895-2264-4881-8332-0024b70998a2","documents");
INSERT INTO ParentChild (pid, cid) VALUES ("c16fb57e-06a5-4755-bfd6-1865204abe14","75a4f895-2264-4881-8332-0024b70998a2");
INSERT INTO ChildType (cid, type) VALUES ("51a122e2-49d7-4f29-85c5-dfdc3524a33e","documents");
INSERT INTO ParentChild (pid, cid) VALUES ("c16fb57e-06a5-4755-bfd6-1865204abe14","51a122e2-49d7-4f29-85c5-dfdc3524a33e");
INSERT INTO ChildType (cid, type) VALUES ("2bb961d1-9a7e-488c-aaca-ff7dfc98d87d","documents");
INSERT INTO ParentChild (pid, cid) VALUES ("c16fb57e-06a5-4755-bfd6-1865204abe14","2bb961d1-9a7e-488c-aaca-ff7dfc98d87d");
INSERT INTO ChildType (cid, type) VALUES ("763d1c1d-4d0f-493c-a7f5-5764eb17fb08","documents");
INSERT INTO ParentChild (pid, cid) VALUES ("c16fb57e-06a5-4755-bfd6-1865204abe14","763d1c1d-4d0f-493c-a7f5-5764eb17fb08");
INSERT INTO ChildType (cid, type) VALUES ("9e306f94-7439-40ae-b983-4b59ff5a3968","documents");
INSERT INTO ParentChild (pid, cid) VALUES ("c16fb57e-06a5-4755-bfd6-1865204abe14","9e306f94-7439-40ae-b983-4b59ff5a3968");
INSERT INTO ChildType (cid, type) VALUES ("433bbf11-8d9b-4fc1-8656-92f5c308e3b3","documents");
INSERT INTO ParentChild (pid, cid) VALUES ("c16fb57e-06a5-4755-bfd6-1865204abe14","433bbf11-8d9b-4fc1-8656-92f5c308e3b3");
INSERT INTO ChildType (cid, type) VALUES ("8ee1062d-fed9-4ebc-8fdb-e5a8e7823e29","documents");
INSERT INTO ParentChild (pid, cid) VALUES ("c16fb57e-06a5-4755-bfd6-1865204abe14","8ee1062d-fed9-4ebc-8fdb-e5a8e7823e29");
INSERT INTO ChildType (cid, type) VALUES ("0bdcad40-cb52-4572-9327-3a10b13471b1","documents");
INSERT INTO ParentChild (pid, cid) VALUES ("c16fb57e-06a5-4755-bfd6-1865204abe14","0bdcad40-cb52-4572-9327-3a10b13471b1");
INSERT INTO ChildType (cid, type) VALUES ("8adcce00-4b99-4bad-865a-6ee8054cbe19","documents");
INSERT INTO ParentChild (pid, cid) VALUES ("c16fb57e-06a5-4755-bfd6-1865204abe14","8adcce00-4b99-4bad-865a-6ee8054cbe19");
INSERT INTO ChildType (cid, type) VALUES ("df4187eb-a34a-487c-86c4-0d427c70863d","documents");
INSERT INTO ParentChild (pid, cid) VALUES ("c16fb57e-06a5-4755-bfd6-1865204abe14","df4187eb-a34a-487c-86c4-0d427c70863d");
INSERT INTO ChildType (cid, type) VALUES ("baa1cf11-5a8b-48c7-9bff-e52c18a1ef43","documents");
INSERT INTO ParentChild (pid, cid) VALUES ("c16fb57e-06a5-4755-bfd6-1865204abe14","baa1cf11-5a8b-48c7-9bff-e52c18a1ef43");
INSERT INTO ChildType (cid, type) VALUES ("169ec8b3-3a79-4ea4-acf6-42dd21c6b427","documents");
INSERT INTO ParentChild (pid, cid) VALUES ("c16fb57e-06a5-4755-bfd6-1865204abe14","169ec8b3-3a79-4ea4-acf6-42dd21c6b427");
INSERT INTO ChildType (cid, type) VALUES ("ebbe9ec5-4237-44db-a179-e173eaa7b613","documents");
INSERT INTO ParentChild (pid, cid) VALUES ("c16fb57e-06a5-4755-bfd6-1865204abe14","ebbe9ec5-4237-44db-a179-e173eaa7b613");
INSERT INTO ChildType (cid, type) VALUES ("6b913b06-6e2b-4bd1-b770-b5ee31c8f32c","documents");
INSERT INTO ParentChild (pid, cid) VALUES ("c16fb57e-06a5-4755-bfd6-1865204abe14","6b913b06-6e2b-4bd1-b770-b5ee31c8f32c");
INSERT INTO ChildType (cid, type) VALUES ("76c10614-3d34-4333-ab34-a6bba22d581f","documents");
INSERT INTO ParentChild (pid, cid) VALUES ("c16fb57e-06a5-4755-bfd6-1865204abe14","76c10614-3d34-4333-ab34-a6bba22d581f");
INSERT INTO ChildType (cid, type) VALUES ("3239609c-33d5-47ed-8cc8-ffe53921a22f","documents");
INSERT INTO ParentChild (pid, cid) VALUES ("c16fb57e-06a5-4755-bfd6-1865204abe14","3239609c-33d5-47ed-8cc8-ffe53921a22f");
INSERT INTO ChildType (cid, type) VALUES ("269734d7-93cb-4e40-858f-b696462fe696","documents");
INSERT INTO ParentChild (pid, cid) VALUES ("c16fb57e-06a5-4755-bfd6-1865204abe14","269734d7-93cb-4e40-858f-b696462fe696");
INSERT INTO ChildType (cid, type) VALUES ("31ddc415-6aad-4828-9a32-a8e0010f8ec8","documents");
INSERT INTO ParentChild (pid, cid) VALUES ("c16fb57e-06a5-4755-bfd6-1865204abe14","31ddc415-6aad-4828-9a32-a8e0010f8ec8");
INSERT INTO ChildType (cid, type) VALUES ("108a8807-42d8-4498-9d4b-7ca4d38899ee","documents");
INSERT INTO ParentChild (pid, cid) VALUES ("c16fb57e-06a5-4755-bfd6-1865204abe14","108a8807-42d8-4498-9d4b-7ca4d38899ee");
INSERT INTO ChildType (cid, type) VALUES ("1217e07d-f09e-4646-b7f3-88e68e52bcd8","documents");
INSERT INTO ParentChild (pid, cid) VALUES ("c16fb57e-06a5-4755-bfd6-1865204abe14","1217e07d-f09e-4646-b7f3-88e68e52bcd8");
INSERT INTO ChildType (cid, type) VALUES ("bf09240c-81be-44dc-ad9c-a2a14f482870","documents");
INSERT INTO ParentChild (pid, cid) VALUES ("c16fb57e-06a5-4755-bfd6-1865204abe14","bf09240c-81be-44dc-ad9c-a2a14f482870");
INSERT INTO ChildType (cid, type) VALUES ("3da24d57-0ed0-43bb-93fb-c50a1afec290","documents");
INSERT INTO ParentChild (pid, cid) VALUES ("c16fb57e-06a5-4755-bfd6-1865204abe14","3da24d57-0ed0-43bb-93fb-c50a1afec290");
INSERT INTO ChildType (cid, type) VALUES ("16c065bc-5402-4eda-b75c-8e8990ea1fc1","documents");
INSERT INTO ParentChild (pid, cid) VALUES ("c16fb57e-06a5-4755-bfd6-1865204abe14","16c065bc-5402-4eda-b75c-8e8990ea1fc1");
INSERT INTO ChildType (cid, type) VALUES ("50ae4f2e-3d49-4bc4-ba31-8299af8bf97a","documents");
INSERT INTO ParentChild (pid, cid) VALUES ("c16fb57e-06a5-4755-bfd6-1865204abe14","50ae4f2e-3d49-4bc4-ba31-8299af8bf97a");
INSERT INTO ChildType (cid, type) VALUES ("7871a2ae-71a1-4c45-8dcf-f261dc763a33","documents");
INSERT INTO ParentChild (pid, cid) VALUES ("c16fb57e-06a5-4755-bfd6-1865204abe14","7871a2ae-71a1-4c45-8dcf-f261dc763a33");
INSERT INTO ChildType (cid, type) VALUES ("57b1e824-c818-43cd-820e-32e948e5fda7","documents");
INSERT INTO ParentChild (pid, cid) VALUES ("c16fb57e-06a5-4755-bfd6-1865204abe14","57b1e824-c818-43cd-820e-32e948e5fda7");
INSERT INTO ChildType (cid, type) VALUES ("86f8b64f-d22c-48bd-a385-8481bcc4a337","documents");
INSERT INTO ParentChild (pid, cid) VALUES ("c16fb57e-06a5-4755-bfd6-1865204abe14","86f8b64f-d22c-48bd-a385-8481bcc4a337");
INSERT INTO ChildType (cid, type) VALUES ("3148e66b-e68c-4296-92a2-d1dba14d343b","documents");
INSERT INTO ParentChild (pid, cid) VALUES ("c16fb57e-06a5-4755-bfd6-1865204abe14","3148e66b-e68c-4296-92a2-d1dba14d343b");
INSERT INTO ChildType (cid, type) VALUES ("7f68db59-c83f-406a-af25-62c5cacf0e91","documents");
INSERT INTO ParentChild (pid, cid) VALUES ("c16fb57e-06a5-4755-bfd6-1865204abe14","7f68db59-c83f-406a-af25-62c5cacf0e91");
INSERT INTO ChildType (cid, type) VALUES ("91e38ece-3e32-40a5-b482-882182f121a5","documents");
INSERT INTO ParentChild (pid, cid) VALUES ("c16fb57e-06a5-4755-bfd6-1865204abe14","91e38ece-3e32-40a5-b482-882182f121a5");
INSERT INTO ChildType (cid, type) VALUES ("b9203c1f-be14-484b-8d14-c9c4d2db294f","documents");
INSERT INTO ParentChild (pid, cid) VALUES ("c16fb57e-06a5-4755-bfd6-1865204abe14","b9203c1f-be14-484b-8d14-c9c4d2db294f");
INSERT INTO ChildType (cid, type) VALUES ("dbb0b185-a80d-4ef6-9552-45de947d3f9c","documents");
INSERT INTO ParentChild (pid, cid) VALUES ("c16fb57e-06a5-4755-bfd6-1865204abe14","dbb0b185-a80d-4ef6-9552-45de947d3f9c");
INSERT INTO ChildType (cid, type) VALUES ("af07ede6-97a2-4a0d-b845-5ae68f5d6cb5","documents");
INSERT INTO ParentChild (pid, cid) VALUES ("c16fb57e-06a5-4755-bfd6-1865204abe14","af07ede6-97a2-4a0d-b845-5ae68f5d6cb5");
INSERT INTO ChildType (cid, type) VALUES ("bcfcba72-8142-4c2c-940b-47b5b2ed7b23","documents");
INSERT INTO ParentChild (pid, cid) VALUES ("c16fb57e-06a5-4755-bfd6-1865204abe14","bcfcba72-8142-4c2c-940b-47b5b2ed7b23");
INSERT INTO ChildType (cid, type) VALUES ("792e7e1b-a9fb-4038-89ea-6886bd0e1f59","documents");
INSERT INTO ParentChild (pid, cid) VALUES ("c16fb57e-06a5-4755-bfd6-1865204abe14","792e7e1b-a9fb-4038-89ea-6886bd0e1f59");
INSERT INTO ChildType (cid, type) VALUES ("63171f39-992e-4b67-9114-5d6d0780a7e3","documents");
INSERT INTO ParentChild (pid, cid) VALUES ("c16fb57e-06a5-4755-bfd6-1865204abe14","63171f39-992e-4b67-9114-5d6d0780a7e3");
INSERT INTO ChildType (cid, type) VALUES ("c1d021df-cefd-47cc-ba1d-f6cbb4dfa809","documents");
INSERT INTO ParentChild (pid, cid) VALUES ("c16fb57e-06a5-4755-bfd6-1865204abe14","c1d021df-cefd-47cc-ba1d-f6cbb4dfa809");
INSERT INTO ChildType (cid, type) VALUES ("180b4b8e-d93e-4b2f-88b5-f2277bdb3f07","documents");
INSERT INTO ParentChild (pid, cid) VALUES ("c16fb57e-06a5-4755-bfd6-1865204abe14","180b4b8e-d93e-4b2f-88b5-f2277bdb3f07");
INSERT INTO ChildType (cid, type) VALUES ("7de33739-30f7-4ff2-a6e8-dbcb621284d3","documents");
INSERT INTO ParentChild (pid, cid) VALUES ("c16fb57e-06a5-4755-bfd6-1865204abe14","7de33739-30f7-4ff2-a6e8-dbcb621284d3");
INSERT INTO ChildType (cid, type) VALUES ("c8ef85af-b38a-4957-9920-4fec2a221836","documents");
INSERT INTO ParentChild (pid, cid) VALUES ("c16fb57e-06a5-4755-bfd6-1865204abe14","c8ef85af-b38a-4957-9920-4fec2a221836");
INSERT INTO ChildType (cid, type) VALUES ("350cbf0f-42e3-42ce-8805-250dbb6843f9","documents");
INSERT INTO ParentChild (pid, cid) VALUES ("c16fb57e-06a5-4755-bfd6-1865204abe14","350cbf0f-42e3-42ce-8805-250dbb6843f9");
INSERT INTO ChildType (cid, type) VALUES ("a49abc72-99e4-4a98-a4c1-00df2102aab5","documents");
INSERT INTO ParentChild (pid, cid) VALUES ("c16fb57e-06a5-4755-bfd6-1865204abe14","a49abc72-99e4-4a98-a4c1-00df2102aab5");
INSERT INTO ChildType (cid, type) VALUES ("db8fad2d-024d-4c44-919e-1b449a88e32a","documents");
INSERT INTO ParentChild (pid, cid) VALUES ("c16fb57e-06a5-4755-bfd6-1865204abe14","db8fad2d-024d-4c44-919e-1b449a88e32a");
INSERT INTO ChildType (cid, type) VALUES ("e4087eef-f1ea-4c8b-b52c-7ca2bae58afb","documents");
INSERT INTO ParentChild (pid, cid) VALUES ("c16fb57e-06a5-4755-bfd6-1865204abe14","e4087eef-f1ea-4c8b-b52c-7ca2bae58afb");
INSERT INTO ChildType (cid, type) VALUES ("3bacdc55-1558-40a4-85cf-124a1f9b64b5","documents");
INSERT INTO ParentChild (pid, cid) VALUES ("c16fb57e-06a5-4755-bfd6-1865204abe14","3bacdc55-1558-40a4-85cf-124a1f9b64b5");
INSERT INTO ChildType (cid, type) VALUES ("8170cb8c-0755-4676-a2be-4069c9cbeec9","documents");
INSERT INTO ParentChild (pid, cid) VALUES ("c16fb57e-06a5-4755-bfd6-1865204abe14","8170cb8c-0755-4676-a2be-4069c9cbeec9");
INSERT INTO ChildType (cid, type) VALUES ("b78a5d5e-299e-47c5-b7cc-e204d1813fdf","documents");
INSERT INTO ParentChild (pid, cid) VALUES ("c16fb57e-06a5-4755-bfd6-1865204abe14","b78a5d5e-299e-47c5-b7cc-e204d1813fdf");
INSERT INTO ChildType (cid, type) VALUES ("5623fe65-6f15-4909-bea8-aab24610e2bf","documents");
INSERT INTO ParentChild (pid, cid) VALUES ("c16fb57e-06a5-4755-bfd6-1865204abe14","5623fe65-6f15-4909-bea8-aab24610e2bf");
INSERT INTO ChildType (cid, type) VALUES ("67d2d34b-637b-42b9-8021-c83b429580a0","documents");
INSERT INTO ParentChild (pid, cid) VALUES ("c16fb57e-06a5-4755-bfd6-1865204abe14","67d2d34b-637b-42b9-8021-c83b429580a0");
INSERT INTO ChildType (cid, type) VALUES ("08b52f49-c090-4dcd-ab35-a7ed835c2f6d","documents");
INSERT INTO ParentChild (pid, cid) VALUES ("c16fb57e-06a5-4755-bfd6-1865204abe14","08b52f49-c090-4dcd-ab35-a7ed835c2f6d");
INSERT INTO ChildType (cid, type) VALUES ("0b610731-1178-4da6-9f68-f0c3c7bddf64","documents");
INSERT INTO ParentChild (pid, cid) VALUES ("c16fb57e-06a5-4755-bfd6-1865204abe14","0b610731-1178-4da6-9f68-f0c3c7bddf64");
INSERT INTO ChildType (cid, type) VALUES ("76d3d1f4-34b1-4875-95c7-4e8d04070f13","documents");
INSERT INTO ParentChild (pid, cid) VALUES ("c16fb57e-06a5-4755-bfd6-1865204abe14","76d3d1f4-34b1-4875-95c7-4e8d04070f13");
INSERT INTO ChildType (cid, type) VALUES ("83e901da-385b-4ee7-bc8a-9b0c10071cec","documents");
INSERT INTO ParentChild (pid, cid) VALUES ("c16fb57e-06a5-4755-bfd6-1865204abe14","83e901da-385b-4ee7-bc8a-9b0c10071cec");
INSERT INTO ChildType (cid, type) VALUES ("83ac7cba-2604-404c-b471-fe0454804317","documents");
INSERT INTO ParentChild (pid, cid) VALUES ("c16fb57e-06a5-4755-bfd6-1865204abe14","83ac7cba-2604-404c-b471-fe0454804317");
INSERT INTO ChildType (cid, type) VALUES ("36aa27ac-6df3-4e1c-a8e6-3ca08079e78c","documents");
INSERT INTO ParentChild (pid, cid) VALUES ("c16fb57e-06a5-4755-bfd6-1865204abe14","36aa27ac-6df3-4e1c-a8e6-3ca08079e78c");
INSERT INTO ChildType (cid, type) VALUES ("5ec81527-c73f-4e5c-86ac-8d0a0e8b87d0","documents");
INSERT INTO ParentChild (pid, cid) VALUES ("c16fb57e-06a5-4755-bfd6-1865204abe14","5ec81527-c73f-4e5c-86ac-8d0a0e8b87d0");
INSERT INTO ChildType (cid, type) VALUES ("3003d6ea-2d1f-4191-971d-f0bb4bd35e77","documents");
INSERT INTO ParentChild (pid, cid) VALUES ("c16fb57e-06a5-4755-bfd6-1865204abe14","3003d6ea-2d1f-4191-971d-f0bb4bd35e77");
INSERT INTO ChildType (cid, type) VALUES ("7a838c38-7b0b-4eb0-9963-d93b19ccee4c","documents");
INSERT INTO ParentChild (pid, cid) VALUES ("c16fb57e-06a5-4755-bfd6-1865204abe14","7a838c38-7b0b-4eb0-9963-d93b19ccee4c");
INSERT INTO ChildType (cid, type) VALUES ("72371566-ae0c-4e70-ad6a-5194ae1820f1","documents");
INSERT INTO ParentChild (pid, cid) VALUES ("c16fb57e-06a5-4755-bfd6-1865204abe14","72371566-ae0c-4e70-ad6a-5194ae1820f1");
INSERT INTO ChildType (cid, type) VALUES ("429104d4-8e14-4dd1-bf3a-7502ab69788e","documents");
INSERT INTO ParentChild (pid, cid) VALUES ("c16fb57e-06a5-4755-bfd6-1865204abe14","429104d4-8e14-4dd1-bf3a-7502ab69788e");
INSERT INTO ChildType (cid, type) VALUES ("33eb591e-7b68-474b-928b-64825c478f5c","documents");
INSERT INTO ParentChild (pid, cid) VALUES ("c16fb57e-06a5-4755-bfd6-1865204abe14","33eb591e-7b68-474b-928b-64825c478f5c");
INSERT INTO ChildType (cid, type) VALUES ("af01f211-1c8e-4836-aa90-24d3b08c2544","documents");
INSERT INTO ParentChild (pid, cid) VALUES ("c16fb57e-06a5-4755-bfd6-1865204abe14","af01f211-1c8e-4836-aa90-24d3b08c2544");
INSERT INTO ChildType (cid, type) VALUES ("5b86f944-8a50-40be-b1e2-0d00fe552ab2","documents");
INSERT INTO ParentChild (pid, cid) VALUES ("c16fb57e-06a5-4755-bfd6-1865204abe14","5b86f944-8a50-40be-b1e2-0d00fe552ab2");
INSERT INTO ChildType (cid, type) VALUES ("8d2112a1-ac33-4063-b9b5-d6f356a0e72b","documents");
INSERT INTO ParentChild (pid, cid) VALUES ("c16fb57e-06a5-4755-bfd6-1865204abe14","8d2112a1-ac33-4063-b9b5-d6f356a0e72b");
INSERT INTO ChildType (cid, type) VALUES ("29ab49aa-a75a-4076-a126-da4f384cad25","documents");
INSERT INTO ParentChild (pid, cid) VALUES ("c16fb57e-06a5-4755-bfd6-1865204abe14","29ab49aa-a75a-4076-a126-da4f384cad25");
INSERT INTO ChildType (cid, type) VALUES ("729827b9-6679-4296-8442-f14eb10b4af0","documents");
INSERT INTO ParentChild (pid, cid) VALUES ("c16fb57e-06a5-4755-bfd6-1865204abe14","729827b9-6679-4296-8442-f14eb10b4af0");
INSERT INTO ChildType (cid, type) VALUES ("b6ba5496-b329-42c0-865e-2cad897aa7c5","documents");
INSERT INTO ParentChild (pid, cid) VALUES ("c16fb57e-06a5-4755-bfd6-1865204abe14","b6ba5496-b329-42c0-865e-2cad897aa7c5");
INSERT INTO ChildType (cid, type) VALUES ("288f2a67-3a66-4e49-8909-acca2ae403bc","documents");
INSERT INTO ParentChild (pid, cid) VALUES ("c16fb57e-06a5-4755-bfd6-1865204abe14","288f2a67-3a66-4e49-8909-acca2ae403bc");
INSERT INTO ChildType (cid, type) VALUES ("631de903-9419-4ef6-a872-d5495d81e3da","documents");
INSERT INTO ParentChild (pid, cid) VALUES ("c16fb57e-06a5-4755-bfd6-1865204abe14","631de903-9419-4ef6-a872-d5495d81e3da");
INSERT INTO ChildType (cid, type) VALUES ("64e1e923-bb75-4ce7-91c2-7fdbf1111410","documents");
INSERT INTO ParentChild (pid, cid) VALUES ("c16fb57e-06a5-4755-bfd6-1865204abe14","64e1e923-bb75-4ce7-91c2-7fdbf1111410");
INSERT INTO ChildType (cid, type) VALUES ("fc975196-04c5-4b71-8192-f44ca548bf50","documents");
INSERT INTO ParentChild (pid, cid) VALUES ("c16fb57e-06a5-4755-bfd6-1865204abe14","fc975196-04c5-4b71-8192-f44ca548bf50");
INSERT INTO ChildType (cid, type) VALUES ("f56e1cf7-ddb1-45ac-bc4c-b52f9da60b12","documents");
INSERT INTO ParentChild (pid, cid) VALUES ("c16fb57e-06a5-4755-bfd6-1865204abe14","f56e1cf7-ddb1-45ac-bc4c-b52f9da60b12");
INSERT INTO ChildType (cid, type) VALUES ("07a7936c-9c4a-49d2-963d-71501a04033c","documents");
INSERT INTO ParentChild (pid, cid) VALUES ("c16fb57e-06a5-4755-bfd6-1865204abe14","07a7936c-9c4a-49d2-963d-71501a04033c");
INSERT INTO ChildType (cid, type) VALUES ("eccbbd8e-f316-4e34-b2c0-ca60e4c8a444","documents");
INSERT INTO ParentChild (pid, cid) VALUES ("c16fb57e-06a5-4755-bfd6-1865204abe14","eccbbd8e-f316-4e34-b2c0-ca60e4c8a444");
INSERT INTO ChildType (cid, type) VALUES ("12119fa1-7cc9-41fb-aa67-e3846b9e6329","documents");
INSERT INTO ParentChild (pid, cid) VALUES ("c16fb57e-06a5-4755-bfd6-1865204abe14","12119fa1-7cc9-41fb-aa67-e3846b9e6329");
INSERT INTO ChildType (cid, type) VALUES ("13c44a20-7496-4e64-a867-64c852f311dd","documents");
INSERT INTO ParentChild (pid, cid) VALUES ("c16fb57e-06a5-4755-bfd6-1865204abe14","13c44a20-7496-4e64-a867-64c852f311dd");
INSERT INTO ChildType (cid, type) VALUES ("9187db6d-a6fa-48cc-8dc2-2c581f8784e0","documents");
INSERT INTO ParentChild (pid, cid) VALUES ("c16fb57e-06a5-4755-bfd6-1865204abe14","9187db6d-a6fa-48cc-8dc2-2c581f8784e0");
INSERT INTO ChildType (cid, type) VALUES ("d4f348c0-ac2a-4448-bb1b-19e44dae4a94","documents");
INSERT INTO ParentChild (pid, cid) VALUES ("c16fb57e-06a5-4755-bfd6-1865204abe14","d4f348c0-ac2a-4448-bb1b-19e44dae4a94");
INSERT INTO ChildType (cid, type) VALUES ("03fd3892-bcd6-4756-8e7e-cf6882573b79","documents");
INSERT INTO ParentChild (pid, cid) VALUES ("c16fb57e-06a5-4755-bfd6-1865204abe14","03fd3892-bcd6-4756-8e7e-cf6882573b79");
INSERT INTO ChildType (cid, type) VALUES ("f9930df0-ecf9-470b-8512-22159d0d0ca6","documents");
INSERT INTO ParentChild (pid, cid) VALUES ("c16fb57e-06a5-4755-bfd6-1865204abe14","f9930df0-ecf9-470b-8512-22159d0d0ca6");
INSERT INTO ChildType (cid, type) VALUES ("77c57dbb-0fdd-4cf2-83cf-5d5fcabbd5be","documents");
INSERT INTO ParentChild (pid, cid) VALUES ("c16fb57e-06a5-4755-bfd6-1865204abe14","77c57dbb-0fdd-4cf2-83cf-5d5fcabbd5be");
INSERT INTO ChildType (cid, type) VALUES ("2789d682-7b27-40ac-b933-ef82ac1b268a","documents");
INSERT INTO ParentChild (pid, cid) VALUES ("c16fb57e-06a5-4755-bfd6-1865204abe14","2789d682-7b27-40ac-b933-ef82ac1b268a");
INSERT INTO ChildType (cid, type) VALUES ("d6ab5eba-e638-4f1d-a757-358765f9aaae","documents");
INSERT INTO ParentChild (pid, cid) VALUES ("c16fb57e-06a5-4755-bfd6-1865204abe14","d6ab5eba-e638-4f1d-a757-358765f9aaae");
INSERT INTO ChildType (cid, type) VALUES ("cfc3c428-5918-4478-b803-e8f5a5110405","documents");
INSERT INTO ParentChild (pid, cid) VALUES ("c16fb57e-06a5-4755-bfd6-1865204abe14","cfc3c428-5918-4478-b803-e8f5a5110405");
INSERT INTO ChildType (cid, type) VALUES ("f72bf8bd-2ad9-470f-adc5-c908494e7ba7","documents");
INSERT INTO ParentChild (pid, cid) VALUES ("c16fb57e-06a5-4755-bfd6-1865204abe14","f72bf8bd-2ad9-470f-adc5-c908494e7ba7");
INSERT INTO ChildType (cid, type) VALUES ("46fe139c-375f-443c-b73d-1f47ee213a20","documents");
INSERT INTO ParentChild (pid, cid) VALUES ("c16fb57e-06a5-4755-bfd6-1865204abe14","46fe139c-375f-443c-b73d-1f47ee213a20");
INSERT INTO ChildType (cid, type) VALUES ("85fd3194-9555-433e-b108-253b68a4e869","documents");
INSERT INTO ParentChild (pid, cid) VALUES ("c16fb57e-06a5-4755-bfd6-1865204abe14","85fd3194-9555-433e-b108-253b68a4e869");
INSERT INTO ChildType (cid, type) VALUES ("e7948451-66bc-4219-996f-c875f6858695","documents");
INSERT INTO ParentChild (pid, cid) VALUES ("c16fb57e-06a5-4755-bfd6-1865204abe14","e7948451-66bc-4219-996f-c875f6858695");
INSERT INTO ChildType (cid, type) VALUES ("f32fc172-9d4d-4c0e-8d40-08cdf7a150b6","documents");
INSERT INTO ParentChild (pid, cid) VALUES ("c16fb57e-06a5-4755-bfd6-1865204abe14","f32fc172-9d4d-4c0e-8d40-08cdf7a150b6");
INSERT INTO ChildType (cid, type) VALUES ("037c0d99-c0e7-4c53-8599-53ff8f8677c6","documents");
INSERT INTO ParentChild (pid, cid) VALUES ("c16fb57e-06a5-4755-bfd6-1865204abe14","037c0d99-c0e7-4c53-8599-53ff8f8677c6");
INSERT INTO ChildType (cid, type) VALUES ("f460f2aa-c979-4111-b249-6fed5c02723a","documents");
INSERT INTO ParentChild (pid, cid) VALUES ("c16fb57e-06a5-4755-bfd6-1865204abe14","f460f2aa-c979-4111-b249-6fed5c02723a");
INSERT INTO ChildType (cid, type) VALUES ("8714af45-6a89-4cc9-9b5d-fe821278d0c1","documents");
INSERT INTO ParentChild (pid, cid) VALUES ("c16fb57e-06a5-4755-bfd6-1865204abe14","8714af45-6a89-4cc9-9b5d-fe821278d0c1");
INSERT INTO ChildType (cid, type) VALUES ("393f5474-1101-4113-94c8-3b073e996d8f","documents");
INSERT INTO ParentChild (pid, cid) VALUES ("c16fb57e-06a5-4755-bfd6-1865204abe14","393f5474-1101-4113-94c8-3b073e996d8f");
INSERT INTO ChildType (cid, type) VALUES ("7e6785d4-1ef4-4821-9b26-7ff803c625b0","documents");
INSERT INTO ParentChild (pid, cid) VALUES ("c16fb57e-06a5-4755-bfd6-1865204abe14","7e6785d4-1ef4-4821-9b26-7ff803c625b0");
INSERT INTO ChildType (cid, type) VALUES ("70f8d3f6-b18a-4836-af23-b87fd4d9b4ef","documents");
INSERT INTO ParentChild (pid, cid) VALUES ("c16fb57e-06a5-4755-bfd6-1865204abe14","70f8d3f6-b18a-4836-af23-b87fd4d9b4ef");
INSERT INTO ChildType (cid, type) VALUES ("5b3c1ebf-1a00-4823-af42-b5e201089d2f","documents");
INSERT INTO ParentChild (pid, cid) VALUES ("c16fb57e-06a5-4755-bfd6-1865204abe14","5b3c1ebf-1a00-4823-af42-b5e201089d2f");
INSERT INTO ChildType (cid, type) VALUES ("b63d39dc-ade0-4212-ac58-cf7f5a3a7fe9","documents");
INSERT INTO ParentChild (pid, cid) VALUES ("c16fb57e-06a5-4755-bfd6-1865204abe14","b63d39dc-ade0-4212-ac58-cf7f5a3a7fe9");
INSERT INTO ChildType (cid, type) VALUES ("9ccf9b20-dc0e-4742-8163-ab195e9bef94","documents");
INSERT INTO ParentChild (pid, cid) VALUES ("c16fb57e-06a5-4755-bfd6-1865204abe14","9ccf9b20-dc0e-4742-8163-ab195e9bef94");
INSERT INTO ChildType (cid, type) VALUES ("ba95532b-9cd5-498f-b0c6-80fcacda6a31","documents");
INSERT INTO ParentChild (pid, cid) VALUES ("c16fb57e-06a5-4755-bfd6-1865204abe14","ba95532b-9cd5-498f-b0c6-80fcacda6a31");
INSERT INTO ChildType (cid, type) VALUES ("42b31c54-4732-45b0-9af3-2d7de6d867fe","documents");
INSERT INTO ParentChild (pid, cid) VALUES ("c16fb57e-06a5-4755-bfd6-1865204abe14","42b31c54-4732-45b0-9af3-2d7de6d867fe");
INSERT INTO ChildType (cid, type) VALUES ("4300cdbe-a1be-441f-a038-a4ff601f7da2","documents");
INSERT INTO ParentChild (pid, cid) VALUES ("c16fb57e-06a5-4755-bfd6-1865204abe14","4300cdbe-a1be-441f-a038-a4ff601f7da2");
INSERT INTO ChildType (cid, type) VALUES ("deef24a7-a3fb-4f92-a21a-80bf574aed3d","documents");
INSERT INTO ParentChild (pid, cid) VALUES ("c16fb57e-06a5-4755-bfd6-1865204abe14","deef24a7-a3fb-4f92-a21a-80bf574aed3d");
INSERT INTO ChildType (cid, type) VALUES ("78713ee4-4e14-4a94-bf4f-09a31e42d393","documents");
INSERT INTO ParentChild (pid, cid) VALUES ("c16fb57e-06a5-4755-bfd6-1865204abe14","78713ee4-4e14-4a94-bf4f-09a31e42d393");
INSERT INTO ChildType (cid, type) VALUES ("e4da4bdc-2ed1-4261-bc07-fc6ee84b0212","documents");
INSERT INTO ParentChild (pid, cid) VALUES ("c16fb57e-06a5-4755-bfd6-1865204abe14","e4da4bdc-2ed1-4261-bc07-fc6ee84b0212");
INSERT INTO ChildType (cid, type) VALUES ("ca0eed15-e043-4243-99a3-fd2f3938d3f2","documents");
INSERT INTO ParentChild (pid, cid) VALUES ("c16fb57e-06a5-4755-bfd6-1865204abe14","ca0eed15-e043-4243-99a3-fd2f3938d3f2");
INSERT INTO ChildType (cid, type) VALUES ("734e4775-66b7-438d-ba59-7704596a611d","documents");
INSERT INTO ParentChild (pid, cid) VALUES ("c16fb57e-06a5-4755-bfd6-1865204abe14","734e4775-66b7-438d-ba59-7704596a611d");
INSERT INTO ChildType (cid, type) VALUES ("f9753c93-be48-4102-a6cb-eb153f78e418","documents");
INSERT INTO ParentChild (pid, cid) VALUES ("c16fb57e-06a5-4755-bfd6-1865204abe14","f9753c93-be48-4102-a6cb-eb153f78e418");
INSERT INTO ChildType (cid, type) VALUES ("5781c43a-7650-4a7c-aa88-71e4a2e1c176","documents");
INSERT INTO ParentChild (pid, cid) VALUES ("c16fb57e-06a5-4755-bfd6-1865204abe14","5781c43a-7650-4a7c-aa88-71e4a2e1c176");
INSERT INTO ChildType (cid, type) VALUES ("a9739438-4c55-4dbb-a37b-135c1473a2b7","documents");
INSERT INTO ParentChild (pid, cid) VALUES ("c16fb57e-06a5-4755-bfd6-1865204abe14","a9739438-4c55-4dbb-a37b-135c1473a2b7");
INSERT INTO ChildType (cid, type) VALUES ("91bf2bce-7ddc-492a-bdd1-855036bd2986","documents");
INSERT INTO ParentChild (pid, cid) VALUES ("c16fb57e-06a5-4755-bfd6-1865204abe14","91bf2bce-7ddc-492a-bdd1-855036bd2986");
INSERT INTO ChildType (cid, type) VALUES ("df22a65d-b256-4659-8644-25bcb7fb9f4b","documents");
INSERT INTO ParentChild (pid, cid) VALUES ("c16fb57e-06a5-4755-bfd6-1865204abe14","df22a65d-b256-4659-8644-25bcb7fb9f4b");
INSERT INTO ChildType (cid, type) VALUES ("5828685f-c00f-407e-b799-aa88e48df620","documents");
INSERT INTO ParentChild (pid, cid) VALUES ("c16fb57e-06a5-4755-bfd6-1865204abe14","5828685f-c00f-407e-b799-aa88e48df620");
INSERT INTO ChildType (cid, type) VALUES ("685a76c7-7225-4191-b05e-c534f4cf4c92","documents");
INSERT INTO ParentChild (pid, cid) VALUES ("c16fb57e-06a5-4755-bfd6-1865204abe14","685a76c7-7225-4191-b05e-c534f4cf4c92");
INSERT INTO ChildType (cid, type) VALUES ("ff86779d-a89a-49d0-99be-964740132e8e","documents");
INSERT INTO ParentChild (pid, cid) VALUES ("c16fb57e-06a5-4755-bfd6-1865204abe14","ff86779d-a89a-49d0-99be-964740132e8e");
INSERT INTO ChildType (cid, type) VALUES ("ddfa4606-5d1a-4fc0-bf4a-dd30513ebecb","documents");
INSERT INTO ParentChild (pid, cid) VALUES ("c16fb57e-06a5-4755-bfd6-1865204abe14","ddfa4606-5d1a-4fc0-bf4a-dd30513ebecb");
INSERT INTO ChildType (cid, type) VALUES ("359c25ba-9ae4-4ac9-8f02-632638e3d7d5","documents");
INSERT INTO ParentChild (pid, cid) VALUES ("c16fb57e-06a5-4755-bfd6-1865204abe14","359c25ba-9ae4-4ac9-8f02-632638e3d7d5");
INSERT INTO ChildType (cid, type) VALUES ("290e9b59-418c-45bf-ae41-14e2b1f40e6d","documents");
INSERT INTO ParentChild (pid, cid) VALUES ("c16fb57e-06a5-4755-bfd6-1865204abe14","290e9b59-418c-45bf-ae41-14e2b1f40e6d");
INSERT INTO ChildType (cid, type) VALUES ("93f83974-b326-453f-8bb9-b3e995ab31f0","documents");
INSERT INTO ParentChild (pid, cid) VALUES ("c16fb57e-06a5-4755-bfd6-1865204abe14","93f83974-b326-453f-8bb9-b3e995ab31f0");
INSERT INTO ChildType (cid, type) VALUES ("465b210b-00dc-4c8d-ac51-4c5dcde9ac08","documents");
INSERT INTO ParentChild (pid, cid) VALUES ("c16fb57e-06a5-4755-bfd6-1865204abe14","465b210b-00dc-4c8d-ac51-4c5dcde9ac08");
INSERT INTO ChildType (cid, type) VALUES ("3f7dac7d-2397-4616-9932-3b88119f8b4b","documents");
INSERT INTO ParentChild (pid, cid) VALUES ("c16fb57e-06a5-4755-bfd6-1865204abe14","3f7dac7d-2397-4616-9932-3b88119f8b4b");
INSERT INTO ChildType (cid, type) VALUES ("c8947208-6604-46cd-9bb4-a338f470cec4","documents");
INSERT INTO ParentChild (pid, cid) VALUES ("c16fb57e-06a5-4755-bfd6-1865204abe14","c8947208-6604-46cd-9bb4-a338f470cec4");
INSERT INTO ChildType (cid, type) VALUES ("be506fcb-6d31-4536-8ef2-59599ae03826","documents");
INSERT INTO ParentChild (pid, cid) VALUES ("c16fb57e-06a5-4755-bfd6-1865204abe14","be506fcb-6d31-4536-8ef2-59599ae03826");
INSERT INTO ChildType (cid, type) VALUES ("fdbb3614-e07d-4e64-a12c-ed197d9cf3a2","documents");
INSERT INTO ParentChild (pid, cid) VALUES ("c16fb57e-06a5-4755-bfd6-1865204abe14","fdbb3614-e07d-4e64-a12c-ed197d9cf3a2");
INSERT INTO ChildType (cid, type) VALUES ("c4136274-5e0f-47e2-87ee-f0b6904b760c","documents");
INSERT INTO ParentChild (pid, cid) VALUES ("c16fb57e-06a5-4755-bfd6-1865204abe14","c4136274-5e0f-47e2-87ee-f0b6904b760c");
INSERT INTO ChildType (cid, type) VALUES ("874b88d5-c5da-41d8-9f88-87d5b648c49e","documents");
INSERT INTO ParentChild (pid, cid) VALUES ("c16fb57e-06a5-4755-bfd6-1865204abe14","874b88d5-c5da-41d8-9f88-87d5b648c49e");
INSERT INTO ChildType (cid, type) VALUES ("23e5fb12-cbf6-4631-a313-cd8edcef6991","documents");
INSERT INTO ParentChild (pid, cid) VALUES ("c16fb57e-06a5-4755-bfd6-1865204abe14","23e5fb12-cbf6-4631-a313-cd8edcef6991");
INSERT INTO ChildType (cid, type) VALUES ("896dcc9e-675f-4946-9197-d182bdb5a896","documents");
INSERT INTO ParentChild (pid, cid) VALUES ("c16fb57e-06a5-4755-bfd6-1865204abe14","896dcc9e-675f-4946-9197-d182bdb5a896");
INSERT INTO ChildType (cid, type) VALUES ("20da2e6b-a032-4886-b187-6508e6cf93fc","documents");
INSERT INTO ParentChild (pid, cid) VALUES ("c16fb57e-06a5-4755-bfd6-1865204abe14","20da2e6b-a032-4886-b187-6508e6cf93fc");
INSERT INTO ChildType (cid, type) VALUES ("b7eda34a-c847-4d32-bc6d-2dc0df16eadd","documents");
INSERT INTO ParentChild (pid, cid) VALUES ("c16fb57e-06a5-4755-bfd6-1865204abe14","b7eda34a-c847-4d32-bc6d-2dc0df16eadd");
INSERT INTO ChildType (cid, type) VALUES ("3cf6aa85-9a98-407c-9134-bbd6a2a2f56c","documents");
INSERT INTO ParentChild (pid, cid) VALUES ("c16fb57e-06a5-4755-bfd6-1865204abe14","3cf6aa85-9a98-407c-9134-bbd6a2a2f56c");
INSERT INTO ChildType (cid, type) VALUES ("c2000b84-093a-4541-a3c8-279e2f6823fe","documents");
INSERT INTO ParentChild (pid, cid) VALUES ("c16fb57e-06a5-4755-bfd6-1865204abe14","c2000b84-093a-4541-a3c8-279e2f6823fe");
INSERT INTO ChildType (cid, type) VALUES ("ab9114d2-8f26-4a60-9fa6-adb654106123","documents");
INSERT INTO ParentChild (pid, cid) VALUES ("c16fb57e-06a5-4755-bfd6-1865204abe14","ab9114d2-8f26-4a60-9fa6-adb654106123");
INSERT INTO ChildType (cid, type) VALUES ("913fd30b-d59a-42cb-87d6-0223f63fee9c","documents");
INSERT INTO ParentChild (pid, cid) VALUES ("c16fb57e-06a5-4755-bfd6-1865204abe14","913fd30b-d59a-42cb-87d6-0223f63fee9c");
INSERT INTO ChildType (cid, type) VALUES ("f2d4a038-3d58-4aaa-8186-d7638778ce52","documents");
INSERT INTO ParentChild (pid, cid) VALUES ("c16fb57e-06a5-4755-bfd6-1865204abe14","f2d4a038-3d58-4aaa-8186-d7638778ce52");
INSERT INTO ChildType (cid, type) VALUES ("b218b69e-9599-446a-9279-c7478380097e","documents");
INSERT INTO ParentChild (pid, cid) VALUES ("c16fb57e-06a5-4755-bfd6-1865204abe14","b218b69e-9599-446a-9279-c7478380097e");
INSERT INTO ChildType (cid, type) VALUES ("24a023df-cb92-4098-ab4c-8f0ff8b60abf","documents");
INSERT INTO ParentChild (pid, cid) VALUES ("c16fb57e-06a5-4755-bfd6-1865204abe14","24a023df-cb92-4098-ab4c-8f0ff8b60abf");
INSERT INTO ChildType (cid, type) VALUES ("a41deb98-a1c1-4c1e-add2-54af884d786d","documents");
INSERT INTO ParentChild (pid, cid) VALUES ("c16fb57e-06a5-4755-bfd6-1865204abe14","a41deb98-a1c1-4c1e-add2-54af884d786d");
INSERT INTO ChildType (cid, type) VALUES ("221ef09b-ea9d-48b9-b6f9-149c876952d4","documents");
INSERT INTO ParentChild (pid, cid) VALUES ("c16fb57e-06a5-4755-bfd6-1865204abe14","221ef09b-ea9d-48b9-b6f9-149c876952d4");
INSERT INTO ChildType (cid, type) VALUES ("218b01d9-a9ee-45e7-899b-5a03e9ac5fe4","documents");
INSERT INTO ParentChild (pid, cid) VALUES ("c16fb57e-06a5-4755-bfd6-1865204abe14","218b01d9-a9ee-45e7-899b-5a03e9ac5fe4");
INSERT INTO ChildType (cid, type) VALUES ("b5a4e7d2-11cc-412b-8b33-87fe0e61d079","documents");
INSERT INTO ParentChild (pid, cid) VALUES ("c16fb57e-06a5-4755-bfd6-1865204abe14","b5a4e7d2-11cc-412b-8b33-87fe0e61d079");
INSERT INTO ChildType (cid, type) VALUES ("ddd286fc-306a-4c64-bdec-7f89dec66c41","documents");
INSERT INTO ParentChild (pid, cid) VALUES ("c16fb57e-06a5-4755-bfd6-1865204abe14","ddd286fc-306a-4c64-bdec-7f89dec66c41");
INSERT INTO ChildType (cid, type) VALUES ("46c724ee-15c6-4a57-9819-68058582148e","documents");
INSERT INTO ParentChild (pid, cid) VALUES ("c16fb57e-06a5-4755-bfd6-1865204abe14","46c724ee-15c6-4a57-9819-68058582148e");
INSERT INTO ChildType (cid, type) VALUES ("91720363-aec6-4ff0-af1e-8092fdf6d54d","documents");
INSERT INTO ParentChild (pid, cid) VALUES ("c16fb57e-06a5-4755-bfd6-1865204abe14","91720363-aec6-4ff0-af1e-8092fdf6d54d");
INSERT INTO ChildType (cid, type) VALUES ("61995318-9e27-4cde-ab40-7265620eed3e","documents");
INSERT INTO ParentChild (pid, cid) VALUES ("c16fb57e-06a5-4755-bfd6-1865204abe14","61995318-9e27-4cde-ab40-7265620eed3e");
INSERT INTO ChildType (cid, type) VALUES ("dbcbe2ca-0a04-482c-8144-0570f0534acf","documents");
INSERT INTO ParentChild (pid, cid) VALUES ("c16fb57e-06a5-4755-bfd6-1865204abe14","dbcbe2ca-0a04-482c-8144-0570f0534acf");
INSERT INTO ChildType (cid, type) VALUES ("46b37343-308a-4c2c-b495-aeba709a2389","documents");
INSERT INTO ParentChild (pid, cid) VALUES ("c16fb57e-06a5-4755-bfd6-1865204abe14","46b37343-308a-4c2c-b495-aeba709a2389");
INSERT INTO ChildType (cid, type) VALUES ("a46fbc84-3efd-45da-a427-41214cfe90a3","documents");
INSERT INTO ParentChild (pid, cid) VALUES ("c16fb57e-06a5-4755-bfd6-1865204abe14","a46fbc84-3efd-45da-a427-41214cfe90a3");
INSERT INTO ChildType (cid, type) VALUES ("ab9c1eb0-5249-48bc-865a-0b15678dccfa","documents");
INSERT INTO ParentChild (pid, cid) VALUES ("c16fb57e-06a5-4755-bfd6-1865204abe14","ab9c1eb0-5249-48bc-865a-0b15678dccfa");
INSERT INTO ChildType (cid, type) VALUES ("c34143ed-aa7a-4fe6-a253-481dd9250399","documents");
INSERT INTO ParentChild (pid, cid) VALUES ("c16fb57e-06a5-4755-bfd6-1865204abe14","c34143ed-aa7a-4fe6-a253-481dd9250399");
INSERT INTO ChildType (cid, type) VALUES ("1e7823e0-5207-418e-b78b-3c91bce6e98d","documents");
INSERT INTO ParentChild (pid, cid) VALUES ("c16fb57e-06a5-4755-bfd6-1865204abe14","1e7823e0-5207-418e-b78b-3c91bce6e98d");
INSERT INTO ChildType (cid, type) VALUES ("dff29ee4-632b-43d4-919a-56fbe451ad80","documents");
INSERT INTO ParentChild (pid, cid) VALUES ("c16fb57e-06a5-4755-bfd6-1865204abe14","dff29ee4-632b-43d4-919a-56fbe451ad80");
INSERT INTO ChildType (cid, type) VALUES ("22f617f7-4299-4ea5-854e-9ac894b52dd2","documents");
INSERT INTO ParentChild (pid, cid) VALUES ("c16fb57e-06a5-4755-bfd6-1865204abe14","22f617f7-4299-4ea5-854e-9ac894b52dd2");
INSERT INTO ChildType (cid, type) VALUES ("517fb8b4-aad7-4eab-a3e9-2e4296a5bd84","documents");
INSERT INTO ParentChild (pid, cid) VALUES ("c16fb57e-06a5-4755-bfd6-1865204abe14","517fb8b4-aad7-4eab-a3e9-2e4296a5bd84");
INSERT INTO ChildType (cid, type) VALUES ("5b825aa9-05c6-4262-9bd0-7f1ffb546f63","documents");
INSERT INTO ParentChild (pid, cid) VALUES ("c16fb57e-06a5-4755-bfd6-1865204abe14","5b825aa9-05c6-4262-9bd0-7f1ffb546f63");
INSERT INTO ChildType (cid, type) VALUES ("62b716e4-734b-4ed6-8a08-ac6022f33f58","documents");
INSERT INTO ParentChild (pid, cid) VALUES ("c16fb57e-06a5-4755-bfd6-1865204abe14","62b716e4-734b-4ed6-8a08-ac6022f33f58");
INSERT INTO ChildType (cid, type) VALUES ("3e497e59-a545-4658-81cb-be0dbd4fe4b2","documents");
INSERT INTO ParentChild (pid, cid) VALUES ("c16fb57e-06a5-4755-bfd6-1865204abe14","3e497e59-a545-4658-81cb-be0dbd4fe4b2");
INSERT INTO ChildType (cid, type) VALUES ("0dbddf30-e8a1-4701-b135-f5c7bb8727f1","documents");
INSERT INTO ParentChild (pid, cid) VALUES ("c16fb57e-06a5-4755-bfd6-1865204abe14","0dbddf30-e8a1-4701-b135-f5c7bb8727f1");
INSERT INTO ChildType (cid, type) VALUES ("525bcafd-4643-4cc1-ba54-ff689807feb4","documents");
INSERT INTO ParentChild (pid, cid) VALUES ("c16fb57e-06a5-4755-bfd6-1865204abe14","525bcafd-4643-4cc1-ba54-ff689807feb4");
INSERT INTO ChildType (cid, type) VALUES ("c0d1e122-6eb2-4033-932d-d2f6da415366","documents");
INSERT INTO ParentChild (pid, cid) VALUES ("c16fb57e-06a5-4755-bfd6-1865204abe14","c0d1e122-6eb2-4033-932d-d2f6da415366");
INSERT INTO ChildType (cid, type) VALUES ("20cb3af0-7562-48ba-a33f-0357088f4f64","documents");
INSERT INTO ParentChild (pid, cid) VALUES ("c16fb57e-06a5-4755-bfd6-1865204abe14","20cb3af0-7562-48ba-a33f-0357088f4f64");
INSERT INTO ChildType (cid, type) VALUES ("ba4a1a55-984f-458a-a35a-be319fc521fb","documents");
INSERT INTO ParentChild (pid, cid) VALUES ("c16fb57e-06a5-4755-bfd6-1865204abe14","ba4a1a55-984f-458a-a35a-be319fc521fb");
INSERT INTO ChildType (cid, type) VALUES ("1667106d-fd6e-4fd3-9c5f-263fb082f66f","documents");
INSERT INTO ParentChild (pid, cid) VALUES ("c16fb57e-06a5-4755-bfd6-1865204abe14","1667106d-fd6e-4fd3-9c5f-263fb082f66f");
INSERT INTO ChildType (cid, type) VALUES ("7bd89bc8-4a66-4fe9-bac5-91f4b81b7238","documents");
INSERT INTO ParentChild (pid, cid) VALUES ("c16fb57e-06a5-4755-bfd6-1865204abe14","7bd89bc8-4a66-4fe9-bac5-91f4b81b7238");
INSERT INTO ChildType (cid, type) VALUES ("8fc6312e-773e-4102-a950-9e1ec749c76e","documents");
INSERT INTO ParentChild (pid, cid) VALUES ("c16fb57e-06a5-4755-bfd6-1865204abe14","8fc6312e-773e-4102-a950-9e1ec749c76e");
INSERT INTO ChildType (cid, type) VALUES ("8bad2e85-f012-440b-8311-36ecb1fa35dd","documents");
INSERT INTO ParentChild (pid, cid) VALUES ("c16fb57e-06a5-4755-bfd6-1865204abe14","8bad2e85-f012-440b-8311-36ecb1fa35dd");
INSERT INTO ChildType (cid, type) VALUES ("5666ff59-60f0-4394-a926-2dd258e0d75b","documents");
INSERT INTO ParentChild (pid, cid) VALUES ("c16fb57e-06a5-4755-bfd6-1865204abe14","5666ff59-60f0-4394-a926-2dd258e0d75b");
INSERT INTO ChildType (cid, type) VALUES ("8b36d009-5bbf-457f-a38c-f1e1424a9fd8","documents");
INSERT INTO ParentChild (pid, cid) VALUES ("c16fb57e-06a5-4755-bfd6-1865204abe14","8b36d009-5bbf-457f-a38c-f1e1424a9fd8");
INSERT INTO ChildType (cid, type) VALUES ("ec8aa5bb-a71b-45c6-95d0-fb904b3e0487","documents");
INSERT INTO ParentChild (pid, cid) VALUES ("c16fb57e-06a5-4755-bfd6-1865204abe14","ec8aa5bb-a71b-45c6-95d0-fb904b3e0487");
INSERT INTO ChildType (cid, type) VALUES ("55e53384-c8b6-450f-972d-d35970bd26b7","documents");
INSERT INTO ParentChild (pid, cid) VALUES ("c16fb57e-06a5-4755-bfd6-1865204abe14","55e53384-c8b6-450f-972d-d35970bd26b7");
INSERT INTO ChildType (cid, type) VALUES ("c37c6cc1-0cfd-4276-b318-7013fb67cd54","documents");
INSERT INTO ParentChild (pid, cid) VALUES ("c16fb57e-06a5-4755-bfd6-1865204abe14","c37c6cc1-0cfd-4276-b318-7013fb67cd54");
INSERT INTO ChildType (cid, type) VALUES ("ca588cab-c89f-42fa-abb4-68dc7ec49f7c","documents");
INSERT INTO ParentChild (pid, cid) VALUES ("c16fb57e-06a5-4755-bfd6-1865204abe14","ca588cab-c89f-42fa-abb4-68dc7ec49f7c");
INSERT INTO ChildType (cid, type) VALUES ("17f00df2-b008-4023-9c52-b24b1d2129be","documents");
INSERT INTO ParentChild (pid, cid) VALUES ("c16fb57e-06a5-4755-bfd6-1865204abe14","17f00df2-b008-4023-9c52-b24b1d2129be");
INSERT INTO ChildType (cid, type) VALUES ("a09f3686-bca4-406d-880e-96508b062ecb","documents");
INSERT INTO ParentChild (pid, cid) VALUES ("c16fb57e-06a5-4755-bfd6-1865204abe14","a09f3686-bca4-406d-880e-96508b062ecb");
INSERT INTO ChildType (cid, type) VALUES ("f50e4ccb-19fb-4a05-a0b9-41f2924eb516","documents");
INSERT INTO ParentChild (pid, cid) VALUES ("c16fb57e-06a5-4755-bfd6-1865204abe14","f50e4ccb-19fb-4a05-a0b9-41f2924eb516");
INSERT INTO ChildType (cid, type) VALUES ("40b933fa-b480-429a-8f34-d7e5e51170c8","documents");
INSERT INTO ParentChild (pid, cid) VALUES ("c16fb57e-06a5-4755-bfd6-1865204abe14","40b933fa-b480-429a-8f34-d7e5e51170c8");
INSERT INTO ChildType (cid, type) VALUES ("2369b159-4255-420f-afec-7da48b48c568","documents");
INSERT INTO ParentChild (pid, cid) VALUES ("c16fb57e-06a5-4755-bfd6-1865204abe14","2369b159-4255-420f-afec-7da48b48c568");
INSERT INTO ChildType (cid, type) VALUES ("899ce9e7-cd91-4b8d-9739-4e2edada0a02","documents");
INSERT INTO ParentChild (pid, cid) VALUES ("c16fb57e-06a5-4755-bfd6-1865204abe14","899ce9e7-cd91-4b8d-9739-4e2edada0a02");
INSERT INTO ChildType (cid, type) VALUES ("c40d69bd-3a07-42ca-b573-ea26a2344362","documents");
INSERT INTO ParentChild (pid, cid) VALUES ("c16fb57e-06a5-4755-bfd6-1865204abe14","c40d69bd-3a07-42ca-b573-ea26a2344362");
INSERT INTO ChildType (cid, type) VALUES ("d754c90e-bb51-4bf1-af43-7fff9b28b0eb","documents");
INSERT INTO ParentChild (pid, cid) VALUES ("c16fb57e-06a5-4755-bfd6-1865204abe14","d754c90e-bb51-4bf1-af43-7fff9b28b0eb");
INSERT INTO ChildType (cid, type) VALUES ("cb387aca-045b-4766-a7f9-e0f0e3524f0f","documents");
INSERT INTO ParentChild (pid, cid) VALUES ("c16fb57e-06a5-4755-bfd6-1865204abe14","cb387aca-045b-4766-a7f9-e0f0e3524f0f");
INSERT INTO ChildType (cid, type) VALUES ("9ad2d539-3690-4060-b2b0-8d39457f49a4","documents");
INSERT INTO ParentChild (pid, cid) VALUES ("c16fb57e-06a5-4755-bfd6-1865204abe14","9ad2d539-3690-4060-b2b0-8d39457f49a4");
INSERT INTO ChildType (cid, type) VALUES ("afe585ec-ae55-4783-9763-8d42eef7842d","documents");
INSERT INTO ParentChild (pid, cid) VALUES ("c16fb57e-06a5-4755-bfd6-1865204abe14","afe585ec-ae55-4783-9763-8d42eef7842d");
INSERT INTO ChildType (cid, type) VALUES ("389b54f7-9b07-404d-9380-90f9db5458fa","documents");
INSERT INTO ParentChild (pid, cid) VALUES ("c16fb57e-06a5-4755-bfd6-1865204abe14","389b54f7-9b07-404d-9380-90f9db5458fa");
INSERT INTO ChildType (cid, type) VALUES ("4f04c3ae-d3f0-47c0-82b6-14f2c9b07a42","documents");
INSERT INTO ParentChild (pid, cid) VALUES ("c16fb57e-06a5-4755-bfd6-1865204abe14","4f04c3ae-d3f0-47c0-82b6-14f2c9b07a42");
INSERT INTO ChildType (cid, type) VALUES ("ebbfb810-0fed-4362-8e9c-7318b76154d1","documents");
INSERT INTO ParentChild (pid, cid) VALUES ("c16fb57e-06a5-4755-bfd6-1865204abe14","ebbfb810-0fed-4362-8e9c-7318b76154d1");
INSERT INTO ChildType (cid, type) VALUES ("577f00c6-3705-4cf3-87b6-6cacb3d71759","documents");
INSERT INTO ParentChild (pid, cid) VALUES ("c16fb57e-06a5-4755-bfd6-1865204abe14","577f00c6-3705-4cf3-87b6-6cacb3d71759");
INSERT INTO ChildType (cid, type) VALUES ("aba7db3f-9f35-4a05-a026-ff64715a83e1","documents");
INSERT INTO ParentChild (pid, cid) VALUES ("c16fb57e-06a5-4755-bfd6-1865204abe14","aba7db3f-9f35-4a05-a026-ff64715a83e1");
INSERT INTO ChildType (cid, type) VALUES ("17077407-93cc-4397-b31d-9298940257e6","documents");
INSERT INTO ParentChild (pid, cid) VALUES ("c16fb57e-06a5-4755-bfd6-1865204abe14","17077407-93cc-4397-b31d-9298940257e6");
INSERT INTO ChildType (cid, type) VALUES ("65be6ee8-9aa9-47e2-bc47-048f23dcafcd","documents");
INSERT INTO ParentChild (pid, cid) VALUES ("c16fb57e-06a5-4755-bfd6-1865204abe14","65be6ee8-9aa9-47e2-bc47-048f23dcafcd");
INSERT INTO ChildType (cid, type) VALUES ("d5378ce2-e12e-4940-bb28-42afb1431e1f","documents");
INSERT INTO ParentChild (pid, cid) VALUES ("c16fb57e-06a5-4755-bfd6-1865204abe14","d5378ce2-e12e-4940-bb28-42afb1431e1f");
INSERT INTO ChildType (cid, type) VALUES ("79ddd3b9-02a0-4189-848a-1573ecb4a576","documents");
INSERT INTO ParentChild (pid, cid) VALUES ("c16fb57e-06a5-4755-bfd6-1865204abe14","79ddd3b9-02a0-4189-848a-1573ecb4a576");
INSERT INTO ChildType (cid, type) VALUES ("3188e8ae-5d22-4835-a795-5817bcc3171d","documents");
INSERT INTO ParentChild (pid, cid) VALUES ("c16fb57e-06a5-4755-bfd6-1865204abe14","3188e8ae-5d22-4835-a795-5817bcc3171d");
INSERT INTO ChildType (cid, type) VALUES ("73c7579e-3fa5-4e5c-b8da-9766b6178aeb","documents");
INSERT INTO ParentChild (pid, cid) VALUES ("c16fb57e-06a5-4755-bfd6-1865204abe14","73c7579e-3fa5-4e5c-b8da-9766b6178aeb");
INSERT INTO ChildType (cid, type) VALUES ("483fd32f-608b-45ba-815e-3f9e028dd293","documents");
INSERT INTO ParentChild (pid, cid) VALUES ("c16fb57e-06a5-4755-bfd6-1865204abe14","483fd32f-608b-45ba-815e-3f9e028dd293");
INSERT INTO ChildType (cid, type) VALUES ("0479c141-63a8-495f-bced-1a6bd37b1508","documents");
INSERT INTO ParentChild (pid, cid) VALUES ("c16fb57e-06a5-4755-bfd6-1865204abe14","0479c141-63a8-495f-bced-1a6bd37b1508");
INSERT INTO ChildType (cid, type) VALUES ("a46c624c-1382-4dbe-b263-57dd622293f3","documents");
INSERT INTO ParentChild (pid, cid) VALUES ("c16fb57e-06a5-4755-bfd6-1865204abe14","a46c624c-1382-4dbe-b263-57dd622293f3");
INSERT INTO ChildType (cid, type) VALUES ("e029297a-7c8c-48c4-9085-efa6708f097f","documents");
INSERT INTO ParentChild (pid, cid) VALUES ("c16fb57e-06a5-4755-bfd6-1865204abe14","e029297a-7c8c-48c4-9085-efa6708f097f");
INSERT INTO ChildType (cid, type) VALUES ("4adc4923-d5f9-452a-90ee-7dade36ce8f7","documents");
INSERT INTO ParentChild (pid, cid) VALUES ("c16fb57e-06a5-4755-bfd6-1865204abe14","4adc4923-d5f9-452a-90ee-7dade36ce8f7");
INSERT INTO ChildType (cid, type) VALUES ("5348682a-5fd5-4760-98d6-48e33d4b140d","documents");
INSERT INTO ParentChild (pid, cid) VALUES ("c16fb57e-06a5-4755-bfd6-1865204abe14","5348682a-5fd5-4760-98d6-48e33d4b140d");
INSERT INTO ChildType (cid, type) VALUES ("b93b4830-2388-4496-9eb4-d503f5092ed6","documents");
INSERT INTO ParentChild (pid, cid) VALUES ("c16fb57e-06a5-4755-bfd6-1865204abe14","b93b4830-2388-4496-9eb4-d503f5092ed6");
INSERT INTO ChildType (cid, type) VALUES ("4e7a5000-058f-4e54-a8b9-73026d68a106","documents");
INSERT INTO ParentChild (pid, cid) VALUES ("c16fb57e-06a5-4755-bfd6-1865204abe14","4e7a5000-058f-4e54-a8b9-73026d68a106");
INSERT INTO ChildType (cid, type) VALUES ("b6b2ada6-12a2-4c61-ae6b-92b7827f8bcb","documents");
INSERT INTO ParentChild (pid, cid) VALUES ("c16fb57e-06a5-4755-bfd6-1865204abe14","b6b2ada6-12a2-4c61-ae6b-92b7827f8bcb");
INSERT INTO ChildType (cid, type) VALUES ("37f9abdd-dc71-4706-ba82-7bd3fc925cf7","documents");
INSERT INTO ParentChild (pid, cid) VALUES ("c16fb57e-06a5-4755-bfd6-1865204abe14","37f9abdd-dc71-4706-ba82-7bd3fc925cf7");
INSERT INTO ChildType (cid, type) VALUES ("00e03b65-b210-4bfa-8771-089b5d50cfba","documents");
INSERT INTO ParentChild (pid, cid) VALUES ("c16fb57e-06a5-4755-bfd6-1865204abe14","00e03b65-b210-4bfa-8771-089b5d50cfba");
INSERT INTO ChildType (cid, type) VALUES ("bc4c1430-45c7-4fd9-b1e5-216059a763ef","documents");
INSERT INTO ParentChild (pid, cid) VALUES ("c16fb57e-06a5-4755-bfd6-1865204abe14","bc4c1430-45c7-4fd9-b1e5-216059a763ef");
INSERT INTO ChildType (cid, type) VALUES ("0eebb244-4731-4b56-9301-668052c166b2","documents");
INSERT INTO ParentChild (pid, cid) VALUES ("c16fb57e-06a5-4755-bfd6-1865204abe14","0eebb244-4731-4b56-9301-668052c166b2");
INSERT INTO ChildType (cid, type) VALUES ("c0df3e1f-711b-4418-8b21-5c56b18dbc8b","documents");
INSERT INTO ParentChild (pid, cid) VALUES ("c16fb57e-06a5-4755-bfd6-1865204abe14","c0df3e1f-711b-4418-8b21-5c56b18dbc8b");
INSERT INTO ChildType (cid, type) VALUES ("8ac94878-2a5a-4bb0-a75f-3a7ee27348c4","documents");
INSERT INTO ParentChild (pid, cid) VALUES ("c16fb57e-06a5-4755-bfd6-1865204abe14","8ac94878-2a5a-4bb0-a75f-3a7ee27348c4");
INSERT INTO ChildType (cid, type) VALUES ("cdcab614-b47d-4543-b3c2-be167d57e22d","documents");
INSERT INTO ParentChild (pid, cid) VALUES ("c16fb57e-06a5-4755-bfd6-1865204abe14","cdcab614-b47d-4543-b3c2-be167d57e22d");
INSERT INTO ChildType (cid, type) VALUES ("da858cfe-90c7-4307-91b0-260204b5eef4","documents");
INSERT INTO ParentChild (pid, cid) VALUES ("c16fb57e-06a5-4755-bfd6-1865204abe14","da858cfe-90c7-4307-91b0-260204b5eef4");
INSERT INTO ChildType (cid, type) VALUES ("5f2c53dc-8265-47f9-86b6-5761334a491b","documents");
INSERT INTO ParentChild (pid, cid) VALUES ("c16fb57e-06a5-4755-bfd6-1865204abe14","5f2c53dc-8265-47f9-86b6-5761334a491b");
INSERT INTO ChildType (cid, type) VALUES ("3ad698ff-5198-4ea0-9bf0-a14ce76ddb37","documents");
INSERT INTO ParentChild (pid, cid) VALUES ("c16fb57e-06a5-4755-bfd6-1865204abe14","3ad698ff-5198-4ea0-9bf0-a14ce76ddb37");
INSERT INTO ChildType (cid, type) VALUES ("25a66137-c822-4029-a443-85e55355d134","documents");
INSERT INTO ParentChild (pid, cid) VALUES ("c16fb57e-06a5-4755-bfd6-1865204abe14","25a66137-c822-4029-a443-85e55355d134");
INSERT INTO ChildType (cid, type) VALUES ("9df9c9c9-f9df-4634-af86-2b21f2a31f09","documents");
INSERT INTO ParentChild (pid, cid) VALUES ("c16fb57e-06a5-4755-bfd6-1865204abe14","9df9c9c9-f9df-4634-af86-2b21f2a31f09");
INSERT INTO ChildType (cid, type) VALUES ("9b875045-df30-48bf-aeef-1cb423750da6","documents");
INSERT INTO ParentChild (pid, cid) VALUES ("c16fb57e-06a5-4755-bfd6-1865204abe14","9b875045-df30-48bf-aeef-1cb423750da6");
INSERT INTO ChildType (cid, type) VALUES ("714b0701-3a23-4c83-b609-6a51e3aeac24","documents");
INSERT INTO ParentChild (pid, cid) VALUES ("c16fb57e-06a5-4755-bfd6-1865204abe14","714b0701-3a23-4c83-b609-6a51e3aeac24");
INSERT INTO ChildType (cid, type) VALUES ("b244baf9-d161-453c-917e-afebcc2512ad","documents");
INSERT INTO ParentChild (pid, cid) VALUES ("c16fb57e-06a5-4755-bfd6-1865204abe14","b244baf9-d161-453c-917e-afebcc2512ad");
INSERT INTO ChildType (cid, type) VALUES ("667b1d8c-bc15-473f-a8a5-15f4fb30ce93","documents");
INSERT INTO ParentChild (pid, cid) VALUES ("c16fb57e-06a5-4755-bfd6-1865204abe14","667b1d8c-bc15-473f-a8a5-15f4fb30ce93");
INSERT INTO ChildType (cid, type) VALUES ("754540a4-ddf1-4785-a000-89d402842dd9","documents");
INSERT INTO ParentChild (pid, cid) VALUES ("c16fb57e-06a5-4755-bfd6-1865204abe14","754540a4-ddf1-4785-a000-89d402842dd9");
INSERT INTO ChildType (cid, type) VALUES ("72fd9f2d-dda6-4f12-9b55-d09af3e830de","documents");
INSERT INTO ParentChild (pid, cid) VALUES ("c16fb57e-06a5-4755-bfd6-1865204abe14","72fd9f2d-dda6-4f12-9b55-d09af3e830de");
INSERT INTO ChildType (cid, type) VALUES ("1a72c266-defe-447e-a3fc-7b66afe06526","documents");
INSERT INTO ParentChild (pid, cid) VALUES ("c16fb57e-06a5-4755-bfd6-1865204abe14","1a72c266-defe-447e-a3fc-7b66afe06526");
INSERT INTO ChildType (cid, type) VALUES ("c0943eda-7375-414c-acb2-09afc7f43be2","documents");
INSERT INTO ParentChild (pid, cid) VALUES ("c16fb57e-06a5-4755-bfd6-1865204abe14","c0943eda-7375-414c-acb2-09afc7f43be2");
INSERT INTO ChildType (cid, type) VALUES ("1a7aed79-5d8f-49b0-a109-36bc867fcca6","documents");
INSERT INTO ParentChild (pid, cid) VALUES ("c16fb57e-06a5-4755-bfd6-1865204abe14","1a7aed79-5d8f-49b0-a109-36bc867fcca6");
INSERT INTO ChildType (cid, type) VALUES ("5aa5129a-3add-40b5-9401-9017060ed768","documents");
INSERT INTO ParentChild (pid, cid) VALUES ("c16fb57e-06a5-4755-bfd6-1865204abe14","5aa5129a-3add-40b5-9401-9017060ed768");
INSERT INTO ChildType (cid, type) VALUES ("b94ea53a-6ccc-4c20-be11-91e7aad0ffc4","documents");
INSERT INTO ParentChild (pid, cid) VALUES ("c16fb57e-06a5-4755-bfd6-1865204abe14","b94ea53a-6ccc-4c20-be11-91e7aad0ffc4");
INSERT INTO ChildType (cid, type) VALUES ("ec31b1e0-ae7c-4fc8-9eef-8e8754a00d0b","documents");
INSERT INTO ParentChild (pid, cid) VALUES ("c16fb57e-06a5-4755-bfd6-1865204abe14","ec31b1e0-ae7c-4fc8-9eef-8e8754a00d0b");
INSERT INTO ChildType (cid, type) VALUES ("a6cd263e-01cd-418c-89fa-4592e128cb15","documents");
INSERT INTO ParentChild (pid, cid) VALUES ("c16fb57e-06a5-4755-bfd6-1865204abe14","a6cd263e-01cd-418c-89fa-4592e128cb15");
INSERT INTO ChildType (cid, type) VALUES ("77efae9d-3241-4d00-80b3-bf164d50101d","documents");
INSERT INTO ParentChild (pid, cid) VALUES ("c16fb57e-06a5-4755-bfd6-1865204abe14","77efae9d-3241-4d00-80b3-bf164d50101d");
INSERT INTO ChildType (cid, type) VALUES ("88f9e129-1708-49e3-a823-d0f5da61ebd7","documents");
INSERT INTO ParentChild (pid, cid) VALUES ("c16fb57e-06a5-4755-bfd6-1865204abe14","88f9e129-1708-49e3-a823-d0f5da61ebd7");
INSERT INTO ChildType (cid, type) VALUES ("e2ae696d-a5b4-4ebc-8250-fa023135c8ec","documents");
INSERT INTO ParentChild (pid, cid) VALUES ("c16fb57e-06a5-4755-bfd6-1865204abe14","e2ae696d-a5b4-4ebc-8250-fa023135c8ec");
INSERT INTO ChildType (cid, type) VALUES ("63fdf726-0360-49f6-b371-e39be85f0c7e","documents");
INSERT INTO ParentChild (pid, cid) VALUES ("c16fb57e-06a5-4755-bfd6-1865204abe14","63fdf726-0360-49f6-b371-e39be85f0c7e");
INSERT INTO ChildType (cid, type) VALUES ("50c79b67-9eec-4643-af44-ef2eac7953e4","documents");
INSERT INTO ParentChild (pid, cid) VALUES ("c16fb57e-06a5-4755-bfd6-1865204abe14","50c79b67-9eec-4643-af44-ef2eac7953e4");
INSERT INTO ChildType (cid, type) VALUES ("48d32822-f8ab-4c4b-987a-67413d2dd556","documents");
INSERT INTO ParentChild (pid, cid) VALUES ("c16fb57e-06a5-4755-bfd6-1865204abe14","48d32822-f8ab-4c4b-987a-67413d2dd556");
INSERT INTO ChildType (cid, type) VALUES ("a71109b4-e94a-45ec-a5d9-e80a3235f26e","documents");
INSERT INTO ParentChild (pid, cid) VALUES ("c16fb57e-06a5-4755-bfd6-1865204abe14","a71109b4-e94a-45ec-a5d9-e80a3235f26e");
INSERT INTO ChildType (cid, type) VALUES ("9bc28219-4e12-4590-93e9-a762f62cf738","documents");
INSERT INTO ParentChild (pid, cid) VALUES ("c16fb57e-06a5-4755-bfd6-1865204abe14","9bc28219-4e12-4590-93e9-a762f62cf738");
INSERT INTO ChildType (cid, type) VALUES ("325c9e73-9fb1-47f8-9a1f-261413248f99","documents");
INSERT INTO ParentChild (pid, cid) VALUES ("c16fb57e-06a5-4755-bfd6-1865204abe14","325c9e73-9fb1-47f8-9a1f-261413248f99");
INSERT INTO ChildType (cid, type) VALUES ("33b920da-9ec6-4bbf-9d12-a95e83b9a320","documents");
INSERT INTO ParentChild (pid, cid) VALUES ("c16fb57e-06a5-4755-bfd6-1865204abe14","33b920da-9ec6-4bbf-9d12-a95e83b9a320");
INSERT INTO ChildType (cid, type) VALUES ("d0610432-b690-454d-af38-b5da8fbdd0cf","documents");
INSERT INTO ParentChild (pid, cid) VALUES ("c16fb57e-06a5-4755-bfd6-1865204abe14","d0610432-b690-454d-af38-b5da8fbdd0cf");
INSERT INTO ChildType (cid, type) VALUES ("7e6d37df-248d-4675-a2bc-43d7ba1ec587","documents");
INSERT INTO ParentChild (pid, cid) VALUES ("c16fb57e-06a5-4755-bfd6-1865204abe14","7e6d37df-248d-4675-a2bc-43d7ba1ec587");
INSERT INTO ChildType (cid, type) VALUES ("3fa6b03d-a187-4e14-839f-00bea25a3ced","documents");
INSERT INTO ParentChild (pid, cid) VALUES ("c16fb57e-06a5-4755-bfd6-1865204abe14","3fa6b03d-a187-4e14-839f-00bea25a3ced");
INSERT INTO ChildType (cid, type) VALUES ("e408a019-3b09-4893-820a-6b9a0d24fbff","documents");
INSERT INTO ParentChild (pid, cid) VALUES ("c16fb57e-06a5-4755-bfd6-1865204abe14","e408a019-3b09-4893-820a-6b9a0d24fbff");
INSERT INTO ChildType (cid, type) VALUES ("777e6b1c-4b0e-484f-98ab-939a7772822e","documents");
INSERT INTO ParentChild (pid, cid) VALUES ("c16fb57e-06a5-4755-bfd6-1865204abe14","777e6b1c-4b0e-484f-98ab-939a7772822e");
INSERT INTO ChildType (cid, type) VALUES ("b0f5c5b0-bb28-4f4b-aadd-945655539e98","documents");
INSERT INTO ParentChild (pid, cid) VALUES ("c16fb57e-06a5-4755-bfd6-1865204abe14","b0f5c5b0-bb28-4f4b-aadd-945655539e98");
INSERT INTO ChildType (cid, type) VALUES ("66432b05-6d89-48e8-9ba0-7128c66933b0","documents");
INSERT INTO ParentChild (pid, cid) VALUES ("c16fb57e-06a5-4755-bfd6-1865204abe14","66432b05-6d89-48e8-9ba0-7128c66933b0");
INSERT INTO ChildType (cid, type) VALUES ("491bf55a-9e58-4425-8b9c-9a69fbe8059c","documents");
INSERT INTO ParentChild (pid, cid) VALUES ("c16fb57e-06a5-4755-bfd6-1865204abe14","491bf55a-9e58-4425-8b9c-9a69fbe8059c");
INSERT INTO ChildType (cid, type) VALUES ("51066902-f425-436a-bd0b-112383057784","documents");
INSERT INTO ParentChild (pid, cid) VALUES ("c16fb57e-06a5-4755-bfd6-1865204abe14","51066902-f425-436a-bd0b-112383057784");
INSERT INTO ChildType (cid, type) VALUES ("641f06d7-7872-4420-9533-d749fe72b5e3","documents");
INSERT INTO ParentChild (pid, cid) VALUES ("c16fb57e-06a5-4755-bfd6-1865204abe14","641f06d7-7872-4420-9533-d749fe72b5e3");
INSERT INTO ChildType (cid, type) VALUES ("5f486063-9355-457c-936f-e7febc689fb4","documents");
INSERT INTO ParentChild (pid, cid) VALUES ("c16fb57e-06a5-4755-bfd6-1865204abe14","5f486063-9355-457c-936f-e7febc689fb4");
INSERT INTO ChildType (cid, type) VALUES ("ff766440-02f4-453b-8e75-6709ab897e34","documents");
INSERT INTO ParentChild (pid, cid) VALUES ("c16fb57e-06a5-4755-bfd6-1865204abe14","ff766440-02f4-453b-8e75-6709ab897e34");
INSERT INTO ChildType (cid, type) VALUES ("0dcb32ff-66c1-46b8-bacb-1fbc6cc66349","documents");
INSERT INTO ParentChild (pid, cid) VALUES ("c16fb57e-06a5-4755-bfd6-1865204abe14","0dcb32ff-66c1-46b8-bacb-1fbc6cc66349");
INSERT INTO ChildType (cid, type) VALUES ("88773c43-798b-4038-93a8-0700db7bf39b","documents");
INSERT INTO ParentChild (pid, cid) VALUES ("c16fb57e-06a5-4755-bfd6-1865204abe14","88773c43-798b-4038-93a8-0700db7bf39b");
INSERT INTO ChildType (cid, type) VALUES ("5d1bd7ed-bd9a-4c8e-91d2-d999a3018992","documents");
INSERT INTO ParentChild (pid, cid) VALUES ("c16fb57e-06a5-4755-bfd6-1865204abe14","5d1bd7ed-bd9a-4c8e-91d2-d999a3018992");
INSERT INTO ChildType (cid, type) VALUES ("e724c2b9-c992-4607-8b97-f3e2a2f7076e","documents");
INSERT INTO ParentChild (pid, cid) VALUES ("c16fb57e-06a5-4755-bfd6-1865204abe14","e724c2b9-c992-4607-8b97-f3e2a2f7076e");
INSERT INTO ChildType (cid, type) VALUES ("5beff6c6-d67b-4ae5-9599-1c3017f28b89","documents");
INSERT INTO ParentChild (pid, cid) VALUES ("c16fb57e-06a5-4755-bfd6-1865204abe14","5beff6c6-d67b-4ae5-9599-1c3017f28b89");
INSERT INTO ChildType (cid, type) VALUES ("3ad01060-c8ed-479c-bbd0-95103a3f3386","documents");
INSERT INTO ParentChild (pid, cid) VALUES ("c16fb57e-06a5-4755-bfd6-1865204abe14","3ad01060-c8ed-479c-bbd0-95103a3f3386");
INSERT INTO ChildType (cid, type) VALUES ("49d6d625-7817-4504-ac34-09793a1e1617","documents");
INSERT INTO ParentChild (pid, cid) VALUES ("c16fb57e-06a5-4755-bfd6-1865204abe14","49d6d625-7817-4504-ac34-09793a1e1617");
INSERT INTO ChildType (cid, type) VALUES ("e2763ab9-ff89-4a6f-836c-eb0125c4a38c","documents");
INSERT INTO ParentChild (pid, cid) VALUES ("c16fb57e-06a5-4755-bfd6-1865204abe14","e2763ab9-ff89-4a6f-836c-eb0125c4a38c");
INSERT INTO ChildType (cid, type) VALUES ("610337b6-5eb8-40dc-bff9-949ba691d0d2","documents");
INSERT INTO ParentChild (pid, cid) VALUES ("c16fb57e-06a5-4755-bfd6-1865204abe14","610337b6-5eb8-40dc-bff9-949ba691d0d2");
INSERT INTO ChildType (cid, type) VALUES ("7e36a77c-e483-4f75-84bc-6d7c1e7fb9b9","documents");
INSERT INTO ParentChild (pid, cid) VALUES ("c16fb57e-06a5-4755-bfd6-1865204abe14","7e36a77c-e483-4f75-84bc-6d7c1e7fb9b9");
INSERT INTO ChildType (cid, type) VALUES ("5dbc8a24-d2de-4a93-99f8-053d9c5df24d","documents");
INSERT INTO ParentChild (pid, cid) VALUES ("c16fb57e-06a5-4755-bfd6-1865204abe14","5dbc8a24-d2de-4a93-99f8-053d9c5df24d");
INSERT INTO ChildType (cid, type) VALUES ("b4db052d-df9a-4b5f-bc7f-53a7106952a9","documents");
INSERT INTO ParentChild (pid, cid) VALUES ("c16fb57e-06a5-4755-bfd6-1865204abe14","b4db052d-df9a-4b5f-bc7f-53a7106952a9");
INSERT INTO ChildType (cid, type) VALUES ("21b870f0-5f0b-403b-8d8f-36f871fdf646","documents");
INSERT INTO ParentChild (pid, cid) VALUES ("c16fb57e-06a5-4755-bfd6-1865204abe14","21b870f0-5f0b-403b-8d8f-36f871fdf646");
INSERT INTO ChildType (cid, type) VALUES ("2afdff14-edf4-4b7e-8d2e-7310460f62d6","documents");
INSERT INTO ParentChild (pid, cid) VALUES ("c16fb57e-06a5-4755-bfd6-1865204abe14","2afdff14-edf4-4b7e-8d2e-7310460f62d6");
INSERT INTO ChildType (cid, type) VALUES ("ada33885-2470-4f50-a16a-d4e2741fb919","documents");
INSERT INTO ParentChild (pid, cid) VALUES ("c16fb57e-06a5-4755-bfd6-1865204abe14","ada33885-2470-4f50-a16a-d4e2741fb919");
INSERT INTO ChildType (cid, type) VALUES ("07d510dc-5359-4f22-bf4a-bb1b3155768e","documents");
INSERT INTO ParentChild (pid, cid) VALUES ("c16fb57e-06a5-4755-bfd6-1865204abe14","07d510dc-5359-4f22-bf4a-bb1b3155768e");
INSERT INTO ChildType (cid, type) VALUES ("f9a2a3cc-df31-4b55-ab72-8a050b5321ce","documents");
INSERT INTO ParentChild (pid, cid) VALUES ("c16fb57e-06a5-4755-bfd6-1865204abe14","f9a2a3cc-df31-4b55-ab72-8a050b5321ce");
INSERT INTO ChildType (cid, type) VALUES ("4d2d8f5b-a564-4d5c-8c31-a22241ee35fb","documents");
INSERT INTO ParentChild (pid, cid) VALUES ("c16fb57e-06a5-4755-bfd6-1865204abe14","4d2d8f5b-a564-4d5c-8c31-a22241ee35fb");
INSERT INTO ChildType (cid, type) VALUES ("0a3a9353-468f-492e-a96d-409a47518fa7","documents");
INSERT INTO ParentChild (pid, cid) VALUES ("c16fb57e-06a5-4755-bfd6-1865204abe14","0a3a9353-468f-492e-a96d-409a47518fa7");
INSERT INTO ChildType (cid, type) VALUES ("eca518e7-7f6c-4a0f-a532-b52ef9ba96e7","documents");
INSERT INTO ParentChild (pid, cid) VALUES ("c16fb57e-06a5-4755-bfd6-1865204abe14","eca518e7-7f6c-4a0f-a532-b52ef9ba96e7");
INSERT INTO ChildType (cid, type) VALUES ("b81b5be3-172f-4c83-b96e-3a67874aa526","documents");
INSERT INTO ParentChild (pid, cid) VALUES ("c16fb57e-06a5-4755-bfd6-1865204abe14","b81b5be3-172f-4c83-b96e-3a67874aa526");
INSERT INTO ChildType (cid, type) VALUES ("01f0517f-2781-4f1e-9082-af7cf979133e","documents");
INSERT INTO ParentChild (pid, cid) VALUES ("c16fb57e-06a5-4755-bfd6-1865204abe14","01f0517f-2781-4f1e-9082-af7cf979133e");
INSERT INTO ChildType (cid, type) VALUES ("765c3ae0-a6db-44ee-b0f4-9d1b034de750","documents");
INSERT INTO ParentChild (pid, cid) VALUES ("c16fb57e-06a5-4755-bfd6-1865204abe14","765c3ae0-a6db-44ee-b0f4-9d1b034de750");
INSERT INTO ChildType (cid, type) VALUES ("02fc741c-3b0b-4651-82ed-8e8c23b6d31b","documents");
INSERT INTO ParentChild (pid, cid) VALUES ("c16fb57e-06a5-4755-bfd6-1865204abe14","02fc741c-3b0b-4651-82ed-8e8c23b6d31b");
INSERT INTO ChildType (cid, type) VALUES ("f5b0cab8-01b4-4c4d-9912-54515f662c26","documents");
INSERT INTO ParentChild (pid, cid) VALUES ("c16fb57e-06a5-4755-bfd6-1865204abe14","f5b0cab8-01b4-4c4d-9912-54515f662c26");
INSERT INTO ChildType (cid, type) VALUES ("e6bf4aed-6386-450d-ae39-80596abd4457","documents");
INSERT INTO ParentChild (pid, cid) VALUES ("c16fb57e-06a5-4755-bfd6-1865204abe14","e6bf4aed-6386-450d-ae39-80596abd4457");
INSERT INTO ChildType (cid, type) VALUES ("41e9d250-37b8-46d5-9d38-497efb016295","documents");
INSERT INTO ParentChild (pid, cid) VALUES ("c16fb57e-06a5-4755-bfd6-1865204abe14","41e9d250-37b8-46d5-9d38-497efb016295");
INSERT INTO ChildType (cid, type) VALUES ("063870f8-b55a-41f8-a042-d7ae21fb8bb8","documents");
INSERT INTO ParentChild (pid, cid) VALUES ("c16fb57e-06a5-4755-bfd6-1865204abe14","063870f8-b55a-41f8-a042-d7ae21fb8bb8");
INSERT INTO ChildType (cid, type) VALUES ("f9166c0c-09c0-449e-8f26-f7a26e1a3d29","documents");
INSERT INTO ParentChild (pid, cid) VALUES ("c16fb57e-06a5-4755-bfd6-1865204abe14","f9166c0c-09c0-449e-8f26-f7a26e1a3d29");
INSERT INTO ChildType (cid, type) VALUES ("a0f4d291-667f-46f5-bdda-34128c0c5c4d","documents");
INSERT INTO ParentChild (pid, cid) VALUES ("c16fb57e-06a5-4755-bfd6-1865204abe14","a0f4d291-667f-46f5-bdda-34128c0c5c4d");
INSERT INTO ChildType (cid, type) VALUES ("c2772046-da42-43f3-a0fe-a2909a198ba6","documents");
INSERT INTO ParentChild (pid, cid) VALUES ("c16fb57e-06a5-4755-bfd6-1865204abe14","c2772046-da42-43f3-a0fe-a2909a198ba6");
INSERT INTO ChildType (cid, type) VALUES ("9afbab97-3605-4cf6-ac36-809a0ae7010e","documents");
INSERT INTO ParentChild (pid, cid) VALUES ("c16fb57e-06a5-4755-bfd6-1865204abe14","9afbab97-3605-4cf6-ac36-809a0ae7010e");
INSERT INTO ChildType (cid, type) VALUES ("750357fb-24de-42a0-a53c-1789309f23a6","documents");
INSERT INTO ParentChild (pid, cid) VALUES ("c16fb57e-06a5-4755-bfd6-1865204abe14","750357fb-24de-42a0-a53c-1789309f23a6");
INSERT INTO ChildType (cid, type) VALUES ("3f4aa9f1-b70e-4052-912c-805a8379c4e8","documents");
INSERT INTO ParentChild (pid, cid) VALUES ("c16fb57e-06a5-4755-bfd6-1865204abe14","3f4aa9f1-b70e-4052-912c-805a8379c4e8");
INSERT INTO ChildType (cid, type) VALUES ("41bf9ef6-552e-46be-8c11-15ba85c61249","documents");
INSERT INTO ParentChild (pid, cid) VALUES ("c16fb57e-06a5-4755-bfd6-1865204abe14","41bf9ef6-552e-46be-8c11-15ba85c61249");
INSERT INTO ChildType (cid, type) VALUES ("8bcb7f12-9545-4206-bbf4-376db639d791","documents");
INSERT INTO ParentChild (pid, cid) VALUES ("c16fb57e-06a5-4755-bfd6-1865204abe14","8bcb7f12-9545-4206-bbf4-376db639d791");
INSERT INTO ChildType (cid, type) VALUES ("ef3d5fd9-92b8-49a6-af9b-35f68923a903","documents");
INSERT INTO ParentChild (pid, cid) VALUES ("c16fb57e-06a5-4755-bfd6-1865204abe14","ef3d5fd9-92b8-49a6-af9b-35f68923a903");
INSERT INTO ChildType (cid, type) VALUES ("2f8f8379-db2e-4f66-be2c-ebae7698f0ca","documents");
INSERT INTO ParentChild (pid, cid) VALUES ("c16fb57e-06a5-4755-bfd6-1865204abe14","2f8f8379-db2e-4f66-be2c-ebae7698f0ca");
INSERT INTO ChildType (cid, type) VALUES ("afba2860-fa0a-4eea-b3da-009e6a4b97af","documents");
INSERT INTO ParentChild (pid, cid) VALUES ("c16fb57e-06a5-4755-bfd6-1865204abe14","afba2860-fa0a-4eea-b3da-009e6a4b97af");
INSERT INTO ChildType (cid, type) VALUES ("dd1772c4-4d1c-4974-861b-1fc6241fc214","documents");
INSERT INTO ParentChild (pid, cid) VALUES ("c16fb57e-06a5-4755-bfd6-1865204abe14","dd1772c4-4d1c-4974-861b-1fc6241fc214");
INSERT INTO ChildType (cid, type) VALUES ("fadb0061-c913-4412-9c5a-1f5288943013","documents");
INSERT INTO ParentChild (pid, cid) VALUES ("c16fb57e-06a5-4755-bfd6-1865204abe14","fadb0061-c913-4412-9c5a-1f5288943013");
INSERT INTO ChildType (cid, type) VALUES ("4ff80d66-f350-47f5-8bd3-bd9fd8f61067","documents");
INSERT INTO ParentChild (pid, cid) VALUES ("c16fb57e-06a5-4755-bfd6-1865204abe14","4ff80d66-f350-47f5-8bd3-bd9fd8f61067");
INSERT INTO ChildType (cid, type) VALUES ("73c3e019-cf74-4eaa-99a5-37fd027ccfdf","documents");
INSERT INTO ParentChild (pid, cid) VALUES ("c16fb57e-06a5-4755-bfd6-1865204abe14","73c3e019-cf74-4eaa-99a5-37fd027ccfdf");
INSERT INTO ChildType (cid, type) VALUES ("2482efbd-0c09-439c-9b72-8ed3dfecfe85","documents");
INSERT INTO ParentChild (pid, cid) VALUES ("c16fb57e-06a5-4755-bfd6-1865204abe14","2482efbd-0c09-439c-9b72-8ed3dfecfe85");
INSERT INTO ChildType (cid, type) VALUES ("caa543cc-36f4-448c-b69b-a41d9f269cc2","documents");
INSERT INTO ParentChild (pid, cid) VALUES ("c16fb57e-06a5-4755-bfd6-1865204abe14","caa543cc-36f4-448c-b69b-a41d9f269cc2");
INSERT INTO ChildType (cid, type) VALUES ("a6f11eef-7861-4afc-bc92-00f5adc7d388","documents");
INSERT INTO ParentChild (pid, cid) VALUES ("c16fb57e-06a5-4755-bfd6-1865204abe14","a6f11eef-7861-4afc-bc92-00f5adc7d388");
INSERT INTO ChildType (cid, type) VALUES ("10b04bee-8116-4d55-9669-c59c8467f9ce","documents");
INSERT INTO ParentChild (pid, cid) VALUES ("c16fb57e-06a5-4755-bfd6-1865204abe14","10b04bee-8116-4d55-9669-c59c8467f9ce");
INSERT INTO ChildType (cid, type) VALUES ("492662c0-49d9-4929-b330-b3afb4cb314d","documents");
INSERT INTO ParentChild (pid, cid) VALUES ("c16fb57e-06a5-4755-bfd6-1865204abe14","492662c0-49d9-4929-b330-b3afb4cb314d");
INSERT INTO ChildType (cid, type) VALUES ("0599fc2b-a21a-4980-a2aa-b1bccee524e9","documents");
INSERT INTO ParentChild (pid, cid) VALUES ("c16fb57e-06a5-4755-bfd6-1865204abe14","0599fc2b-a21a-4980-a2aa-b1bccee524e9");
INSERT INTO ChildType (cid, type) VALUES ("d9f30951-6ce8-4840-a36c-6d588527eaf5","documents");
INSERT INTO ParentChild (pid, cid) VALUES ("c16fb57e-06a5-4755-bfd6-1865204abe14","d9f30951-6ce8-4840-a36c-6d588527eaf5");
INSERT INTO ChildType (cid, type) VALUES ("7a5944a8-4aeb-4034-a009-da60f4c78007","documents");
INSERT INTO ParentChild (pid, cid) VALUES ("c16fb57e-06a5-4755-bfd6-1865204abe14","7a5944a8-4aeb-4034-a009-da60f4c78007");
INSERT INTO ChildType (cid, type) VALUES ("6d3c8437-d19c-416e-bc40-4d4930ce39b0","documents");
INSERT INTO ParentChild (pid, cid) VALUES ("c16fb57e-06a5-4755-bfd6-1865204abe14","6d3c8437-d19c-416e-bc40-4d4930ce39b0");
INSERT INTO ChildType (cid, type) VALUES ("ce44aaa1-d4c1-473f-a0e8-739a21f5484e","documents");
INSERT INTO ParentChild (pid, cid) VALUES ("c16fb57e-06a5-4755-bfd6-1865204abe14","ce44aaa1-d4c1-473f-a0e8-739a21f5484e");
INSERT INTO ChildType (cid, type) VALUES ("888b23bf-b7f5-4184-a9fe-af62f7cb3bf3","documents");
INSERT INTO ParentChild (pid, cid) VALUES ("c16fb57e-06a5-4755-bfd6-1865204abe14","888b23bf-b7f5-4184-a9fe-af62f7cb3bf3");
INSERT INTO ChildType (cid, type) VALUES ("9be088c6-8bd0-4a84-9acf-64b13361010a","documents");
INSERT INTO ParentChild (pid, cid) VALUES ("c16fb57e-06a5-4755-bfd6-1865204abe14","9be088c6-8bd0-4a84-9acf-64b13361010a");
INSERT INTO ChildType (cid, type) VALUES ("7422c33c-c9dc-438e-a70e-f7f52324fe02","documents");
INSERT INTO ParentChild (pid, cid) VALUES ("c16fb57e-06a5-4755-bfd6-1865204abe14","7422c33c-c9dc-438e-a70e-f7f52324fe02");
INSERT INTO ChildType (cid, type) VALUES ("2cca9227-3364-435e-b34d-d8db743489db","documents");
INSERT INTO ParentChild (pid, cid) VALUES ("c16fb57e-06a5-4755-bfd6-1865204abe14","2cca9227-3364-435e-b34d-d8db743489db");
INSERT INTO ChildType (cid, type) VALUES ("9110970a-742a-40ab-ac86-e7a62d563f16","documents");
INSERT INTO ParentChild (pid, cid) VALUES ("c16fb57e-06a5-4755-bfd6-1865204abe14","9110970a-742a-40ab-ac86-e7a62d563f16");
INSERT INTO ChildType (cid, type) VALUES ("b1a15f85-c1c4-448c-b67a-726102bc25a4","documents");
INSERT INTO ParentChild (pid, cid) VALUES ("c16fb57e-06a5-4755-bfd6-1865204abe14","b1a15f85-c1c4-448c-b67a-726102bc25a4");
INSERT INTO ChildType (cid, type) VALUES ("95059bce-d417-4d36-abd5-497cfce90f6d","documents");
INSERT INTO ParentChild (pid, cid) VALUES ("c16fb57e-06a5-4755-bfd6-1865204abe14","95059bce-d417-4d36-abd5-497cfce90f6d");
INSERT INTO ChildType (cid, type) VALUES ("57db15bd-c975-4c56-ab22-83950cc08791","documents");
INSERT INTO ParentChild (pid, cid) VALUES ("c16fb57e-06a5-4755-bfd6-1865204abe14","57db15bd-c975-4c56-ab22-83950cc08791");
INSERT INTO ChildType (cid, type) VALUES ("fb2843c9-5227-448a-b63b-c1aaa7b40e0d","documents");
INSERT INTO ParentChild (pid, cid) VALUES ("c16fb57e-06a5-4755-bfd6-1865204abe14","fb2843c9-5227-448a-b63b-c1aaa7b40e0d");
INSERT INTO ChildType (cid, type) VALUES ("a7d050e8-bf39-405c-ad96-fc02ef074d76","documents");
INSERT INTO ParentChild (pid, cid) VALUES ("c16fb57e-06a5-4755-bfd6-1865204abe14","a7d050e8-bf39-405c-ad96-fc02ef074d76");
INSERT INTO ChildType (cid, type) VALUES ("fea3b223-4d2e-4591-b850-ca73e032b56f","documents");
INSERT INTO ParentChild (pid, cid) VALUES ("c16fb57e-06a5-4755-bfd6-1865204abe14","fea3b223-4d2e-4591-b850-ca73e032b56f");
INSERT INTO ChildType (cid, type) VALUES ("e70af3d7-c60c-4873-ae9f-9325cae898fe","documents");
INSERT INTO ParentChild (pid, cid) VALUES ("c16fb57e-06a5-4755-bfd6-1865204abe14","e70af3d7-c60c-4873-ae9f-9325cae898fe");
INSERT INTO ChildType (cid, type) VALUES ("f12b813e-9e6a-4df0-8345-18ff924a152f","documents");
INSERT INTO ParentChild (pid, cid) VALUES ("c16fb57e-06a5-4755-bfd6-1865204abe14","f12b813e-9e6a-4df0-8345-18ff924a152f");
INSERT INTO ChildType (cid, type) VALUES ("39ab8a34-a0c5-49f0-8676-0bb8fd2fd529","documents");
INSERT INTO ParentChild (pid, cid) VALUES ("c16fb57e-06a5-4755-bfd6-1865204abe14","39ab8a34-a0c5-49f0-8676-0bb8fd2fd529");
INSERT INTO ChildType (cid, type) VALUES ("ba6cbcf9-039d-494d-8b99-5b79ed7a0715","documents");
INSERT INTO ParentChild (pid, cid) VALUES ("c16fb57e-06a5-4755-bfd6-1865204abe14","ba6cbcf9-039d-494d-8b99-5b79ed7a0715");
INSERT INTO ChildType (cid, type) VALUES ("9127778b-d97e-4a4e-8131-10176fca4eaf","documents");
INSERT INTO ParentChild (pid, cid) VALUES ("c16fb57e-06a5-4755-bfd6-1865204abe14","9127778b-d97e-4a4e-8131-10176fca4eaf");
INSERT INTO ChildType (cid, type) VALUES ("e410b457-ecd3-4ded-b7ea-e85e06580189","documents");
INSERT INTO ParentChild (pid, cid) VALUES ("c16fb57e-06a5-4755-bfd6-1865204abe14","e410b457-ecd3-4ded-b7ea-e85e06580189");
INSERT INTO ChildType (cid, type) VALUES ("d6753cec-40c6-4703-bf81-e58fdac6c023","documents");
INSERT INTO ParentChild (pid, cid) VALUES ("c16fb57e-06a5-4755-bfd6-1865204abe14","d6753cec-40c6-4703-bf81-e58fdac6c023");
INSERT INTO ChildType (cid, type) VALUES ("abf26c85-917a-4f78-84a4-d08daf087e93","documents");
INSERT INTO ParentChild (pid, cid) VALUES ("c16fb57e-06a5-4755-bfd6-1865204abe14","abf26c85-917a-4f78-84a4-d08daf087e93");
INSERT INTO ChildType (cid, type) VALUES ("9845b8c2-c628-4daf-93af-7c0d257d2b7f","documents");
INSERT INTO ParentChild (pid, cid) VALUES ("c16fb57e-06a5-4755-bfd6-1865204abe14","9845b8c2-c628-4daf-93af-7c0d257d2b7f");
INSERT INTO ChildType (cid, type) VALUES ("33999be3-0482-45f4-932d-5f7b55e7e893","documents");
INSERT INTO ParentChild (pid, cid) VALUES ("c16fb57e-06a5-4755-bfd6-1865204abe14","33999be3-0482-45f4-932d-5f7b55e7e893");
INSERT INTO ChildType (cid, type) VALUES ("07712011-67be-480e-b4e1-010aaea5eee4","documents");
INSERT INTO ParentChild (pid, cid) VALUES ("c16fb57e-06a5-4755-bfd6-1865204abe14","07712011-67be-480e-b4e1-010aaea5eee4");
INSERT INTO ChildType (cid, type) VALUES ("98d1a8e1-6dd5-4b4e-bb44-0676d51697e2","documents");
INSERT INTO ParentChild (pid, cid) VALUES ("c16fb57e-06a5-4755-bfd6-1865204abe14","98d1a8e1-6dd5-4b4e-bb44-0676d51697e2");
INSERT INTO ChildType (cid, type) VALUES ("98e53d49-0161-46b8-99f5-f7a92d3b72bc","documents");
INSERT INTO ParentChild (pid, cid) VALUES ("c16fb57e-06a5-4755-bfd6-1865204abe14","98e53d49-0161-46b8-99f5-f7a92d3b72bc");
INSERT INTO ChildType (cid, type) VALUES ("091f4f8a-c9a8-4860-a397-a4b4e74df0d1","documents");
INSERT INTO ParentChild (pid, cid) VALUES ("c16fb57e-06a5-4755-bfd6-1865204abe14","091f4f8a-c9a8-4860-a397-a4b4e74df0d1");
INSERT INTO ChildType (cid, type) VALUES ("c69da212-0238-4f18-bf64-a50990af7870","documents");
INSERT INTO ParentChild (pid, cid) VALUES ("c16fb57e-06a5-4755-bfd6-1865204abe14","c69da212-0238-4f18-bf64-a50990af7870");
INSERT INTO ChildType (cid, type) VALUES ("f2943583-1669-4e14-b701-de2b5e705ce2","documents");
INSERT INTO ParentChild (pid, cid) VALUES ("c16fb57e-06a5-4755-bfd6-1865204abe14","f2943583-1669-4e14-b701-de2b5e705ce2");
INSERT INTO ChildType (cid, type) VALUES ("2c7ed5da-2311-4159-8734-ae11f01cce7a","documents");
INSERT INTO ParentChild (pid, cid) VALUES ("c16fb57e-06a5-4755-bfd6-1865204abe14","2c7ed5da-2311-4159-8734-ae11f01cce7a");
INSERT INTO ChildType (cid, type) VALUES ("f2a94772-7634-4fa6-afbf-072880d3f7d6","documents");
INSERT INTO ParentChild (pid, cid) VALUES ("c16fb57e-06a5-4755-bfd6-1865204abe14","f2a94772-7634-4fa6-afbf-072880d3f7d6");
INSERT INTO ChildType (cid, type) VALUES ("a748f59e-4574-4239-b49e-e77f5f290881","documents");
INSERT INTO ParentChild (pid, cid) VALUES ("c16fb57e-06a5-4755-bfd6-1865204abe14","a748f59e-4574-4239-b49e-e77f5f290881");
INSERT INTO ChildType (cid, type) VALUES ("1814170f-cdba-4a2a-929c-9adf90b79891","documents");
INSERT INTO ParentChild (pid, cid) VALUES ("c16fb57e-06a5-4755-bfd6-1865204abe14","1814170f-cdba-4a2a-929c-9adf90b79891");
INSERT INTO ChildType (cid, type) VALUES ("26aa5c32-f890-4ab6-b162-263297ba59b3","documents");
INSERT INTO ParentChild (pid, cid) VALUES ("c16fb57e-06a5-4755-bfd6-1865204abe14","26aa5c32-f890-4ab6-b162-263297ba59b3");
INSERT INTO ChildType (cid, type) VALUES ("5c625644-4b2d-46a1-a89c-05972be3c2b4","documents");
INSERT INTO ParentChild (pid, cid) VALUES ("c16fb57e-06a5-4755-bfd6-1865204abe14","5c625644-4b2d-46a1-a89c-05972be3c2b4");
INSERT INTO ChildType (cid, type) VALUES ("14049b6e-5cc9-4a3d-8960-76808d3676ca","documents");
INSERT INTO ParentChild (pid, cid) VALUES ("c16fb57e-06a5-4755-bfd6-1865204abe14","14049b6e-5cc9-4a3d-8960-76808d3676ca");
INSERT INTO ChildType (cid, type) VALUES ("a6531eb0-ac89-4743-a953-b9212f082481","documents");
INSERT INTO ParentChild (pid, cid) VALUES ("c16fb57e-06a5-4755-bfd6-1865204abe14","a6531eb0-ac89-4743-a953-b9212f082481");
INSERT INTO ChildType (cid, type) VALUES ("935cb191-ef35-4c23-ac9b-a45e47f722fa","documents");
INSERT INTO ParentChild (pid, cid) VALUES ("c16fb57e-06a5-4755-bfd6-1865204abe14","935cb191-ef35-4c23-ac9b-a45e47f722fa");
INSERT INTO ChildType (cid, type) VALUES ("83240a15-ed4e-4256-81b7-dd36b7b484c7","documents");
INSERT INTO ParentChild (pid, cid) VALUES ("c16fb57e-06a5-4755-bfd6-1865204abe14","83240a15-ed4e-4256-81b7-dd36b7b484c7");
INSERT INTO ChildType (cid, type) VALUES ("b921ecf1-ceef-454f-8726-39404657093f","documents");
INSERT INTO ParentChild (pid, cid) VALUES ("c16fb57e-06a5-4755-bfd6-1865204abe14","b921ecf1-ceef-454f-8726-39404657093f");
INSERT INTO ChildType (cid, type) VALUES ("6e541c77-fbca-4f09-a9d2-9b59925453d9","documents");
INSERT INTO ParentChild (pid, cid) VALUES ("c16fb57e-06a5-4755-bfd6-1865204abe14","6e541c77-fbca-4f09-a9d2-9b59925453d9");
INSERT INTO ChildType (cid, type) VALUES ("74c3ddb0-4562-44d4-a20f-a6c2a0b523bf","documents");
INSERT INTO ParentChild (pid, cid) VALUES ("c16fb57e-06a5-4755-bfd6-1865204abe14","74c3ddb0-4562-44d4-a20f-a6c2a0b523bf");
INSERT INTO ChildType (cid, type) VALUES ("6fcf3672-21d6-4cc7-b4b2-3b434bb46cdd","documents");
INSERT INTO ParentChild (pid, cid) VALUES ("c16fb57e-06a5-4755-bfd6-1865204abe14","6fcf3672-21d6-4cc7-b4b2-3b434bb46cdd");
INSERT INTO ChildType (cid, type) VALUES ("ccc04bf2-9146-4497-a7af-c815387cf155","documents");
INSERT INTO ParentChild (pid, cid) VALUES ("c16fb57e-06a5-4755-bfd6-1865204abe14","ccc04bf2-9146-4497-a7af-c815387cf155");
INSERT INTO ChildType (cid, type) VALUES ("ca40d3cd-23e6-4210-be04-7b5d624d6335","documents");
INSERT INTO ParentChild (pid, cid) VALUES ("c16fb57e-06a5-4755-bfd6-1865204abe14","ca40d3cd-23e6-4210-be04-7b5d624d6335");
INSERT INTO ChildType (cid, type) VALUES ("f3686248-ae0b-4225-96a6-89f0a4267c8b","documents");
INSERT INTO ParentChild (pid, cid) VALUES ("c16fb57e-06a5-4755-bfd6-1865204abe14","f3686248-ae0b-4225-96a6-89f0a4267c8b");
INSERT INTO ChildType (cid, type) VALUES ("bb1c5e1f-eb76-42eb-b931-6f9a3bc1aff4","documents");
INSERT INTO ParentChild (pid, cid) VALUES ("c16fb57e-06a5-4755-bfd6-1865204abe14","bb1c5e1f-eb76-42eb-b931-6f9a3bc1aff4");
INSERT INTO ChildType (cid, type) VALUES ("daa0ebfc-aab2-4eb6-a363-3f9a7efdfad7","documents");
INSERT INTO ParentChild (pid, cid) VALUES ("c16fb57e-06a5-4755-bfd6-1865204abe14","daa0ebfc-aab2-4eb6-a363-3f9a7efdfad7");
INSERT INTO ChildType (cid, type) VALUES ("e8e03115-870a-42cb-b4f2-ce55f805d740","documents");
INSERT INTO ParentChild (pid, cid) VALUES ("c16fb57e-06a5-4755-bfd6-1865204abe14","e8e03115-870a-42cb-b4f2-ce55f805d740");
INSERT INTO ChildType (cid, type) VALUES ("9c56c0c6-a68a-481a-93c0-42ff96ef386a","documents");
INSERT INTO ParentChild (pid, cid) VALUES ("c16fb57e-06a5-4755-bfd6-1865204abe14","9c56c0c6-a68a-481a-93c0-42ff96ef386a");
INSERT INTO ChildType (cid, type) VALUES ("61d88c6c-7d8e-40a7-b0c9-cae419944a81","documents");
INSERT INTO ParentChild (pid, cid) VALUES ("c16fb57e-06a5-4755-bfd6-1865204abe14","61d88c6c-7d8e-40a7-b0c9-cae419944a81");
INSERT INTO ChildType (cid, type) VALUES ("aa2d9db6-ec72-46af-92c6-cfd4750fff9a","documents");
INSERT INTO ParentChild (pid, cid) VALUES ("c16fb57e-06a5-4755-bfd6-1865204abe14","aa2d9db6-ec72-46af-92c6-cfd4750fff9a");
INSERT INTO ChildType (cid, type) VALUES ("f40d6a4b-2485-4939-914a-cb773d271101","documents");
INSERT INTO ParentChild (pid, cid) VALUES ("c16fb57e-06a5-4755-bfd6-1865204abe14","f40d6a4b-2485-4939-914a-cb773d271101");
INSERT INTO ChildType (cid, type) VALUES ("0e3dc962-ced6-4a4d-b6c7-928e089ac496","documents");
INSERT INTO ParentChild (pid, cid) VALUES ("c16fb57e-06a5-4755-bfd6-1865204abe14","0e3dc962-ced6-4a4d-b6c7-928e089ac496");
INSERT INTO ChildType (cid, type) VALUES ("0a24958d-c056-435d-8eee-688ef39726bc","documents");
INSERT INTO ParentChild (pid, cid) VALUES ("c16fb57e-06a5-4755-bfd6-1865204abe14","0a24958d-c056-435d-8eee-688ef39726bc");
INSERT INTO ChildType (cid, type) VALUES ("1529b7a6-ec82-472e-b1b6-a775c5d94a47","documents");
INSERT INTO ParentChild (pid, cid) VALUES ("c16fb57e-06a5-4755-bfd6-1865204abe14","1529b7a6-ec82-472e-b1b6-a775c5d94a47");
INSERT INTO ChildType (cid, type) VALUES ("c4bdf802-500e-4270-9b6f-73262b4e3821","documents");
INSERT INTO ParentChild (pid, cid) VALUES ("c16fb57e-06a5-4755-bfd6-1865204abe14","c4bdf802-500e-4270-9b6f-73262b4e3821");
INSERT INTO ChildType (cid, type) VALUES ("e586016c-b179-4375-af25-e016c92cde93","documents");
INSERT INTO ParentChild (pid, cid) VALUES ("c16fb57e-06a5-4755-bfd6-1865204abe14","e586016c-b179-4375-af25-e016c92cde93");
INSERT INTO ChildType (cid, type) VALUES ("86bd38af-4f4d-4c4b-8757-0aed7686ad8a","documents");
INSERT INTO ParentChild (pid, cid) VALUES ("c16fb57e-06a5-4755-bfd6-1865204abe14","86bd38af-4f4d-4c4b-8757-0aed7686ad8a");
INSERT INTO ChildType (cid, type) VALUES ("e64fe587-317e-4e17-a355-7dd9d5ee834e","documents");
INSERT INTO ParentChild (pid, cid) VALUES ("c16fb57e-06a5-4755-bfd6-1865204abe14","e64fe587-317e-4e17-a355-7dd9d5ee834e");
INSERT INTO ChildType (cid, type) VALUES ("d00257c0-009e-45ae-85fd-1ddd023043e5","documents");
INSERT INTO ParentChild (pid, cid) VALUES ("c16fb57e-06a5-4755-bfd6-1865204abe14","d00257c0-009e-45ae-85fd-1ddd023043e5");
INSERT INTO ChildType (cid, type) VALUES ("ed013218-5697-4c36-b1b9-dc943d02c789","documents");
INSERT INTO ParentChild (pid, cid) VALUES ("c16fb57e-06a5-4755-bfd6-1865204abe14","ed013218-5697-4c36-b1b9-dc943d02c789");
INSERT INTO ChildType (cid, type) VALUES ("90bef652-7ddd-48d7-8b32-6beb2253391e","documents");
INSERT INTO ParentChild (pid, cid) VALUES ("c16fb57e-06a5-4755-bfd6-1865204abe14","90bef652-7ddd-48d7-8b32-6beb2253391e");
INSERT INTO ChildType (cid, type) VALUES ("53f5b113-fa18-4540-8507-7b54a1b60bdc","documents");
INSERT INTO ParentChild (pid, cid) VALUES ("c16fb57e-06a5-4755-bfd6-1865204abe14","53f5b113-fa18-4540-8507-7b54a1b60bdc");
INSERT INTO ChildType (cid, type) VALUES ("22ebc83d-30cd-4a16-b3df-f98c0f23a31a","documents");
INSERT INTO ParentChild (pid, cid) VALUES ("c16fb57e-06a5-4755-bfd6-1865204abe14","22ebc83d-30cd-4a16-b3df-f98c0f23a31a");
INSERT INTO ChildType (cid, type) VALUES ("104f38b3-f2c9-4271-9277-57e66fea2db3","documents");
INSERT INTO ParentChild (pid, cid) VALUES ("c16fb57e-06a5-4755-bfd6-1865204abe14","104f38b3-f2c9-4271-9277-57e66fea2db3");
INSERT INTO ChildType (cid, type) VALUES ("bcf143ed-9676-4824-a04b-ce12c6706b3e","documents");
INSERT INTO ParentChild (pid, cid) VALUES ("c16fb57e-06a5-4755-bfd6-1865204abe14","bcf143ed-9676-4824-a04b-ce12c6706b3e");
INSERT INTO ChildType (cid, type) VALUES ("d79ef571-bdb8-4060-bbf6-e5cb282c2797","documents");
INSERT INTO ParentChild (pid, cid) VALUES ("c16fb57e-06a5-4755-bfd6-1865204abe14","d79ef571-bdb8-4060-bbf6-e5cb282c2797");
INSERT INTO ChildType (cid, type) VALUES ("320c1547-e985-43b6-b2bb-deaa33d3c6b9","documents");
INSERT INTO ParentChild (pid, cid) VALUES ("c16fb57e-06a5-4755-bfd6-1865204abe14","320c1547-e985-43b6-b2bb-deaa33d3c6b9");
INSERT INTO ChildType (cid, type) VALUES ("5f5cfb69-083e-4a50-bc70-0c0fd5ab3573","documents");
INSERT INTO ParentChild (pid, cid) VALUES ("c16fb57e-06a5-4755-bfd6-1865204abe14","5f5cfb69-083e-4a50-bc70-0c0fd5ab3573");
INSERT INTO ChildType (cid, type) VALUES ("50a9c4b3-6498-4869-a93f-ca081e5c2f54","documents");
INSERT INTO ParentChild (pid, cid) VALUES ("c16fb57e-06a5-4755-bfd6-1865204abe14","50a9c4b3-6498-4869-a93f-ca081e5c2f54");
INSERT INTO ChildType (cid, type) VALUES ("3a6a84da-7acf-4b96-b474-8141d142e615","documents");
INSERT INTO ParentChild (pid, cid) VALUES ("c16fb57e-06a5-4755-bfd6-1865204abe14","3a6a84da-7acf-4b96-b474-8141d142e615");
INSERT INTO ChildType (cid, type) VALUES ("af2444aa-ea0d-4a30-b3cc-12f5c944ad34","documents");
INSERT INTO ParentChild (pid, cid) VALUES ("c16fb57e-06a5-4755-bfd6-1865204abe14","af2444aa-ea0d-4a30-b3cc-12f5c944ad34");
INSERT INTO ChildType (cid, type) VALUES ("74899855-de7b-45ad-977e-c6fa5470ece5","documents");
INSERT INTO ParentChild (pid, cid) VALUES ("c16fb57e-06a5-4755-bfd6-1865204abe14","74899855-de7b-45ad-977e-c6fa5470ece5");
INSERT INTO ChildType (cid, type) VALUES ("455b0d8b-5661-4e39-9e2b-e5041991ae07","documents");
INSERT INTO ParentChild (pid, cid) VALUES ("c16fb57e-06a5-4755-bfd6-1865204abe14","455b0d8b-5661-4e39-9e2b-e5041991ae07");
INSERT INTO ChildType (cid, type) VALUES ("9f2bd0f4-b3f8-4cdd-b239-7a85454607d7","documents");
INSERT INTO ParentChild (pid, cid) VALUES ("c16fb57e-06a5-4755-bfd6-1865204abe14","9f2bd0f4-b3f8-4cdd-b239-7a85454607d7");
INSERT INTO ChildType (cid, type) VALUES ("74277daf-d080-45c0-937c-356b293d5a25","documents");
INSERT INTO ParentChild (pid, cid) VALUES ("c16fb57e-06a5-4755-bfd6-1865204abe14","74277daf-d080-45c0-937c-356b293d5a25");
INSERT INTO ChildType (cid, type) VALUES ("18afbdde-83df-4bef-bdfb-487aac3f4da5","documents");
INSERT INTO ParentChild (pid, cid) VALUES ("c16fb57e-06a5-4755-bfd6-1865204abe14","18afbdde-83df-4bef-bdfb-487aac3f4da5");
INSERT INTO ChildType (cid, type) VALUES ("4a5c3d12-9d1e-49f9-b61a-1dbd223c7b13","documents");
INSERT INTO ParentChild (pid, cid) VALUES ("c16fb57e-06a5-4755-bfd6-1865204abe14","4a5c3d12-9d1e-49f9-b61a-1dbd223c7b13");
INSERT INTO ChildType (cid, type) VALUES ("69e9859b-39c9-4efc-ae9d-e065a1739cbd","documents");
INSERT INTO ParentChild (pid, cid) VALUES ("c16fb57e-06a5-4755-bfd6-1865204abe14","69e9859b-39c9-4efc-ae9d-e065a1739cbd");
INSERT INTO ChildType (cid, type) VALUES ("6be799bf-7d42-4c35-8872-b2f569cbd968","documents");
INSERT INTO ParentChild (pid, cid) VALUES ("c16fb57e-06a5-4755-bfd6-1865204abe14","6be799bf-7d42-4c35-8872-b2f569cbd968");
INSERT INTO ChildType (cid, type) VALUES ("d9845525-5530-4c26-a360-ae4d2c9f9b98","documents");
INSERT INTO ParentChild (pid, cid) VALUES ("c16fb57e-06a5-4755-bfd6-1865204abe14","d9845525-5530-4c26-a360-ae4d2c9f9b98");
INSERT INTO ChildType (cid, type) VALUES ("3c9ced86-929c-43aa-81d7-d5d2a0e9a176","documents");
INSERT INTO ParentChild (pid, cid) VALUES ("c16fb57e-06a5-4755-bfd6-1865204abe14","3c9ced86-929c-43aa-81d7-d5d2a0e9a176");
INSERT INTO ChildType (cid, type) VALUES ("319ed12b-f848-452d-b504-3bf54054a4ff","documents");
INSERT INTO ParentChild (pid, cid) VALUES ("c16fb57e-06a5-4755-bfd6-1865204abe14","319ed12b-f848-452d-b504-3bf54054a4ff");
INSERT INTO ChildType (cid, type) VALUES ("6a6e9b91-ffc6-4a9d-a532-1e11e5e58048","documents");
INSERT INTO ParentChild (pid, cid) VALUES ("c16fb57e-06a5-4755-bfd6-1865204abe14","6a6e9b91-ffc6-4a9d-a532-1e11e5e58048");
INSERT INTO ChildType (cid, type) VALUES ("01e119fc-0da1-4db4-9161-13fe8e6af1d6","documents");
INSERT INTO ParentChild (pid, cid) VALUES ("c16fb57e-06a5-4755-bfd6-1865204abe14","01e119fc-0da1-4db4-9161-13fe8e6af1d6");
INSERT INTO ChildType (cid, type) VALUES ("40fa2992-083a-4a2c-9e02-c366e5d9d930","documents");
INSERT INTO ParentChild (pid, cid) VALUES ("c16fb57e-06a5-4755-bfd6-1865204abe14","40fa2992-083a-4a2c-9e02-c366e5d9d930");
INSERT INTO ChildType (cid, type) VALUES ("a5c8bdad-7625-4cf4-af4f-bf13ab976aa7","documents");
INSERT INTO ParentChild (pid, cid) VALUES ("c16fb57e-06a5-4755-bfd6-1865204abe14","a5c8bdad-7625-4cf4-af4f-bf13ab976aa7");
INSERT INTO ChildType (cid, type) VALUES ("5b65cbeb-e05e-40c0-bdc4-893c50c5d624","documents");
INSERT INTO ParentChild (pid, cid) VALUES ("c16fb57e-06a5-4755-bfd6-1865204abe14","5b65cbeb-e05e-40c0-bdc4-893c50c5d624");
INSERT INTO ChildType (cid, type) VALUES ("9ce4fd9f-0b40-4efa-8523-0a9f55692451","documents");
INSERT INTO ParentChild (pid, cid) VALUES ("c16fb57e-06a5-4755-bfd6-1865204abe14","9ce4fd9f-0b40-4efa-8523-0a9f55692451");
INSERT INTO ChildType (cid, type) VALUES ("d0569810-7197-4ce1-9bda-bdbd8369d57b","documents");
INSERT INTO ParentChild (pid, cid) VALUES ("c16fb57e-06a5-4755-bfd6-1865204abe14","d0569810-7197-4ce1-9bda-bdbd8369d57b");
INSERT INTO ChildType (cid, type) VALUES ("1403c571-5f3d-40d9-b772-11ea387604f0","documents");
INSERT INTO ParentChild (pid, cid) VALUES ("c16fb57e-06a5-4755-bfd6-1865204abe14","1403c571-5f3d-40d9-b772-11ea387604f0");
INSERT INTO ChildType (cid, type) VALUES ("324d4553-84c5-48c7-abf8-07e7505dac6e","documents");
INSERT INTO ParentChild (pid, cid) VALUES ("c16fb57e-06a5-4755-bfd6-1865204abe14","324d4553-84c5-48c7-abf8-07e7505dac6e");
INSERT INTO ChildType (cid, type) VALUES ("4f5251fb-ecf2-4662-8c5b-3d08727f6e00","documents");
INSERT INTO ParentChild (pid, cid) VALUES ("c16fb57e-06a5-4755-bfd6-1865204abe14","4f5251fb-ecf2-4662-8c5b-3d08727f6e00");
INSERT INTO ChildType (cid, type) VALUES ("09f5c363-3692-4ab3-b6a3-85f80abb4c74","documents");
INSERT INTO ParentChild (pid, cid) VALUES ("c16fb57e-06a5-4755-bfd6-1865204abe14","09f5c363-3692-4ab3-b6a3-85f80abb4c74");
INSERT INTO ChildType (cid, type) VALUES ("c444bd1a-41e0-45a5-9096-70d6e4104136","documents");
INSERT INTO ParentChild (pid, cid) VALUES ("c16fb57e-06a5-4755-bfd6-1865204abe14","c444bd1a-41e0-45a5-9096-70d6e4104136");
INSERT INTO ChildType (cid, type) VALUES ("a820fde3-201b-490e-8a05-1e8e19e7022e","documents");
INSERT INTO ParentChild (pid, cid) VALUES ("c16fb57e-06a5-4755-bfd6-1865204abe14","a820fde3-201b-490e-8a05-1e8e19e7022e");
INSERT INTO ChildType (cid, type) VALUES ("91964c78-bab6-4dcf-900f-3a0e56eaf094","documents");
INSERT INTO ParentChild (pid, cid) VALUES ("c16fb57e-06a5-4755-bfd6-1865204abe14","91964c78-bab6-4dcf-900f-3a0e56eaf094");
INSERT INTO ChildType (cid, type) VALUES ("5660352e-9504-4ddf-a5b6-f51c38b0efe6","documents");
INSERT INTO ParentChild (pid, cid) VALUES ("c16fb57e-06a5-4755-bfd6-1865204abe14","5660352e-9504-4ddf-a5b6-f51c38b0efe6");
INSERT INTO ChildType (cid, type) VALUES ("4894e8a3-c12a-40d5-90a5-f2459519ac80","documents");
INSERT INTO ParentChild (pid, cid) VALUES ("c16fb57e-06a5-4755-bfd6-1865204abe14","4894e8a3-c12a-40d5-90a5-f2459519ac80");
INSERT INTO ChildType (cid, type) VALUES ("daf801e3-c45c-4ccc-b5ff-275cd4180a62","documents");
INSERT INTO ParentChild (pid, cid) VALUES ("c16fb57e-06a5-4755-bfd6-1865204abe14","daf801e3-c45c-4ccc-b5ff-275cd4180a62");
INSERT INTO ChildType (cid, type) VALUES ("5352c65c-c883-44aa-8dca-10d3aa3a8591","documents");
INSERT INTO ParentChild (pid, cid) VALUES ("c16fb57e-06a5-4755-bfd6-1865204abe14","5352c65c-c883-44aa-8dca-10d3aa3a8591");
INSERT INTO ChildType (cid, type) VALUES ("f49c2c54-0b55-4f18-9002-472ac7a7ad4f","documents");
INSERT INTO ParentChild (pid, cid) VALUES ("c16fb57e-06a5-4755-bfd6-1865204abe14","f49c2c54-0b55-4f18-9002-472ac7a7ad4f");
INSERT INTO ChildType (cid, type) VALUES ("c13788c9-b0ca-441e-b385-18064f146907","documents");
INSERT INTO ParentChild (pid, cid) VALUES ("c16fb57e-06a5-4755-bfd6-1865204abe14","c13788c9-b0ca-441e-b385-18064f146907");
INSERT INTO ChildType (cid, type) VALUES ("fddf4e29-ea5c-419c-9cc7-89fb3d15db0d","documents");
INSERT INTO ParentChild (pid, cid) VALUES ("c16fb57e-06a5-4755-bfd6-1865204abe14","fddf4e29-ea5c-419c-9cc7-89fb3d15db0d");
INSERT INTO ChildType (cid, type) VALUES ("59ce5373-14ff-49ae-a1b1-1db452df87bb","documents");
INSERT INTO ParentChild (pid, cid) VALUES ("c16fb57e-06a5-4755-bfd6-1865204abe14","59ce5373-14ff-49ae-a1b1-1db452df87bb");
INSERT INTO ChildType (cid, type) VALUES ("c15bbd56-81da-40c1-a88c-89661a8cc67c","documents");
INSERT INTO ParentChild (pid, cid) VALUES ("c16fb57e-06a5-4755-bfd6-1865204abe14","c15bbd56-81da-40c1-a88c-89661a8cc67c");
INSERT INTO ChildType (cid, type) VALUES ("084f7f80-1637-47b4-b8ea-bc28714bed33","documents");
INSERT INTO ParentChild (pid, cid) VALUES ("c16fb57e-06a5-4755-bfd6-1865204abe14","084f7f80-1637-47b4-b8ea-bc28714bed33");
INSERT INTO ChildType (cid, type) VALUES ("b55426c1-cd62-4a94-b840-aa260bfae4e6","documents");
INSERT INTO ParentChild (pid, cid) VALUES ("c16fb57e-06a5-4755-bfd6-1865204abe14","b55426c1-cd62-4a94-b840-aa260bfae4e6");
INSERT INTO ChildType (cid, type) VALUES ("c8cedf6a-024c-44e3-aa48-f52e727d916b","documents");
INSERT INTO ParentChild (pid, cid) VALUES ("c16fb57e-06a5-4755-bfd6-1865204abe14","c8cedf6a-024c-44e3-aa48-f52e727d916b");
INSERT INTO ChildType (cid, type) VALUES ("c9a40302-68be-4100-bbda-291efbeaf01e","documents");
INSERT INTO ParentChild (pid, cid) VALUES ("c16fb57e-06a5-4755-bfd6-1865204abe14","c9a40302-68be-4100-bbda-291efbeaf01e");
INSERT INTO ChildType (cid, type) VALUES ("07ac7b9b-7b7f-4bfe-92a4-a7ea95f27466","documents");
INSERT INTO ParentChild (pid, cid) VALUES ("c16fb57e-06a5-4755-bfd6-1865204abe14","07ac7b9b-7b7f-4bfe-92a4-a7ea95f27466");
INSERT INTO ChildType (cid, type) VALUES ("84290697-1c29-4687-8962-646aae90c396","documents");
INSERT INTO ParentChild (pid, cid) VALUES ("c16fb57e-06a5-4755-bfd6-1865204abe14","84290697-1c29-4687-8962-646aae90c396");
INSERT INTO ChildType (cid, type) VALUES ("152b7f58-4237-4b46-a91a-d9f7d9897b2a","documents");
INSERT INTO ParentChild (pid, cid) VALUES ("c16fb57e-06a5-4755-bfd6-1865204abe14","152b7f58-4237-4b46-a91a-d9f7d9897b2a");
INSERT INTO ChildType (cid, type) VALUES ("74435287-bee9-483e-933a-970811565c20","documents");
INSERT INTO ParentChild (pid, cid) VALUES ("c16fb57e-06a5-4755-bfd6-1865204abe14","74435287-bee9-483e-933a-970811565c20");
INSERT INTO ChildType (cid, type) VALUES ("d6b327ab-0b9a-4b3b-b493-4ae0897f7d02","documents");
INSERT INTO ParentChild (pid, cid) VALUES ("c16fb57e-06a5-4755-bfd6-1865204abe14","d6b327ab-0b9a-4b3b-b493-4ae0897f7d02");
INSERT INTO ChildType (cid, type) VALUES ("f4d2f9ef-f2cd-4f7c-86a2-cf00c253a7d6","documents");
INSERT INTO ParentChild (pid, cid) VALUES ("c16fb57e-06a5-4755-bfd6-1865204abe14","f4d2f9ef-f2cd-4f7c-86a2-cf00c253a7d6");
INSERT INTO ChildType (cid, type) VALUES ("cf0b7b83-68db-4e4d-99ac-1d3153a40ae1","documents");
INSERT INTO ParentChild (pid, cid) VALUES ("c16fb57e-06a5-4755-bfd6-1865204abe14","cf0b7b83-68db-4e4d-99ac-1d3153a40ae1");
INSERT INTO ChildType (cid, type) VALUES ("72b5c264-7b02-4599-ae58-1d6d187ddfdd","documents");
INSERT INTO ParentChild (pid, cid) VALUES ("c16fb57e-06a5-4755-bfd6-1865204abe14","72b5c264-7b02-4599-ae58-1d6d187ddfdd");
INSERT INTO ChildType (cid, type) VALUES ("be5a9c77-e409-4d69-8fe3-408ac7fb5d48","documents");
INSERT INTO ParentChild (pid, cid) VALUES ("c16fb57e-06a5-4755-bfd6-1865204abe14","be5a9c77-e409-4d69-8fe3-408ac7fb5d48");
INSERT INTO ChildType (cid, type) VALUES ("421f341c-c55e-45a0-a343-eba4008928a4","documents");
INSERT INTO ParentChild (pid, cid) VALUES ("c16fb57e-06a5-4755-bfd6-1865204abe14","421f341c-c55e-45a0-a343-eba4008928a4");
INSERT INTO ChildType (cid, type) VALUES ("dc5a36b8-e228-434d-9c19-d171cf7086c8","documents");
INSERT INTO ParentChild (pid, cid) VALUES ("c16fb57e-06a5-4755-bfd6-1865204abe14","dc5a36b8-e228-434d-9c19-d171cf7086c8");
INSERT INTO ChildType (cid, type) VALUES ("2b37ecf4-fcac-463a-96af-3b6646abf490","documents");
INSERT INTO ParentChild (pid, cid) VALUES ("c16fb57e-06a5-4755-bfd6-1865204abe14","2b37ecf4-fcac-463a-96af-3b6646abf490");
INSERT INTO ChildType (cid, type) VALUES ("456cc343-733f-4e0b-ba27-756e357ec788","documents");
INSERT INTO ParentChild (pid, cid) VALUES ("c16fb57e-06a5-4755-bfd6-1865204abe14","456cc343-733f-4e0b-ba27-756e357ec788");
INSERT INTO ChildType (cid, type) VALUES ("88cbd386-d17e-4c60-9d56-953677cb8725","documents");
INSERT INTO ParentChild (pid, cid) VALUES ("c16fb57e-06a5-4755-bfd6-1865204abe14","88cbd386-d17e-4c60-9d56-953677cb8725");
INSERT INTO ChildType (cid, type) VALUES ("08697553-b913-4006-a1d4-4be12d102b69","documents");
INSERT INTO ParentChild (pid, cid) VALUES ("c16fb57e-06a5-4755-bfd6-1865204abe14","08697553-b913-4006-a1d4-4be12d102b69");
INSERT INTO ChildType (cid, type) VALUES ("4a2b5abb-b6c4-4387-8a08-c8270e858dae","documents");
INSERT INTO ParentChild (pid, cid) VALUES ("c16fb57e-06a5-4755-bfd6-1865204abe14","4a2b5abb-b6c4-4387-8a08-c8270e858dae");
INSERT INTO ChildType (cid, type) VALUES ("c9e8e480-51e7-4c78-a9e4-a377aef88c68","documents");
INSERT INTO ParentChild (pid, cid) VALUES ("c16fb57e-06a5-4755-bfd6-1865204abe14","c9e8e480-51e7-4c78-a9e4-a377aef88c68");
INSERT INTO ChildType (cid, type) VALUES ("b7449ae8-1361-4266-b1dc-e31e1470a528","documents");
INSERT INTO ParentChild (pid, cid) VALUES ("c16fb57e-06a5-4755-bfd6-1865204abe14","b7449ae8-1361-4266-b1dc-e31e1470a528");
INSERT INTO ChildType (cid, type) VALUES ("f50fd3da-a72c-4af3-868c-09a20d15ceed","documents");
INSERT INTO ParentChild (pid, cid) VALUES ("c16fb57e-06a5-4755-bfd6-1865204abe14","f50fd3da-a72c-4af3-868c-09a20d15ceed");
INSERT INTO ChildType (cid, type) VALUES ("f7a83292-e1e3-4d16-a5dc-636f10d4e971","documents");
INSERT INTO ParentChild (pid, cid) VALUES ("c16fb57e-06a5-4755-bfd6-1865204abe14","f7a83292-e1e3-4d16-a5dc-636f10d4e971");
INSERT INTO ChildType (cid, type) VALUES ("08a55144-e7a1-464f-9bce-a32646c4044f","documents");
INSERT INTO ParentChild (pid, cid) VALUES ("c16fb57e-06a5-4755-bfd6-1865204abe14","08a55144-e7a1-464f-9bce-a32646c4044f");
INSERT INTO ChildType (cid, type) VALUES ("9ea07b4c-9d9d-4f77-a39e-f57ee358cde0","documents");
INSERT INTO ParentChild (pid, cid) VALUES ("c16fb57e-06a5-4755-bfd6-1865204abe14","9ea07b4c-9d9d-4f77-a39e-f57ee358cde0");
INSERT INTO ChildType (cid, type) VALUES ("2eca9339-18ce-4bc4-8d29-227bb20a4329","documents");
INSERT INTO ParentChild (pid, cid) VALUES ("c16fb57e-06a5-4755-bfd6-1865204abe14","2eca9339-18ce-4bc4-8d29-227bb20a4329");
INSERT INTO ChildType (cid, type) VALUES ("e9debdfe-aeef-4fd2-86c1-bcb121476f61","documents");
INSERT INTO ParentChild (pid, cid) VALUES ("c16fb57e-06a5-4755-bfd6-1865204abe14","e9debdfe-aeef-4fd2-86c1-bcb121476f61");
INSERT INTO ChildType (cid, type) VALUES ("5e58e678-5704-47e3-a08f-223237a4ea42","documents");
INSERT INTO ParentChild (pid, cid) VALUES ("c16fb57e-06a5-4755-bfd6-1865204abe14","5e58e678-5704-47e3-a08f-223237a4ea42");
INSERT INTO ChildType (cid, type) VALUES ("7235daa5-d1d8-43d2-a098-d0f013a472bf","documents");
INSERT INTO ParentChild (pid, cid) VALUES ("c16fb57e-06a5-4755-bfd6-1865204abe14","7235daa5-d1d8-43d2-a098-d0f013a472bf");
INSERT INTO ChildType (cid, type) VALUES ("3b3e5d39-9c05-4354-ae19-67fdd1133c17","documents");
INSERT INTO ParentChild (pid, cid) VALUES ("c16fb57e-06a5-4755-bfd6-1865204abe14","3b3e5d39-9c05-4354-ae19-67fdd1133c17");
INSERT INTO ChildType (cid, type) VALUES ("69df85ed-eb3d-45d7-93eb-39422ced1a70","documents");
INSERT INTO ParentChild (pid, cid) VALUES ("c16fb57e-06a5-4755-bfd6-1865204abe14","69df85ed-eb3d-45d7-93eb-39422ced1a70");
INSERT INTO ChildType (cid, type) VALUES ("8f0b9f55-f6f8-42d5-afce-a63d56290d65","documents");
INSERT INTO ParentChild (pid, cid) VALUES ("c16fb57e-06a5-4755-bfd6-1865204abe14","8f0b9f55-f6f8-42d5-afce-a63d56290d65");
INSERT INTO ChildType (cid, type) VALUES ("32c03821-29b4-4b15-9cce-665a9ca0c669","documents");
INSERT INTO ParentChild (pid, cid) VALUES ("c16fb57e-06a5-4755-bfd6-1865204abe14","32c03821-29b4-4b15-9cce-665a9ca0c669");
INSERT INTO ChildType (cid, type) VALUES ("6830ed0f-423b-4b2d-b3d8-560e04fd24a6","documents");
INSERT INTO ParentChild (pid, cid) VALUES ("c16fb57e-06a5-4755-bfd6-1865204abe14","6830ed0f-423b-4b2d-b3d8-560e04fd24a6");
INSERT INTO ChildType (cid, type) VALUES ("6718fa79-dfc0-4546-a963-d647bd3df328","documents");
INSERT INTO ParentChild (pid, cid) VALUES ("c16fb57e-06a5-4755-bfd6-1865204abe14","6718fa79-dfc0-4546-a963-d647bd3df328");
INSERT INTO ChildType (cid, type) VALUES ("ffbe6012-ac9b-4834-ab79-b42a0af74bc2","documents");
INSERT INTO ParentChild (pid, cid) VALUES ("c16fb57e-06a5-4755-bfd6-1865204abe14","ffbe6012-ac9b-4834-ab79-b42a0af74bc2");
INSERT INTO ChildType (cid, type) VALUES ("b12cb420-0455-4e4b-94d9-d9f2b1fb5f5f","documents");
INSERT INTO ParentChild (pid, cid) VALUES ("c16fb57e-06a5-4755-bfd6-1865204abe14","b12cb420-0455-4e4b-94d9-d9f2b1fb5f5f");
INSERT INTO ChildType (cid, type) VALUES ("5612f86f-3f8b-445d-8be4-6229cd4c8ec6","documents");
INSERT INTO ParentChild (pid, cid) VALUES ("c16fb57e-06a5-4755-bfd6-1865204abe14","5612f86f-3f8b-445d-8be4-6229cd4c8ec6");
INSERT INTO ChildType (cid, type) VALUES ("e43eb94e-afb1-4557-a2f9-871c47d842ed","documents");
INSERT INTO ParentChild (pid, cid) VALUES ("c16fb57e-06a5-4755-bfd6-1865204abe14","e43eb94e-afb1-4557-a2f9-871c47d842ed");
INSERT INTO ChildType (cid, type) VALUES ("2d3218ac-116e-4e83-8303-394e8c30f9ea","documents");
INSERT INTO ParentChild (pid, cid) VALUES ("c16fb57e-06a5-4755-bfd6-1865204abe14","2d3218ac-116e-4e83-8303-394e8c30f9ea");
INSERT INTO ChildType (cid, type) VALUES ("a194a618-ea33-465a-88b0-91eaf3be085b","documents");
INSERT INTO ParentChild (pid, cid) VALUES ("c16fb57e-06a5-4755-bfd6-1865204abe14","a194a618-ea33-465a-88b0-91eaf3be085b");
INSERT INTO ChildType (cid, type) VALUES ("5e9862fd-ca31-4896-8646-7a80893a4696","documents");
INSERT INTO ParentChild (pid, cid) VALUES ("c16fb57e-06a5-4755-bfd6-1865204abe14","5e9862fd-ca31-4896-8646-7a80893a4696");
INSERT INTO ChildType (cid, type) VALUES ("68a824e2-a2a9-4f92-9dd8-0638eab4833c","documents");
INSERT INTO ParentChild (pid, cid) VALUES ("c16fb57e-06a5-4755-bfd6-1865204abe14","68a824e2-a2a9-4f92-9dd8-0638eab4833c");
INSERT INTO ChildType (cid, type) VALUES ("48a8a7f0-5262-44c8-8e89-c0eff33463b8","documents");
INSERT INTO ParentChild (pid, cid) VALUES ("c16fb57e-06a5-4755-bfd6-1865204abe14","48a8a7f0-5262-44c8-8e89-c0eff33463b8");
INSERT INTO ChildType (cid, type) VALUES ("0eda870b-44a6-45be-bea6-3cc32604cd4c","documents");
INSERT INTO ParentChild (pid, cid) VALUES ("c16fb57e-06a5-4755-bfd6-1865204abe14","0eda870b-44a6-45be-bea6-3cc32604cd4c");
INSERT INTO ChildType (cid, type) VALUES ("454d3b91-c3fb-4d25-8155-68ca670e363c","documents");
INSERT INTO ParentChild (pid, cid) VALUES ("c16fb57e-06a5-4755-bfd6-1865204abe14","454d3b91-c3fb-4d25-8155-68ca670e363c");
INSERT INTO ChildType (cid, type) VALUES ("751a601a-a8c0-489c-8da2-35eaec64c3ae","documents");
INSERT INTO ParentChild (pid, cid) VALUES ("c16fb57e-06a5-4755-bfd6-1865204abe14","751a601a-a8c0-489c-8da2-35eaec64c3ae");
INSERT INTO ChildType (cid, type) VALUES ("c9a232be-5f13-476b-b4c3-7f419a8d2ffe","documents");
INSERT INTO ParentChild (pid, cid) VALUES ("c16fb57e-06a5-4755-bfd6-1865204abe14","c9a232be-5f13-476b-b4c3-7f419a8d2ffe");
INSERT INTO ChildType (cid, type) VALUES ("0f52aab9-f1d6-4bff-89f2-693ca53863da","documents");
INSERT INTO ParentChild (pid, cid) VALUES ("c16fb57e-06a5-4755-bfd6-1865204abe14","0f52aab9-f1d6-4bff-89f2-693ca53863da");
INSERT INTO ChildType (cid, type) VALUES ("120cd2ba-cd0c-4fe7-99d0-98f8c645f63b","documents");
INSERT INTO ParentChild (pid, cid) VALUES ("c16fb57e-06a5-4755-bfd6-1865204abe14","120cd2ba-cd0c-4fe7-99d0-98f8c645f63b");
INSERT INTO ChildType (cid, type) VALUES ("f514d8cc-9372-450d-bada-60c354f6e892","documents");
INSERT INTO ParentChild (pid, cid) VALUES ("c16fb57e-06a5-4755-bfd6-1865204abe14","f514d8cc-9372-450d-bada-60c354f6e892");
INSERT INTO ChildType (cid, type) VALUES ("2386f425-aaa8-44cd-92cb-cffc000bb5c4","documents");
INSERT INTO ParentChild (pid, cid) VALUES ("c16fb57e-06a5-4755-bfd6-1865204abe14","2386f425-aaa8-44cd-92cb-cffc000bb5c4");
INSERT INTO ChildType (cid, type) VALUES ("02097b73-a623-4250-8020-75dd9019ff08","documents");
INSERT INTO ParentChild (pid, cid) VALUES ("c16fb57e-06a5-4755-bfd6-1865204abe14","02097b73-a623-4250-8020-75dd9019ff08");
INSERT INTO ChildType (cid, type) VALUES ("95d76f7b-8b2e-4a91-a664-b55a7e3a2469","documents");
INSERT INTO ParentChild (pid, cid) VALUES ("c16fb57e-06a5-4755-bfd6-1865204abe14","95d76f7b-8b2e-4a91-a664-b55a7e3a2469");
INSERT INTO ChildType (cid, type) VALUES ("71caef5c-d3ed-4613-be1b-997c5402466e","documents");
INSERT INTO ParentChild (pid, cid) VALUES ("c16fb57e-06a5-4755-bfd6-1865204abe14","71caef5c-d3ed-4613-be1b-997c5402466e");
INSERT INTO ChildType (cid, type) VALUES ("8e73c416-78a2-412b-8623-b3078e844e47","documents");
INSERT INTO ParentChild (pid, cid) VALUES ("c16fb57e-06a5-4755-bfd6-1865204abe14","8e73c416-78a2-412b-8623-b3078e844e47");
INSERT INTO ChildType (cid, type) VALUES ("6b147364-d393-4852-a699-91fec035c577","documents");
INSERT INTO ParentChild (pid, cid) VALUES ("c16fb57e-06a5-4755-bfd6-1865204abe14","6b147364-d393-4852-a699-91fec035c577");
INSERT INTO ChildType (cid, type) VALUES ("eb2efcdf-d20b-461b-aa4d-c0dc6ffc73df","documents");
INSERT INTO ParentChild (pid, cid) VALUES ("c16fb57e-06a5-4755-bfd6-1865204abe14","eb2efcdf-d20b-461b-aa4d-c0dc6ffc73df");
INSERT INTO ChildType (cid, type) VALUES ("102e9d34-4883-41bf-857a-a9f83ad2568f","documents");
INSERT INTO ParentChild (pid, cid) VALUES ("c16fb57e-06a5-4755-bfd6-1865204abe14","102e9d34-4883-41bf-857a-a9f83ad2568f");
INSERT INTO ChildType (cid, type) VALUES ("7d717f68-cb61-4b7a-bfa2-a00042fbc059","documents");
INSERT INTO ParentChild (pid, cid) VALUES ("c16fb57e-06a5-4755-bfd6-1865204abe14","7d717f68-cb61-4b7a-bfa2-a00042fbc059");
INSERT INTO ChildType (cid, type) VALUES ("a3468714-c59a-47ca-960d-15b9a4cbf9c8","documents");
INSERT INTO ParentChild (pid, cid) VALUES ("c16fb57e-06a5-4755-bfd6-1865204abe14","a3468714-c59a-47ca-960d-15b9a4cbf9c8");
INSERT INTO ChildType (cid, type) VALUES ("2768239e-5122-420c-913b-21c20c67f2aa","documents");
INSERT INTO ParentChild (pid, cid) VALUES ("c16fb57e-06a5-4755-bfd6-1865204abe14","2768239e-5122-420c-913b-21c20c67f2aa");
INSERT INTO ChildType (cid, type) VALUES ("8e77b569-1a62-4839-9f0e-7825094c8d89","documents");
INSERT INTO ParentChild (pid, cid) VALUES ("c16fb57e-06a5-4755-bfd6-1865204abe14","8e77b569-1a62-4839-9f0e-7825094c8d89");
INSERT INTO ChildType (cid, type) VALUES ("c50f1356-e194-4986-bfb3-1382cea6e99e","documents");
INSERT INTO ParentChild (pid, cid) VALUES ("c16fb57e-06a5-4755-bfd6-1865204abe14","c50f1356-e194-4986-bfb3-1382cea6e99e");
INSERT INTO ChildType (cid, type) VALUES ("79d5e973-aa66-4031-9f21-64c69279102c","documents");
INSERT INTO ParentChild (pid, cid) VALUES ("c16fb57e-06a5-4755-bfd6-1865204abe14","79d5e973-aa66-4031-9f21-64c69279102c");
INSERT INTO ChildType (cid, type) VALUES ("41f34dc4-00d7-4396-b7b4-5fbe5e95ada6","documents");
INSERT INTO ParentChild (pid, cid) VALUES ("c16fb57e-06a5-4755-bfd6-1865204abe14","41f34dc4-00d7-4396-b7b4-5fbe5e95ada6");
INSERT INTO ChildType (cid, type) VALUES ("545a4a81-6a1a-4540-a1ed-6030785fa3d8","documents");
INSERT INTO ParentChild (pid, cid) VALUES ("c16fb57e-06a5-4755-bfd6-1865204abe14","545a4a81-6a1a-4540-a1ed-6030785fa3d8");
INSERT INTO ChildType (cid, type) VALUES ("67ccaf4e-1b03-48c3-aa6e-60556780e60d","documents");
INSERT INTO ParentChild (pid, cid) VALUES ("c16fb57e-06a5-4755-bfd6-1865204abe14","67ccaf4e-1b03-48c3-aa6e-60556780e60d");
INSERT INTO ChildType (cid, type) VALUES ("9f3442e0-0495-4fd3-8c08-77009a7d48de","documents");
INSERT INTO ParentChild (pid, cid) VALUES ("c16fb57e-06a5-4755-bfd6-1865204abe14","9f3442e0-0495-4fd3-8c08-77009a7d48de");
INSERT INTO ChildType (cid, type) VALUES ("1362b545-1abf-490c-90fe-e6b1e9296933","documents");
INSERT INTO ParentChild (pid, cid) VALUES ("c16fb57e-06a5-4755-bfd6-1865204abe14","1362b545-1abf-490c-90fe-e6b1e9296933");
INSERT INTO ChildType (cid, type) VALUES ("74554538-5f20-4edc-a553-d80d6781c903","documents");
INSERT INTO ParentChild (pid, cid) VALUES ("c16fb57e-06a5-4755-bfd6-1865204abe14","74554538-5f20-4edc-a553-d80d6781c903");
INSERT INTO ChildType (cid, type) VALUES ("31a38a19-9707-49d2-9b32-2e79dc3e0f3a","documents");
INSERT INTO ParentChild (pid, cid) VALUES ("c16fb57e-06a5-4755-bfd6-1865204abe14","31a38a19-9707-49d2-9b32-2e79dc3e0f3a");
INSERT INTO ChildType (cid, type) VALUES ("06f044f4-5292-4dbe-8736-3453f9ac6a50","documents");
INSERT INTO ParentChild (pid, cid) VALUES ("c16fb57e-06a5-4755-bfd6-1865204abe14","06f044f4-5292-4dbe-8736-3453f9ac6a50");
INSERT INTO ChildType (cid, type) VALUES ("8d878b78-35c7-42ae-ab6b-fe9d99c8dc50","documents");
INSERT INTO ParentChild (pid, cid) VALUES ("c16fb57e-06a5-4755-bfd6-1865204abe14","8d878b78-35c7-42ae-ab6b-fe9d99c8dc50");
INSERT INTO ChildType (cid, type) VALUES ("23948db9-d472-4765-b976-a7c5687960fa","documents");
INSERT INTO ParentChild (pid, cid) VALUES ("c16fb57e-06a5-4755-bfd6-1865204abe14","23948db9-d472-4765-b976-a7c5687960fa");
INSERT INTO ChildType (cid, type) VALUES ("5832e7db-501d-4ab0-8a8a-1a582a1c209c","documents");
INSERT INTO ParentChild (pid, cid) VALUES ("c16fb57e-06a5-4755-bfd6-1865204abe14","5832e7db-501d-4ab0-8a8a-1a582a1c209c");
INSERT INTO ChildType (cid, type) VALUES ("cab6f61d-2da6-4ecc-97c4-040242bddd93","documents");
INSERT INTO ParentChild (pid, cid) VALUES ("c16fb57e-06a5-4755-bfd6-1865204abe14","cab6f61d-2da6-4ecc-97c4-040242bddd93");
INSERT INTO ChildType (cid, type) VALUES ("00814fcc-268d-4510-a4a9-72d5b564b6e8","documents");
INSERT INTO ParentChild (pid, cid) VALUES ("c16fb57e-06a5-4755-bfd6-1865204abe14","00814fcc-268d-4510-a4a9-72d5b564b6e8");
INSERT INTO ChildType (cid, type) VALUES ("adee7f84-dafe-4faf-95bf-d68f7f000325","documents");
INSERT INTO ParentChild (pid, cid) VALUES ("c16fb57e-06a5-4755-bfd6-1865204abe14","adee7f84-dafe-4faf-95bf-d68f7f000325");
INSERT INTO ChildType (cid, type) VALUES ("4138f132-7c03-4875-b667-c9d60437dfeb","documents");
INSERT INTO ParentChild (pid, cid) VALUES ("c16fb57e-06a5-4755-bfd6-1865204abe14","4138f132-7c03-4875-b667-c9d60437dfeb");
INSERT INTO ChildType (cid, type) VALUES ("f776aa1e-4530-42bd-afc0-888b78c6cee8","documents");
INSERT INTO ParentChild (pid, cid) VALUES ("c16fb57e-06a5-4755-bfd6-1865204abe14","f776aa1e-4530-42bd-afc0-888b78c6cee8");
INSERT INTO ChildType (cid, type) VALUES ("7f954bcb-1c92-4672-a7d9-7ee797d69993","documents");
INSERT INTO ParentChild (pid, cid) VALUES ("c16fb57e-06a5-4755-bfd6-1865204abe14","7f954bcb-1c92-4672-a7d9-7ee797d69993");
INSERT INTO ChildType (cid, type) VALUES ("a8e3110e-f035-4971-94d8-7dcaf4d85955","documents");
INSERT INTO ParentChild (pid, cid) VALUES ("c16fb57e-06a5-4755-bfd6-1865204abe14","a8e3110e-f035-4971-94d8-7dcaf4d85955");
INSERT INTO ChildType (cid, type) VALUES ("f03a0215-fd7f-4711-9703-c205b87fe014","documents");
INSERT INTO ParentChild (pid, cid) VALUES ("c16fb57e-06a5-4755-bfd6-1865204abe14","f03a0215-fd7f-4711-9703-c205b87fe014");
INSERT INTO ChildType (cid, type) VALUES ("07412452-5762-45c9-88f8-e4ef16496613","documents");
INSERT INTO ParentChild (pid, cid) VALUES ("c16fb57e-06a5-4755-bfd6-1865204abe14","07412452-5762-45c9-88f8-e4ef16496613");
INSERT INTO ChildType (cid, type) VALUES ("d6ca08b9-2593-4c88-8c54-008747bca00e","documents");
INSERT INTO ParentChild (pid, cid) VALUES ("c16fb57e-06a5-4755-bfd6-1865204abe14","d6ca08b9-2593-4c88-8c54-008747bca00e");
INSERT INTO ChildType (cid, type) VALUES ("465e1015-453a-41ec-acfb-5ae0a1c33b4c","documents");
INSERT INTO ParentChild (pid, cid) VALUES ("c16fb57e-06a5-4755-bfd6-1865204abe14","465e1015-453a-41ec-acfb-5ae0a1c33b4c");
INSERT INTO ChildType (cid, type) VALUES ("42ae8fef-bf79-435a-93fd-db4c83ab53aa","documents");
INSERT INTO ParentChild (pid, cid) VALUES ("c16fb57e-06a5-4755-bfd6-1865204abe14","42ae8fef-bf79-435a-93fd-db4c83ab53aa");
INSERT INTO ChildType (cid, type) VALUES ("fb7ea9af-0359-4b45-94fd-e95c9d5c69e1","documents");
INSERT INTO ParentChild (pid, cid) VALUES ("c16fb57e-06a5-4755-bfd6-1865204abe14","fb7ea9af-0359-4b45-94fd-e95c9d5c69e1");
INSERT INTO ChildType (cid, type) VALUES ("df362453-1ed8-496a-bdb4-c506a07dc419","documents");
INSERT INTO ParentChild (pid, cid) VALUES ("c16fb57e-06a5-4755-bfd6-1865204abe14","df362453-1ed8-496a-bdb4-c506a07dc419");
INSERT INTO ChildType (cid, type) VALUES ("832f573c-c51e-4617-bde4-7a00fe3a5845","documents");
INSERT INTO ParentChild (pid, cid) VALUES ("c16fb57e-06a5-4755-bfd6-1865204abe14","832f573c-c51e-4617-bde4-7a00fe3a5845");
INSERT INTO ChildType (cid, type) VALUES ("82010b48-57c6-4463-8b48-4abebc9322e1","documents");
INSERT INTO ParentChild (pid, cid) VALUES ("c16fb57e-06a5-4755-bfd6-1865204abe14","82010b48-57c6-4463-8b48-4abebc9322e1");
INSERT INTO ChildType (cid, type) VALUES ("a5581431-3b34-48aa-a6a7-813bc06f3c61","documents");
INSERT INTO ParentChild (pid, cid) VALUES ("c16fb57e-06a5-4755-bfd6-1865204abe14","a5581431-3b34-48aa-a6a7-813bc06f3c61");
INSERT INTO ChildType (cid, type) VALUES ("f9699d9b-fdc3-4c0f-8bff-421eb9cdca30","documents");
INSERT INTO ParentChild (pid, cid) VALUES ("c16fb57e-06a5-4755-bfd6-1865204abe14","f9699d9b-fdc3-4c0f-8bff-421eb9cdca30");
INSERT INTO ChildType (cid, type) VALUES ("b5426f8e-bcb6-4c2d-8847-071e8acb1df9","documents");
INSERT INTO ParentChild (pid, cid) VALUES ("c16fb57e-06a5-4755-bfd6-1865204abe14","b5426f8e-bcb6-4c2d-8847-071e8acb1df9");
INSERT INTO ChildType (cid, type) VALUES ("ba46fb1d-eee0-44d2-b5a5-ecd9b7a81547","documents");
INSERT INTO ParentChild (pid, cid) VALUES ("c16fb57e-06a5-4755-bfd6-1865204abe14","ba46fb1d-eee0-44d2-b5a5-ecd9b7a81547");
INSERT INTO ChildType (cid, type) VALUES ("4623b39f-7675-4612-9234-6b2babb5157a","documents");
INSERT INTO ParentChild (pid, cid) VALUES ("c16fb57e-06a5-4755-bfd6-1865204abe14","4623b39f-7675-4612-9234-6b2babb5157a");
INSERT INTO ChildType (cid, type) VALUES ("04f8d962-3c65-45e7-8cc1-49100530f87f","documents");
INSERT INTO ParentChild (pid, cid) VALUES ("c16fb57e-06a5-4755-bfd6-1865204abe14","04f8d962-3c65-45e7-8cc1-49100530f87f");
INSERT INTO ChildType (cid, type) VALUES ("48e1b7e3-2c5e-462c-b3d5-255f97240531","documents");
INSERT INTO ParentChild (pid, cid) VALUES ("c16fb57e-06a5-4755-bfd6-1865204abe14","48e1b7e3-2c5e-462c-b3d5-255f97240531");
INSERT INTO ChildType (cid, type) VALUES ("5f185444-91f6-4ee6-9434-e9c624d421e2","documents");
INSERT INTO ParentChild (pid, cid) VALUES ("c16fb57e-06a5-4755-bfd6-1865204abe14","5f185444-91f6-4ee6-9434-e9c624d421e2");
INSERT INTO ChildType (cid, type) VALUES ("d134862a-2fdf-4d47-b246-ae6e53a55cf2","documents");
INSERT INTO ParentChild (pid, cid) VALUES ("c16fb57e-06a5-4755-bfd6-1865204abe14","d134862a-2fdf-4d47-b246-ae6e53a55cf2");
INSERT INTO ChildType (cid, type) VALUES ("a2eacef4-50f2-400a-8c1f-0d67ef9c40d0","documents");
INSERT INTO ParentChild (pid, cid) VALUES ("c16fb57e-06a5-4755-bfd6-1865204abe14","a2eacef4-50f2-400a-8c1f-0d67ef9c40d0");
INSERT INTO ChildType (cid, type) VALUES ("48b7ff3e-9b42-41d5-898a-02da6841b4b2","documents");
INSERT INTO ParentChild (pid, cid) VALUES ("c16fb57e-06a5-4755-bfd6-1865204abe14","48b7ff3e-9b42-41d5-898a-02da6841b4b2");
INSERT INTO ChildType (cid, type) VALUES ("4ca97281-3f60-459a-9d5b-60be84f8a6fd","documents");
INSERT INTO ParentChild (pid, cid) VALUES ("c16fb57e-06a5-4755-bfd6-1865204abe14","4ca97281-3f60-459a-9d5b-60be84f8a6fd");
INSERT INTO ChildType (cid, type) VALUES ("8685c4c4-64d9-432d-b637-be19db2d83c9","documents");
INSERT INTO ParentChild (pid, cid) VALUES ("c16fb57e-06a5-4755-bfd6-1865204abe14","8685c4c4-64d9-432d-b637-be19db2d83c9");
INSERT INTO ChildType (cid, type) VALUES ("3293a2c6-9b48-4c7c-8e72-b7558c02ec8b","documents");
INSERT INTO ParentChild (pid, cid) VALUES ("c16fb57e-06a5-4755-bfd6-1865204abe14","3293a2c6-9b48-4c7c-8e72-b7558c02ec8b");
INSERT INTO ChildType (cid, type) VALUES ("06ea4b46-ab8f-48cb-b771-9de0342bb68f","documents");
INSERT INTO ParentChild (pid, cid) VALUES ("c16fb57e-06a5-4755-bfd6-1865204abe14","06ea4b46-ab8f-48cb-b771-9de0342bb68f");
INSERT INTO ChildType (cid, type) VALUES ("37d049be-76f8-443d-afd9-8e84e5e8c53e","documents");
INSERT INTO ParentChild (pid, cid) VALUES ("c16fb57e-06a5-4755-bfd6-1865204abe14","37d049be-76f8-443d-afd9-8e84e5e8c53e");
INSERT INTO ChildType (cid, type) VALUES ("b2d2822a-e8ba-4b0b-8d2e-adfd21da0a0a","documents");
INSERT INTO ParentChild (pid, cid) VALUES ("c16fb57e-06a5-4755-bfd6-1865204abe14","b2d2822a-e8ba-4b0b-8d2e-adfd21da0a0a");
INSERT INTO ChildType (cid, type) VALUES ("f835deda-d5a9-429b-8e73-cab44fb29bc0","documents");
INSERT INTO ParentChild (pid, cid) VALUES ("c16fb57e-06a5-4755-bfd6-1865204abe14","f835deda-d5a9-429b-8e73-cab44fb29bc0");
INSERT INTO ChildType (cid, type) VALUES ("2be88e2b-8f50-4366-bdd1-2eaf2aa1a400","documents");
INSERT INTO ParentChild (pid, cid) VALUES ("c16fb57e-06a5-4755-bfd6-1865204abe14","2be88e2b-8f50-4366-bdd1-2eaf2aa1a400");
INSERT INTO ChildType (cid, type) VALUES ("e8763083-a8f4-442a-98a9-2f1f7958f6f8","documents");
INSERT INTO ParentChild (pid, cid) VALUES ("c16fb57e-06a5-4755-bfd6-1865204abe14","e8763083-a8f4-442a-98a9-2f1f7958f6f8");
INSERT INTO ChildType (cid, type) VALUES ("e2539ebf-8fe4-491f-ab1b-0e4192ef83ae","documents");
INSERT INTO ParentChild (pid, cid) VALUES ("c16fb57e-06a5-4755-bfd6-1865204abe14","e2539ebf-8fe4-491f-ab1b-0e4192ef83ae");
INSERT INTO ChildType (cid, type) VALUES ("7936c8a0-d176-4508-b36e-f33ea5c4c250","documents");
INSERT INTO ParentChild (pid, cid) VALUES ("c16fb57e-06a5-4755-bfd6-1865204abe14","7936c8a0-d176-4508-b36e-f33ea5c4c250");
INSERT INTO ChildType (cid, type) VALUES ("1143c0fc-f83d-488b-9ab8-38cf646a25f2","documents");
INSERT INTO ParentChild (pid, cid) VALUES ("c16fb57e-06a5-4755-bfd6-1865204abe14","1143c0fc-f83d-488b-9ab8-38cf646a25f2");
INSERT INTO ChildType (cid, type) VALUES ("84880ce8-7cb8-4eaa-ad31-b7052316cc42","documents");
INSERT INTO ParentChild (pid, cid) VALUES ("c16fb57e-06a5-4755-bfd6-1865204abe14","84880ce8-7cb8-4eaa-ad31-b7052316cc42");
INSERT INTO ChildType (cid, type) VALUES ("68417a66-60c8-46c6-bcbd-9bc1bff83acc","documents");
INSERT INTO ParentChild (pid, cid) VALUES ("c16fb57e-06a5-4755-bfd6-1865204abe14","68417a66-60c8-46c6-bcbd-9bc1bff83acc");
INSERT INTO ChildType (cid, type) VALUES ("7edaa26e-9598-473b-88bc-57bfac75ce47","documents");
INSERT INTO ParentChild (pid, cid) VALUES ("c16fb57e-06a5-4755-bfd6-1865204abe14","7edaa26e-9598-473b-88bc-57bfac75ce47");
INSERT INTO ChildType (cid, type) VALUES ("a6a51bf2-00a1-4c4c-8826-018b1c868890","documents");
INSERT INTO ParentChild (pid, cid) VALUES ("c16fb57e-06a5-4755-bfd6-1865204abe14","a6a51bf2-00a1-4c4c-8826-018b1c868890");
INSERT INTO ChildType (cid, type) VALUES ("a113241c-42a4-4063-9300-9c59d5ccbff6","documents");
INSERT INTO ParentChild (pid, cid) VALUES ("c16fb57e-06a5-4755-bfd6-1865204abe14","a113241c-42a4-4063-9300-9c59d5ccbff6");
INSERT INTO ChildType (cid, type) VALUES ("d844b35c-ad13-4ba5-8903-40106dd05e39","documents");
INSERT INTO ParentChild (pid, cid) VALUES ("c16fb57e-06a5-4755-bfd6-1865204abe14","d844b35c-ad13-4ba5-8903-40106dd05e39");
INSERT INTO ChildType (cid, type) VALUES ("1c59e008-b991-4d50-bf1b-f7efc0cd5203","documents");
INSERT INTO ParentChild (pid, cid) VALUES ("c16fb57e-06a5-4755-bfd6-1865204abe14","1c59e008-b991-4d50-bf1b-f7efc0cd5203");
INSERT INTO ChildType (cid, type) VALUES ("b91d1f3a-01ec-43e1-b3fd-b7e05d3202a0","documents");
INSERT INTO ParentChild (pid, cid) VALUES ("c16fb57e-06a5-4755-bfd6-1865204abe14","b91d1f3a-01ec-43e1-b3fd-b7e05d3202a0");
INSERT INTO ChildType (cid, type) VALUES ("227c9384-fd52-46de-9bb6-55385eba69f8","documents");
INSERT INTO ParentChild (pid, cid) VALUES ("c16fb57e-06a5-4755-bfd6-1865204abe14","227c9384-fd52-46de-9bb6-55385eba69f8");
INSERT INTO ChildType (cid, type) VALUES ("dff55a94-42c9-470b-98f0-af1e57429727","documents");
INSERT INTO ParentChild (pid, cid) VALUES ("c16fb57e-06a5-4755-bfd6-1865204abe14","dff55a94-42c9-470b-98f0-af1e57429727");
INSERT INTO ChildType (cid, type) VALUES ("faeb7d09-1258-4c6c-9ea6-e6e091ca3bda","documents");
INSERT INTO ParentChild (pid, cid) VALUES ("c16fb57e-06a5-4755-bfd6-1865204abe14","faeb7d09-1258-4c6c-9ea6-e6e091ca3bda");
INSERT INTO ChildType (cid, type) VALUES ("cd727bab-b1f4-46b3-b73a-eaa4a39d888d","documents");
INSERT INTO ParentChild (pid, cid) VALUES ("c16fb57e-06a5-4755-bfd6-1865204abe14","cd727bab-b1f4-46b3-b73a-eaa4a39d888d");
INSERT INTO ChildType (cid, type) VALUES ("6119afcc-d917-4d39-a1d4-10f698f77110","documents");
INSERT INTO ParentChild (pid, cid) VALUES ("c16fb57e-06a5-4755-bfd6-1865204abe14","6119afcc-d917-4d39-a1d4-10f698f77110");
INSERT INTO ChildType (cid, type) VALUES ("0d9c4117-692c-4ded-8aa1-63098f2d626d","documents");
INSERT INTO ParentChild (pid, cid) VALUES ("c16fb57e-06a5-4755-bfd6-1865204abe14","0d9c4117-692c-4ded-8aa1-63098f2d626d");
INSERT INTO ChildType (cid, type) VALUES ("6c91ad6c-6966-4c8b-8d28-e2e72d62d9e5","documents");
INSERT INTO ParentChild (pid, cid) VALUES ("c16fb57e-06a5-4755-bfd6-1865204abe14","6c91ad6c-6966-4c8b-8d28-e2e72d62d9e5");
INSERT INTO ChildType (cid, type) VALUES ("0813a374-2466-4229-969a-383a90afa27a","documents");
INSERT INTO ParentChild (pid, cid) VALUES ("c16fb57e-06a5-4755-bfd6-1865204abe14","0813a374-2466-4229-969a-383a90afa27a");
INSERT INTO ChildType (cid, type) VALUES ("91fd3019-3721-49fc-a794-f28465cbcc0f","documents");
INSERT INTO ParentChild (pid, cid) VALUES ("c16fb57e-06a5-4755-bfd6-1865204abe14","91fd3019-3721-49fc-a794-f28465cbcc0f");
INSERT INTO ChildType (cid, type) VALUES ("84dd69b6-78f1-42bc-bbe9-c683a26e0277","documents");
INSERT INTO ParentChild (pid, cid) VALUES ("c16fb57e-06a5-4755-bfd6-1865204abe14","84dd69b6-78f1-42bc-bbe9-c683a26e0277");
INSERT INTO ChildType (cid, type) VALUES ("6d148285-6fee-4933-96e2-3068cc0c7960","documents");
INSERT INTO ParentChild (pid, cid) VALUES ("c16fb57e-06a5-4755-bfd6-1865204abe14","6d148285-6fee-4933-96e2-3068cc0c7960");
INSERT INTO ChildType (cid, type) VALUES ("d2c8f3cd-c1ef-4e92-afa0-93767536401b","documents");
INSERT INTO ParentChild (pid, cid) VALUES ("c16fb57e-06a5-4755-bfd6-1865204abe14","d2c8f3cd-c1ef-4e92-afa0-93767536401b");
INSERT INTO ChildType (cid, type) VALUES ("7a2fb775-453a-4f7c-9be6-f334d8a5cf44","documents");
INSERT INTO ParentChild (pid, cid) VALUES ("c16fb57e-06a5-4755-bfd6-1865204abe14","7a2fb775-453a-4f7c-9be6-f334d8a5cf44");
INSERT INTO ChildType (cid, type) VALUES ("8901ae3a-981a-4f61-9980-dbb42c3c568b","documents");
INSERT INTO ParentChild (pid, cid) VALUES ("c16fb57e-06a5-4755-bfd6-1865204abe14","8901ae3a-981a-4f61-9980-dbb42c3c568b");
INSERT INTO ChildType (cid, type) VALUES ("7ba5d8d3-e765-449c-980b-7c34d76248fd","documents");
INSERT INTO ParentChild (pid, cid) VALUES ("c16fb57e-06a5-4755-bfd6-1865204abe14","7ba5d8d3-e765-449c-980b-7c34d76248fd");
INSERT INTO ChildType (cid, type) VALUES ("2cec781d-adec-4446-b2d2-4f5d5ad666cf","documents");
INSERT INTO ParentChild (pid, cid) VALUES ("c16fb57e-06a5-4755-bfd6-1865204abe14","2cec781d-adec-4446-b2d2-4f5d5ad666cf");
INSERT INTO ChildType (cid, type) VALUES ("25822d9c-d6e9-4dd7-9a21-d18b4d84f51f","documents");
INSERT INTO ParentChild (pid, cid) VALUES ("c16fb57e-06a5-4755-bfd6-1865204abe14","25822d9c-d6e9-4dd7-9a21-d18b4d84f51f");
INSERT INTO ChildType (cid, type) VALUES ("05cddfcd-8e90-45fc-8b07-c187a2df6e6d","documents");
INSERT INTO ParentChild (pid, cid) VALUES ("c16fb57e-06a5-4755-bfd6-1865204abe14","05cddfcd-8e90-45fc-8b07-c187a2df6e6d");
INSERT INTO ChildType (cid, type) VALUES ("f21b39a9-35ba-4d76-873e-199f08742805","documents");
INSERT INTO ParentChild (pid, cid) VALUES ("c16fb57e-06a5-4755-bfd6-1865204abe14","f21b39a9-35ba-4d76-873e-199f08742805");
INSERT INTO ChildType (cid, type) VALUES ("ca5a8875-daef-45a5-8e9a-03d112c271ff","documents");
INSERT INTO ParentChild (pid, cid) VALUES ("c16fb57e-06a5-4755-bfd6-1865204abe14","ca5a8875-daef-45a5-8e9a-03d112c271ff");
INSERT INTO ChildType (cid, type) VALUES ("509e8371-45db-4efb-ba81-b4934ae8425c","documents");
INSERT INTO ParentChild (pid, cid) VALUES ("c16fb57e-06a5-4755-bfd6-1865204abe14","509e8371-45db-4efb-ba81-b4934ae8425c");
INSERT INTO ChildType (cid, type) VALUES ("f9b25b07-dc5c-40d7-a65a-20ae7944e5cc","documents");
INSERT INTO ParentChild (pid, cid) VALUES ("c16fb57e-06a5-4755-bfd6-1865204abe14","f9b25b07-dc5c-40d7-a65a-20ae7944e5cc");
INSERT INTO ChildType (cid, type) VALUES ("7e15740e-a172-4143-8881-a9d01d6256b5","documents");
INSERT INTO ParentChild (pid, cid) VALUES ("c16fb57e-06a5-4755-bfd6-1865204abe14","7e15740e-a172-4143-8881-a9d01d6256b5");
INSERT INTO ChildType (cid, type) VALUES ("82d74c97-f010-4236-903e-a9854155da1e","documents");
INSERT INTO ParentChild (pid, cid) VALUES ("c16fb57e-06a5-4755-bfd6-1865204abe14","82d74c97-f010-4236-903e-a9854155da1e");
INSERT INTO ChildType (cid, type) VALUES ("91f4daa5-0a96-445c-b33f-1ae82f86aff2","documents");
INSERT INTO ParentChild (pid, cid) VALUES ("c16fb57e-06a5-4755-bfd6-1865204abe14","91f4daa5-0a96-445c-b33f-1ae82f86aff2");
INSERT INTO ChildType (cid, type) VALUES ("6d51ee40-fc5d-4dfa-8248-5e2ce84c09c0","documents");
INSERT INTO ParentChild (pid, cid) VALUES ("c16fb57e-06a5-4755-bfd6-1865204abe14","6d51ee40-fc5d-4dfa-8248-5e2ce84c09c0");
INSERT INTO ChildType (cid, type) VALUES ("fe7d7e41-85b8-44ea-9b47-40cb98cf2dcb","documents");
INSERT INTO ParentChild (pid, cid) VALUES ("c16fb57e-06a5-4755-bfd6-1865204abe14","fe7d7e41-85b8-44ea-9b47-40cb98cf2dcb");
INSERT INTO ChildType (cid, type) VALUES ("c373fadd-5164-4745-b762-47648a8213ca","documents");
INSERT INTO ParentChild (pid, cid) VALUES ("c16fb57e-06a5-4755-bfd6-1865204abe14","c373fadd-5164-4745-b762-47648a8213ca");
INSERT INTO ChildType (cid, type) VALUES ("a9998177-34aa-4f15-9390-0dbe8e8c4cb0","documents");
INSERT INTO ParentChild (pid, cid) VALUES ("c16fb57e-06a5-4755-bfd6-1865204abe14","a9998177-34aa-4f15-9390-0dbe8e8c4cb0");
INSERT INTO ChildType (cid, type) VALUES ("fc79948d-b963-4dcb-806c-18b5fde8b6b2","documents");
INSERT INTO ParentChild (pid, cid) VALUES ("c16fb57e-06a5-4755-bfd6-1865204abe14","fc79948d-b963-4dcb-806c-18b5fde8b6b2");
INSERT INTO ChildType (cid, type) VALUES ("6df8a2ef-88e5-4a23-9b99-d36585d66969","documents");
INSERT INTO ParentChild (pid, cid) VALUES ("c16fb57e-06a5-4755-bfd6-1865204abe14","6df8a2ef-88e5-4a23-9b99-d36585d66969");
INSERT INTO ChildType (cid, type) VALUES ("29f4c1e3-da12-4a09-8f82-0a893c7dd263","documents");
INSERT INTO ParentChild (pid, cid) VALUES ("c16fb57e-06a5-4755-bfd6-1865204abe14","29f4c1e3-da12-4a09-8f82-0a893c7dd263");
INSERT INTO ChildType (cid, type) VALUES ("d1cda085-c13d-454c-b9b1-b191f969f10c","documents");
INSERT INTO ParentChild (pid, cid) VALUES ("c16fb57e-06a5-4755-bfd6-1865204abe14","d1cda085-c13d-454c-b9b1-b191f969f10c");
INSERT INTO ChildType (cid, type) VALUES ("de9cbab7-429f-4384-bbb4-c861ccb9e05e","documents");
INSERT INTO ParentChild (pid, cid) VALUES ("c16fb57e-06a5-4755-bfd6-1865204abe14","de9cbab7-429f-4384-bbb4-c861ccb9e05e");
INSERT INTO ChildType (cid, type) VALUES ("3e8bc2f1-a272-4305-b3b7-25e6401d473f","documents");
INSERT INTO ParentChild (pid, cid) VALUES ("c16fb57e-06a5-4755-bfd6-1865204abe14","3e8bc2f1-a272-4305-b3b7-25e6401d473f");
INSERT INTO ChildType (cid, type) VALUES ("9259d683-7eca-4f98-821c-617b8d5f0616","documents");
INSERT INTO ParentChild (pid, cid) VALUES ("c16fb57e-06a5-4755-bfd6-1865204abe14","9259d683-7eca-4f98-821c-617b8d5f0616");
INSERT INTO ChildType (cid, type) VALUES ("81e6bc19-42dc-410e-a25a-54c45d43fc3c","documents");
INSERT INTO ParentChild (pid, cid) VALUES ("c16fb57e-06a5-4755-bfd6-1865204abe14","81e6bc19-42dc-410e-a25a-54c45d43fc3c");
INSERT INTO ChildType (cid, type) VALUES ("22b0a850-5d6b-4875-80ea-39c3ce145a9c","documents");
INSERT INTO ParentChild (pid, cid) VALUES ("c16fb57e-06a5-4755-bfd6-1865204abe14","22b0a850-5d6b-4875-80ea-39c3ce145a9c");
INSERT INTO ChildType (cid, type) VALUES ("6c385b7b-9380-4daa-a3b8-5144fa0c0582","documents");
INSERT INTO ParentChild (pid, cid) VALUES ("c16fb57e-06a5-4755-bfd6-1865204abe14","6c385b7b-9380-4daa-a3b8-5144fa0c0582");
INSERT INTO ChildType (cid, type) VALUES ("d46b7385-e105-4d7f-b5e8-defe7c49ee1a","documents");
INSERT INTO ParentChild (pid, cid) VALUES ("c16fb57e-06a5-4755-bfd6-1865204abe14","d46b7385-e105-4d7f-b5e8-defe7c49ee1a");
INSERT INTO ChildType (cid, type) VALUES ("896fff29-e7f7-4c1a-94f3-e506ff93fa63","documents");
INSERT INTO ParentChild (pid, cid) VALUES ("c16fb57e-06a5-4755-bfd6-1865204abe14","896fff29-e7f7-4c1a-94f3-e506ff93fa63");
INSERT INTO ChildType (cid, type) VALUES ("17c2be86-1ae1-46a0-b54a-8bc6530ea41f","documents");
INSERT INTO ParentChild (pid, cid) VALUES ("c16fb57e-06a5-4755-bfd6-1865204abe14","17c2be86-1ae1-46a0-b54a-8bc6530ea41f");
INSERT INTO ChildType (cid, type) VALUES ("9c1397fe-2daa-4932-97ef-7f866a4b7d1c","documents");
INSERT INTO ParentChild (pid, cid) VALUES ("c16fb57e-06a5-4755-bfd6-1865204abe14","9c1397fe-2daa-4932-97ef-7f866a4b7d1c");
INSERT INTO ChildType (cid, type) VALUES ("5c0b8915-034c-4982-b9f8-17e3e27d602d","documents");
INSERT INTO ParentChild (pid, cid) VALUES ("c16fb57e-06a5-4755-bfd6-1865204abe14","5c0b8915-034c-4982-b9f8-17e3e27d602d");
INSERT INTO ChildType (cid, type) VALUES ("20288cbb-cd50-416d-862e-1f72b408bd5f","documents");
INSERT INTO ParentChild (pid, cid) VALUES ("c16fb57e-06a5-4755-bfd6-1865204abe14","20288cbb-cd50-416d-862e-1f72b408bd5f");
INSERT INTO ChildType (cid, type) VALUES ("86561a2b-42a8-48d1-afe9-534e463eb7a7","documents");
INSERT INTO ParentChild (pid, cid) VALUES ("c16fb57e-06a5-4755-bfd6-1865204abe14","86561a2b-42a8-48d1-afe9-534e463eb7a7");
INSERT INTO ChildType (cid, type) VALUES ("3194cb13-c70a-4b55-8127-2f8732d2d2df","documents");
INSERT INTO ParentChild (pid, cid) VALUES ("c16fb57e-06a5-4755-bfd6-1865204abe14","3194cb13-c70a-4b55-8127-2f8732d2d2df");
INSERT INTO ChildType (cid, type) VALUES ("5b513873-00db-4b2f-aaf9-10a82f953979","documents");
INSERT INTO ParentChild (pid, cid) VALUES ("c16fb57e-06a5-4755-bfd6-1865204abe14","5b513873-00db-4b2f-aaf9-10a82f953979");
INSERT INTO ChildType (cid, type) VALUES ("6eb03bd8-c630-43cc-a7f6-a52e4a3a1f98","documents");
INSERT INTO ParentChild (pid, cid) VALUES ("c16fb57e-06a5-4755-bfd6-1865204abe14","6eb03bd8-c630-43cc-a7f6-a52e4a3a1f98");
INSERT INTO ChildType (cid, type) VALUES ("da8841f8-1444-4037-bfea-633f0e211086","documents");
INSERT INTO ParentChild (pid, cid) VALUES ("c16fb57e-06a5-4755-bfd6-1865204abe14","da8841f8-1444-4037-bfea-633f0e211086");
INSERT INTO ChildType (cid, type) VALUES ("914a8ae6-a210-45fd-b521-72e508874b82","documents");
INSERT INTO ParentChild (pid, cid) VALUES ("c16fb57e-06a5-4755-bfd6-1865204abe14","914a8ae6-a210-45fd-b521-72e508874b82");
INSERT INTO ChildType (cid, type) VALUES ("e14e14a7-2b76-4b19-bbc1-24b5c491709d","documents");
INSERT INTO ParentChild (pid, cid) VALUES ("c16fb57e-06a5-4755-bfd6-1865204abe14","e14e14a7-2b76-4b19-bbc1-24b5c491709d");
INSERT INTO ChildType (cid, type) VALUES ("a0224a7d-53cb-4014-8bce-4432a1b99dc9","documents");
INSERT INTO ParentChild (pid, cid) VALUES ("c16fb57e-06a5-4755-bfd6-1865204abe14","a0224a7d-53cb-4014-8bce-4432a1b99dc9");
INSERT INTO ChildType (cid, type) VALUES ("a4c84f3b-1497-49f4-b01d-c29cbe937064","documents");
INSERT INTO ParentChild (pid, cid) VALUES ("c16fb57e-06a5-4755-bfd6-1865204abe14","a4c84f3b-1497-49f4-b01d-c29cbe937064");
INSERT INTO ChildType (cid, type) VALUES ("6d081c52-b933-4132-b034-c54bb9016b72","documents");
INSERT INTO ParentChild (pid, cid) VALUES ("c16fb57e-06a5-4755-bfd6-1865204abe14","6d081c52-b933-4132-b034-c54bb9016b72");
INSERT INTO ChildType (cid, type) VALUES ("73141ad5-5ed4-4615-a53b-57b417a8a15c","documents");
INSERT INTO ParentChild (pid, cid) VALUES ("c16fb57e-06a5-4755-bfd6-1865204abe14","73141ad5-5ed4-4615-a53b-57b417a8a15c");
INSERT INTO ChildType (cid, type) VALUES ("8808d0bc-838d-4f01-b133-d362b0e40aa8","documents");
INSERT INTO ParentChild (pid, cid) VALUES ("c16fb57e-06a5-4755-bfd6-1865204abe14","8808d0bc-838d-4f01-b133-d362b0e40aa8");
INSERT INTO ChildType (cid, type) VALUES ("8c7a714d-68ee-4931-b70e-463015e2016e","documents");
INSERT INTO ParentChild (pid, cid) VALUES ("c16fb57e-06a5-4755-bfd6-1865204abe14","8c7a714d-68ee-4931-b70e-463015e2016e");
INSERT INTO ChildType (cid, type) VALUES ("d8f91eac-1660-48b1-86bc-3916aa4f7da4","documents");
INSERT INTO ParentChild (pid, cid) VALUES ("c16fb57e-06a5-4755-bfd6-1865204abe14","d8f91eac-1660-48b1-86bc-3916aa4f7da4");
INSERT INTO ChildType (cid, type) VALUES ("a0adf630-72a3-4808-b741-2cb015def603","documents");
INSERT INTO ParentChild (pid, cid) VALUES ("c16fb57e-06a5-4755-bfd6-1865204abe14","a0adf630-72a3-4808-b741-2cb015def603");
INSERT INTO ChildType (cid, type) VALUES ("dd6561f1-5162-4d70-902a-ac11b16b91fb","documents");
INSERT INTO ParentChild (pid, cid) VALUES ("c16fb57e-06a5-4755-bfd6-1865204abe14","dd6561f1-5162-4d70-902a-ac11b16b91fb");
INSERT INTO ChildType (cid, type) VALUES ("882d21ef-7275-4749-9fab-93b9efa588c7","documents");
INSERT INTO ParentChild (pid, cid) VALUES ("c16fb57e-06a5-4755-bfd6-1865204abe14","882d21ef-7275-4749-9fab-93b9efa588c7");
INSERT INTO ChildType (cid, type) VALUES ("e328d8b7-d88d-47c8-a4f2-617bdb8226b3","documents");
INSERT INTO ParentChild (pid, cid) VALUES ("c16fb57e-06a5-4755-bfd6-1865204abe14","e328d8b7-d88d-47c8-a4f2-617bdb8226b3");
INSERT INTO ChildType (cid, type) VALUES ("fea67f29-29a2-42d8-a576-a1a6e74a026e","documents");
INSERT INTO ParentChild (pid, cid) VALUES ("c16fb57e-06a5-4755-bfd6-1865204abe14","fea67f29-29a2-42d8-a576-a1a6e74a026e");
INSERT INTO ChildType (cid, type) VALUES ("ccec3067-eec7-4724-b1b8-d4bd3de45333","documents");
INSERT INTO ParentChild (pid, cid) VALUES ("c16fb57e-06a5-4755-bfd6-1865204abe14","ccec3067-eec7-4724-b1b8-d4bd3de45333");
INSERT INTO ChildType (cid, type) VALUES ("1aa55593-7cb9-4ee9-b6bf-3e9f0231c758","documents");
INSERT INTO ParentChild (pid, cid) VALUES ("c16fb57e-06a5-4755-bfd6-1865204abe14","1aa55593-7cb9-4ee9-b6bf-3e9f0231c758");
INSERT INTO ChildType (cid, type) VALUES ("3e7c345f-cb6a-4e5e-be52-fd07428af434","documents");
INSERT INTO ParentChild (pid, cid) VALUES ("c16fb57e-06a5-4755-bfd6-1865204abe14","3e7c345f-cb6a-4e5e-be52-fd07428af434");
INSERT INTO ChildType (cid, type) VALUES ("8ce79110-fd13-4f86-804d-a0674a3c0852","documents");
INSERT INTO ParentChild (pid, cid) VALUES ("c16fb57e-06a5-4755-bfd6-1865204abe14","8ce79110-fd13-4f86-804d-a0674a3c0852");
INSERT INTO ChildType (cid, type) VALUES ("040d8165-8882-412a-8112-eefc86c1a9e3","documents");
INSERT INTO ParentChild (pid, cid) VALUES ("c16fb57e-06a5-4755-bfd6-1865204abe14","040d8165-8882-412a-8112-eefc86c1a9e3");
INSERT INTO ChildType (cid, type) VALUES ("154838ac-2b3c-4ea2-93fe-b5629b2bc6fc","documents");
INSERT INTO ParentChild (pid, cid) VALUES ("c16fb57e-06a5-4755-bfd6-1865204abe14","154838ac-2b3c-4ea2-93fe-b5629b2bc6fc");
INSERT INTO ChildType (cid, type) VALUES ("363e3809-5616-42c4-b180-ff1b21720527","documents");
INSERT INTO ParentChild (pid, cid) VALUES ("c16fb57e-06a5-4755-bfd6-1865204abe14","363e3809-5616-42c4-b180-ff1b21720527");
INSERT INTO ChildType (cid, type) VALUES ("f6b6d815-a5e6-4d8f-8389-f2f2bd9ed1b0","documents");
INSERT INTO ParentChild (pid, cid) VALUES ("c16fb57e-06a5-4755-bfd6-1865204abe14","f6b6d815-a5e6-4d8f-8389-f2f2bd9ed1b0");
INSERT INTO ChildType (cid, type) VALUES ("03eff96b-ddeb-44c2-b65d-850b29e52f33","documents");
INSERT INTO ParentChild (pid, cid) VALUES ("c16fb57e-06a5-4755-bfd6-1865204abe14","03eff96b-ddeb-44c2-b65d-850b29e52f33");
INSERT INTO ChildType (cid, type) VALUES ("739c7a19-4bed-4ad2-9068-3c0458f0ac6b","documents");
INSERT INTO ParentChild (pid, cid) VALUES ("c16fb57e-06a5-4755-bfd6-1865204abe14","739c7a19-4bed-4ad2-9068-3c0458f0ac6b");
INSERT INTO ChildType (cid, type) VALUES ("7afc023c-83cf-45b5-aa2d-2e375f403e6a","documents");
INSERT INTO ParentChild (pid, cid) VALUES ("c16fb57e-06a5-4755-bfd6-1865204abe14","7afc023c-83cf-45b5-aa2d-2e375f403e6a");
INSERT INTO ChildType (cid, type) VALUES ("0b6bf92a-6f55-489a-8ec9-db2095d97c43","documents");
INSERT INTO ParentChild (pid, cid) VALUES ("c16fb57e-06a5-4755-bfd6-1865204abe14","0b6bf92a-6f55-489a-8ec9-db2095d97c43");
INSERT INTO ChildType (cid, type) VALUES ("229b98d1-b8f0-4ec1-92df-94db12419524","documents");
INSERT INTO ParentChild (pid, cid) VALUES ("c16fb57e-06a5-4755-bfd6-1865204abe14","229b98d1-b8f0-4ec1-92df-94db12419524");
INSERT INTO ChildType (cid, type) VALUES ("93d3e128-9d15-43cd-ada3-268e39bb97f5","documents");
INSERT INTO ParentChild (pid, cid) VALUES ("c16fb57e-06a5-4755-bfd6-1865204abe14","93d3e128-9d15-43cd-ada3-268e39bb97f5");
INSERT INTO ChildType (cid, type) VALUES ("b376559e-6790-43da-824b-d0a16db53fee","documents");
INSERT INTO ParentChild (pid, cid) VALUES ("c16fb57e-06a5-4755-bfd6-1865204abe14","b376559e-6790-43da-824b-d0a16db53fee");
INSERT INTO ChildType (cid, type) VALUES ("7de57df1-1af5-4e8a-9b1a-b4bd3f85bc06","documents");
INSERT INTO ParentChild (pid, cid) VALUES ("c16fb57e-06a5-4755-bfd6-1865204abe14","7de57df1-1af5-4e8a-9b1a-b4bd3f85bc06");
INSERT INTO ChildType (cid, type) VALUES ("c5499de1-ac8e-411a-9e20-7c8d147e5104","documents");
INSERT INTO ParentChild (pid, cid) VALUES ("c16fb57e-06a5-4755-bfd6-1865204abe14","c5499de1-ac8e-411a-9e20-7c8d147e5104");
INSERT INTO ChildType (cid, type) VALUES ("423b4ae5-9ad0-415d-9290-ccbf86f0e260","documents");
INSERT INTO ParentChild (pid, cid) VALUES ("c16fb57e-06a5-4755-bfd6-1865204abe14","423b4ae5-9ad0-415d-9290-ccbf86f0e260");
INSERT INTO ChildType (cid, type) VALUES ("4d3e41cb-180f-4f55-8588-24c4e2a11dd2","documents");
INSERT INTO ParentChild (pid, cid) VALUES ("c16fb57e-06a5-4755-bfd6-1865204abe14","4d3e41cb-180f-4f55-8588-24c4e2a11dd2");
INSERT INTO ChildType (cid, type) VALUES ("1309e327-9c5e-4a96-947d-b7f6ee317acb","documents");
INSERT INTO ParentChild (pid, cid) VALUES ("c16fb57e-06a5-4755-bfd6-1865204abe14","1309e327-9c5e-4a96-947d-b7f6ee317acb");
INSERT INTO ChildType (cid, type) VALUES ("05864936-793a-406d-8416-909111612884","documents");
INSERT INTO ParentChild (pid, cid) VALUES ("c16fb57e-06a5-4755-bfd6-1865204abe14","05864936-793a-406d-8416-909111612884");
INSERT INTO ChildType (cid, type) VALUES ("10ca1c8b-81ae-4d16-b57b-047689f55c57","documents");
INSERT INTO ParentChild (pid, cid) VALUES ("c16fb57e-06a5-4755-bfd6-1865204abe14","10ca1c8b-81ae-4d16-b57b-047689f55c57");
INSERT INTO ChildType (cid, type) VALUES ("fe160c48-181c-4a6f-9320-e0a568bc7835","documents");
INSERT INTO ParentChild (pid, cid) VALUES ("c16fb57e-06a5-4755-bfd6-1865204abe14","fe160c48-181c-4a6f-9320-e0a568bc7835");
INSERT INTO ChildType (cid, type) VALUES ("c8d4ba0a-c503-4011-bf11-c29ce573e88e","documents");
INSERT INTO ParentChild (pid, cid) VALUES ("c16fb57e-06a5-4755-bfd6-1865204abe14","c8d4ba0a-c503-4011-bf11-c29ce573e88e");
INSERT INTO ChildType (cid, type) VALUES ("3054ee59-336e-4617-9bf3-f8d8e83d3d95","documents");
INSERT INTO ParentChild (pid, cid) VALUES ("c16fb57e-06a5-4755-bfd6-1865204abe14","3054ee59-336e-4617-9bf3-f8d8e83d3d95");
INSERT INTO ChildType (cid, type) VALUES ("1c884175-c276-4f7b-87d0-325aa60b2b5c","documents");
INSERT INTO ParentChild (pid, cid) VALUES ("c16fb57e-06a5-4755-bfd6-1865204abe14","1c884175-c276-4f7b-87d0-325aa60b2b5c");
INSERT INTO ChildType (cid, type) VALUES ("bd35574c-8e05-4029-b3e3-8d88ad3ed9fe","documents");
INSERT INTO ParentChild (pid, cid) VALUES ("c16fb57e-06a5-4755-bfd6-1865204abe14","bd35574c-8e05-4029-b3e3-8d88ad3ed9fe");
INSERT INTO ChildType (cid, type) VALUES ("e849c60f-bdce-4885-ba9a-e1a96df397bf","documents");
INSERT INTO ParentChild (pid, cid) VALUES ("c16fb57e-06a5-4755-bfd6-1865204abe14","e849c60f-bdce-4885-ba9a-e1a96df397bf");
