INSERT INTO Documents (guid, docFormat, author, dateModified, description, url) VALUES ("959385da-1cda-4963-b204-384fab6ede8e","html","null",null,"Team Micro - Home","https://teammicro.weebly.com/");
INSERT INTO Documents (guid, docFormat, author, dateModified, description, url) VALUES ("227a18ef-280b-44ed-aa59-6101ba0573b3","html","null",null,"Gemstone Honors Program | University of Maryland","http://www.gemstone.umd.edu");
INSERT INTO Documents (guid, docFormat, author, dateModified, description, url) VALUES ("f5f52127-ec75-470d-b109-87c12d82ed1a","html","null",null,"The University of Maryland | A Preeminent Public Research University","http://www.umd.edu");
INSERT INTO Documents (guid, docFormat, author, dateModified, description, url) VALUES ("0a640327-2d90-473b-8915-46d5d80eb31e","html","null",null,"Timeline - Team Micro","https://teammicro.weebly.com/timeline.html");
INSERT INTO Documents (guid, docFormat, author, dateModified, description, url) VALUES ("d1876836-441f-4bb1-a1f5-dc86cc1ee60e","html","null",null,"About - Team Micro","https://teammicro.weebly.com/about.html");
INSERT INTO Documents (guid, docFormat, author, dateModified, description, url) VALUES ("974949f8-5ee7-42a0-98c1-87dadd932844","html","null",null,"Contact - Team Micro","https://teammicro.weebly.com/contact.html");
INSERT INTO Documents (guid, docFormat, author, dateModified, description, url) VALUES ("842d5326-4f07-4858-831f-da554bded774","html","null",null,"About - Team Micro","https://teammicro.weebly.com/about.html");
INSERT INTO Documents (guid, docFormat, author, dateModified, description, url) VALUES ("f1d47723-ca5f-4522-a53b-ff0448fad067","html","null",null,"About - Team Micro","https://teammicro.weebly.com/about.html");
INSERT INTO Documents (guid, docFormat, author, dateModified, description, url) VALUES ("c5e15eb5-e069-4ccd-8fab-8a650405e250","html","null",null,"Timeline - Team Micro","https://teammicro.weebly.com/timeline.html");
INSERT INTO Documents (guid, docFormat, author, dateModified, description, url) VALUES ("b773f358-43be-4307-9cc9-4a07b1dee051","html","null",null,"Photos - Team Micro","https://teammicro.weebly.com/photos.html");
INSERT INTO Documents (guid, docFormat, author, dateModified, description, url) VALUES ("606591b9-42ed-40a5-a759-4808d13b58a0","html","null",null,"Meet the Team - Team Micro","https://teammicro.weebly.com/meet-the-team.html");
INSERT INTO Documents (guid, docFormat, author, dateModified, description, url) VALUES ("e2cacece-8654-4896-8a8f-19fdf6f8a4b4","html","null",null,"Meet the Team - Team Micro","https://teammicro.weebly.com/meet-the-team.html");
INSERT INTO Documents (guid, docFormat, author, dateModified, description, url) VALUES ("3fafe71b-8eeb-4935-8bc8-e1343f6b86a6","html","null",null,"Contact - Team Micro","https://teammicro.weebly.com/contact.html");
INSERT INTO Documents (guid, docFormat, author, dateModified, description, url) VALUES ("0f351223-0b72-4b98-8ec5-efff0601f3fa","html","null",null,"Photos - Team Micro","https://teammicro.weebly.com/photos.html");
INSERT INTO Documents (guid, docFormat, author, dateModified, description, url) VALUES ("a0e22a69-647f-4567-b245-f79b7f0f81d0","html","null",null,"Team Micro - Updates","https://teammicro.weebly.com/updates.html");
INSERT INTO Documents (guid, docFormat, author, dateModified, description, url) VALUES ("f4319bdd-7418-4b3b-8648-a4f3e55b6587","html","null",null,"Team Micro - Updates","https://teammicro.weebly.com/updates.html");
INSERT INTO ParentTitle (pid, title) VALUES ("959385da-1cda-4963-b204-384fab6ede8e","teammicro.weebly.com");
INSERT INTO ChildType (cid, type) VALUES ("d0829e5f-d485-4699-a6db-dcc433b73c49","documents");
INSERT INTO ParentChild (pid, cid) VALUES ("959385da-1cda-4963-b204-384fab6ede8e","d0829e5f-d485-4699-a6db-dcc433b73c49");
INSERT INTO ChildType (cid, type) VALUES ("1748c7e5-011a-436b-b955-e83bb63ac3e5","documents");
INSERT INTO ParentChild (pid, cid) VALUES ("959385da-1cda-4963-b204-384fab6ede8e","1748c7e5-011a-436b-b955-e83bb63ac3e5");
INSERT INTO ChildType (cid, type) VALUES ("d1876836-441f-4bb1-a1f5-dc86cc1ee60e","documents");
INSERT INTO ParentChild (pid, cid) VALUES ("959385da-1cda-4963-b204-384fab6ede8e","d1876836-441f-4bb1-a1f5-dc86cc1ee60e");
INSERT INTO ChildType (cid, type) VALUES ("0a640327-2d90-473b-8915-46d5d80eb31e","documents");
INSERT INTO ParentChild (pid, cid) VALUES ("959385da-1cda-4963-b204-384fab6ede8e","0a640327-2d90-473b-8915-46d5d80eb31e");
INSERT INTO ChildType (cid, type) VALUES ("606591b9-42ed-40a5-a759-4808d13b58a0","documents");
INSERT INTO ParentChild (pid, cid) VALUES ("959385da-1cda-4963-b204-384fab6ede8e","606591b9-42ed-40a5-a759-4808d13b58a0");
INSERT INTO ChildType (cid, type) VALUES ("a0e22a69-647f-4567-b245-f79b7f0f81d0","documents");
INSERT INTO ParentChild (pid, cid) VALUES ("959385da-1cda-4963-b204-384fab6ede8e","a0e22a69-647f-4567-b245-f79b7f0f81d0");
INSERT INTO ChildType (cid, type) VALUES ("b773f358-43be-4307-9cc9-4a07b1dee051","documents");
INSERT INTO ParentChild (pid, cid) VALUES ("959385da-1cda-4963-b204-384fab6ede8e","b773f358-43be-4307-9cc9-4a07b1dee051");
INSERT INTO ChildType (cid, type) VALUES ("974949f8-5ee7-42a0-98c1-87dadd932844","documents");
INSERT INTO ParentChild (pid, cid) VALUES ("959385da-1cda-4963-b204-384fab6ede8e","974949f8-5ee7-42a0-98c1-87dadd932844");
INSERT INTO ChildType (cid, type) VALUES ("f1d47723-ca5f-4522-a53b-ff0448fad067","documents");
INSERT INTO ParentChild (pid, cid) VALUES ("959385da-1cda-4963-b204-384fab6ede8e","f1d47723-ca5f-4522-a53b-ff0448fad067");
INSERT INTO ChildType (cid, type) VALUES ("227a18ef-280b-44ed-aa59-6101ba0573b3","documents");
INSERT INTO ParentChild (pid, cid) VALUES ("959385da-1cda-4963-b204-384fab6ede8e","227a18ef-280b-44ed-aa59-6101ba0573b3");
INSERT INTO ChildType (cid, type) VALUES ("f5f52127-ec75-470d-b109-87c12d82ed1a","documents");
INSERT INTO ParentChild (pid, cid) VALUES ("959385da-1cda-4963-b204-384fab6ede8e","f5f52127-ec75-470d-b109-87c12d82ed1a");
INSERT INTO ChildType (cid, type) VALUES ("916bb8d5-76ab-4332-b801-2851ce9a9a17","documents");
INSERT INTO ParentChild (pid, cid) VALUES ("959385da-1cda-4963-b204-384fab6ede8e","916bb8d5-76ab-4332-b801-2851ce9a9a17");
INSERT INTO ChildType (cid, type) VALUES ("842d5326-4f07-4858-831f-da554bded774","documents");
INSERT INTO ParentChild (pid, cid) VALUES ("959385da-1cda-4963-b204-384fab6ede8e","842d5326-4f07-4858-831f-da554bded774");
INSERT INTO ChildType (cid, type) VALUES ("c5e15eb5-e069-4ccd-8fab-8a650405e250","documents");
INSERT INTO ParentChild (pid, cid) VALUES ("959385da-1cda-4963-b204-384fab6ede8e","c5e15eb5-e069-4ccd-8fab-8a650405e250");
INSERT INTO ChildType (cid, type) VALUES ("e2cacece-8654-4896-8a8f-19fdf6f8a4b4","documents");
INSERT INTO ParentChild (pid, cid) VALUES ("959385da-1cda-4963-b204-384fab6ede8e","e2cacece-8654-4896-8a8f-19fdf6f8a4b4");
INSERT INTO ChildType (cid, type) VALUES ("f4319bdd-7418-4b3b-8648-a4f3e55b6587","documents");
INSERT INTO ParentChild (pid, cid) VALUES ("959385da-1cda-4963-b204-384fab6ede8e","f4319bdd-7418-4b3b-8648-a4f3e55b6587");
INSERT INTO ChildType (cid, type) VALUES ("0f351223-0b72-4b98-8ec5-efff0601f3fa","documents");
INSERT INTO ParentChild (pid, cid) VALUES ("959385da-1cda-4963-b204-384fab6ede8e","0f351223-0b72-4b98-8ec5-efff0601f3fa");
INSERT INTO ChildType (cid, type) VALUES ("3fafe71b-8eeb-4935-8bc8-e1343f6b86a6","documents");
INSERT INTO ParentChild (pid, cid) VALUES ("959385da-1cda-4963-b204-384fab6ede8e","3fafe71b-8eeb-4935-8bc8-e1343f6b86a6");
