<<<<<<< HEAD
INSERT INTO Documents (guid, docFormat, author, dateModified, description, url) VALUES ("62f51abb-8bb6-4d6c-a3d4-76b29a7541a8","html","null",null,"NBC News - Breaking News & Top Stories - Latest World, US & Local News","https://www.nbcnews.com/");
INSERT INTO ParentTitle (pid, title) VALUES ("62f51abb-8bb6-4d6c-a3d4-76b29a7541a8","nbcnews");
INSERT INTO ChildType (cid, type) VALUES ("1b669b29-35d1-4066-925c-656f4097965f","Document");
INSERT INTO ParentChild (pid, cid) VALUES ("62f51abb-8bb6-4d6c-a3d4-76b29a7541a8","1b669b29-35d1-4066-925c-656f4097965f");
INSERT INTO ChildType (cid, type) VALUES ("e6353605-442f-43ca-82eb-981b7ee4296e","Document");
INSERT INTO ParentChild (pid, cid) VALUES ("62f51abb-8bb6-4d6c-a3d4-76b29a7541a8","e6353605-442f-43ca-82eb-981b7ee4296e");
INSERT INTO ChildType (cid, type) VALUES ("99df4602-cb22-466c-83ba-7bb58573d1b5","Document");
INSERT INTO ParentChild (pid, cid) VALUES ("62f51abb-8bb6-4d6c-a3d4-76b29a7541a8","99df4602-cb22-466c-83ba-7bb58573d1b5");
INSERT INTO ChildType (cid, type) VALUES ("de37e865-2c3c-47ed-80d3-ec919d26b769","Document");
INSERT INTO ParentChild (pid, cid) VALUES ("62f51abb-8bb6-4d6c-a3d4-76b29a7541a8","de37e865-2c3c-47ed-80d3-ec919d26b769");
INSERT INTO ChildType (cid, type) VALUES ("d7250a8d-7dad-477a-95fa-a6e1100483d7","Document");
INSERT INTO ParentChild (pid, cid) VALUES ("62f51abb-8bb6-4d6c-a3d4-76b29a7541a8","d7250a8d-7dad-477a-95fa-a6e1100483d7");
INSERT INTO ChildType (cid, type) VALUES ("0ba3ab5a-609a-42e9-a8a0-2ad08ea0b0bd","Document");
INSERT INTO ParentChild (pid, cid) VALUES ("62f51abb-8bb6-4d6c-a3d4-76b29a7541a8","0ba3ab5a-609a-42e9-a8a0-2ad08ea0b0bd");
INSERT INTO ChildType (cid, type) VALUES ("14bc00c1-3a61-47f3-b576-6ab3dced0ce6","Document");
INSERT INTO ParentChild (pid, cid) VALUES ("62f51abb-8bb6-4d6c-a3d4-76b29a7541a8","14bc00c1-3a61-47f3-b576-6ab3dced0ce6");
INSERT INTO ChildType (cid, type) VALUES ("890488ba-287a-4825-97f2-205548e0e47e","Document");
INSERT INTO ParentChild (pid, cid) VALUES ("62f51abb-8bb6-4d6c-a3d4-76b29a7541a8","890488ba-287a-4825-97f2-205548e0e47e");
INSERT INTO ChildType (cid, type) VALUES ("743ce8c9-dbe6-453b-a19f-471e86a65029","Document");
INSERT INTO ParentChild (pid, cid) VALUES ("62f51abb-8bb6-4d6c-a3d4-76b29a7541a8","743ce8c9-dbe6-453b-a19f-471e86a65029");
INSERT INTO ChildType (cid, type) VALUES ("e3d66eaa-c448-4b37-8f74-c1c9126a76fb","Document");
INSERT INTO ParentChild (pid, cid) VALUES ("62f51abb-8bb6-4d6c-a3d4-76b29a7541a8","e3d66eaa-c448-4b37-8f74-c1c9126a76fb");
INSERT INTO ChildType (cid, type) VALUES ("ecbc7e9d-b64d-46f6-817c-bc6cf03ebc61","Document");
INSERT INTO ParentChild (pid, cid) VALUES ("62f51abb-8bb6-4d6c-a3d4-76b29a7541a8","ecbc7e9d-b64d-46f6-817c-bc6cf03ebc61");
INSERT INTO ChildType (cid, type) VALUES ("dbdcda5d-1d45-4527-b2d8-d726558fb490","Document");
INSERT INTO ParentChild (pid, cid) VALUES ("62f51abb-8bb6-4d6c-a3d4-76b29a7541a8","dbdcda5d-1d45-4527-b2d8-d726558fb490");
INSERT INTO ChildType (cid, type) VALUES ("7708317e-7452-40b7-8e0e-c7704b7a427f","Document");
INSERT INTO ParentChild (pid, cid) VALUES ("62f51abb-8bb6-4d6c-a3d4-76b29a7541a8","7708317e-7452-40b7-8e0e-c7704b7a427f");
INSERT INTO ChildType (cid, type) VALUES ("0d93f759-faca-441e-a978-b3bd518b2ca3","Document");
INSERT INTO ParentChild (pid, cid) VALUES ("62f51abb-8bb6-4d6c-a3d4-76b29a7541a8","0d93f759-faca-441e-a978-b3bd518b2ca3");
INSERT INTO ChildType (cid, type) VALUES ("30361d1c-a579-4673-bda7-4ea52eb58c73","Document");
INSERT INTO ParentChild (pid, cid) VALUES ("62f51abb-8bb6-4d6c-a3d4-76b29a7541a8","30361d1c-a579-4673-bda7-4ea52eb58c73");
INSERT INTO ChildType (cid, type) VALUES ("035a108c-9c0f-4bc4-9be5-757c2b69dcff","Document");
INSERT INTO ParentChild (pid, cid) VALUES ("62f51abb-8bb6-4d6c-a3d4-76b29a7541a8","035a108c-9c0f-4bc4-9be5-757c2b69dcff");
INSERT INTO ChildType (cid, type) VALUES ("2b55f694-b706-4d89-bedf-7dc2cd606cfc","Document");
INSERT INTO ParentChild (pid, cid) VALUES ("62f51abb-8bb6-4d6c-a3d4-76b29a7541a8","2b55f694-b706-4d89-bedf-7dc2cd606cfc");
INSERT INTO ChildType (cid, type) VALUES ("bce9be3b-a66c-43c6-b24f-fd29e6fe51d3","Document");
INSERT INTO ParentChild (pid, cid) VALUES ("62f51abb-8bb6-4d6c-a3d4-76b29a7541a8","bce9be3b-a66c-43c6-b24f-fd29e6fe51d3");
INSERT INTO ChildType (cid, type) VALUES ("0dc1c379-e374-4126-a0f9-df8760680045","Document");
INSERT INTO ParentChild (pid, cid) VALUES ("62f51abb-8bb6-4d6c-a3d4-76b29a7541a8","0dc1c379-e374-4126-a0f9-df8760680045");
INSERT INTO ChildType (cid, type) VALUES ("a0c98695-8452-4087-ace8-34f05d8fa8e0","Document");
INSERT INTO ParentChild (pid, cid) VALUES ("62f51abb-8bb6-4d6c-a3d4-76b29a7541a8","a0c98695-8452-4087-ace8-34f05d8fa8e0");
INSERT INTO ChildType (cid, type) VALUES ("cc8b26d6-dd67-4382-b6f6-77acd592715f","Document");
INSERT INTO ParentChild (pid, cid) VALUES ("62f51abb-8bb6-4d6c-a3d4-76b29a7541a8","cc8b26d6-dd67-4382-b6f6-77acd592715f");
INSERT INTO ChildType (cid, type) VALUES ("8b9833dd-c8d2-46b6-80dc-3a108aa8df11","Document");
INSERT INTO ParentChild (pid, cid) VALUES ("62f51abb-8bb6-4d6c-a3d4-76b29a7541a8","8b9833dd-c8d2-46b6-80dc-3a108aa8df11");
INSERT INTO ChildType (cid, type) VALUES ("f36b3cee-8ba1-49e4-8178-dfa33c99faad","Document");
INSERT INTO ParentChild (pid, cid) VALUES ("62f51abb-8bb6-4d6c-a3d4-76b29a7541a8","f36b3cee-8ba1-49e4-8178-dfa33c99faad");
INSERT INTO ChildType (cid, type) VALUES ("e8c052e7-2af6-4538-a430-9a1f58100254","Document");
INSERT INTO ParentChild (pid, cid) VALUES ("62f51abb-8bb6-4d6c-a3d4-76b29a7541a8","e8c052e7-2af6-4538-a430-9a1f58100254");
INSERT INTO ChildType (cid, type) VALUES ("d9cfcdb8-15e2-4262-b691-56452e548d1b","Document");
INSERT INTO ParentChild (pid, cid) VALUES ("62f51abb-8bb6-4d6c-a3d4-76b29a7541a8","d9cfcdb8-15e2-4262-b691-56452e548d1b");
INSERT INTO ChildType (cid, type) VALUES ("9418b23a-c9ff-4221-902b-862d55f0da20","Document");
INSERT INTO ParentChild (pid, cid) VALUES ("62f51abb-8bb6-4d6c-a3d4-76b29a7541a8","9418b23a-c9ff-4221-902b-862d55f0da20");
INSERT INTO ChildType (cid, type) VALUES ("340811e4-9278-4217-b26e-bb0ea39a4407","Document");
INSERT INTO ParentChild (pid, cid) VALUES ("62f51abb-8bb6-4d6c-a3d4-76b29a7541a8","340811e4-9278-4217-b26e-bb0ea39a4407");
INSERT INTO ChildType (cid, type) VALUES ("aa467b09-8b45-4378-8489-392511b44f11","Document");
INSERT INTO ParentChild (pid, cid) VALUES ("62f51abb-8bb6-4d6c-a3d4-76b29a7541a8","aa467b09-8b45-4378-8489-392511b44f11");
INSERT INTO ChildType (cid, type) VALUES ("c1babb68-4740-4715-bece-fee85fcb4458","Document");
INSERT INTO ParentChild (pid, cid) VALUES ("62f51abb-8bb6-4d6c-a3d4-76b29a7541a8","c1babb68-4740-4715-bece-fee85fcb4458");
INSERT INTO ChildType (cid, type) VALUES ("a41d0e9a-f41d-45d3-b7a0-33574e891e4b","Document");
INSERT INTO ParentChild (pid, cid) VALUES ("62f51abb-8bb6-4d6c-a3d4-76b29a7541a8","a41d0e9a-f41d-45d3-b7a0-33574e891e4b");
INSERT INTO ChildType (cid, type) VALUES ("2cbf0df4-4406-4e43-9563-440a07c8d88a","Document");
INSERT INTO ParentChild (pid, cid) VALUES ("62f51abb-8bb6-4d6c-a3d4-76b29a7541a8","2cbf0df4-4406-4e43-9563-440a07c8d88a");
INSERT INTO ChildType (cid, type) VALUES ("cd2a327b-1bfa-42d1-a82c-5c6da9b31eb4","Document");
INSERT INTO ParentChild (pid, cid) VALUES ("62f51abb-8bb6-4d6c-a3d4-76b29a7541a8","cd2a327b-1bfa-42d1-a82c-5c6da9b31eb4");
INSERT INTO ChildType (cid, type) VALUES ("8bb2d76a-5a42-442f-8e6b-ad660b1068b4","Document");
INSERT INTO ParentChild (pid, cid) VALUES ("62f51abb-8bb6-4d6c-a3d4-76b29a7541a8","8bb2d76a-5a42-442f-8e6b-ad660b1068b4");
INSERT INTO ChildType (cid, type) VALUES ("0d4c5e96-1aa2-499d-84af-95f3466dc837","Document");
INSERT INTO ParentChild (pid, cid) VALUES ("62f51abb-8bb6-4d6c-a3d4-76b29a7541a8","0d4c5e96-1aa2-499d-84af-95f3466dc837");
INSERT INTO ChildType (cid, type) VALUES ("64b5af83-9b79-4f06-a480-ef0bf6c31c31","Document");
INSERT INTO ParentChild (pid, cid) VALUES ("62f51abb-8bb6-4d6c-a3d4-76b29a7541a8","64b5af83-9b79-4f06-a480-ef0bf6c31c31");
INSERT INTO ChildType (cid, type) VALUES ("f630c974-86d9-48c0-9199-40214ae49a18","Document");
INSERT INTO ParentChild (pid, cid) VALUES ("62f51abb-8bb6-4d6c-a3d4-76b29a7541a8","f630c974-86d9-48c0-9199-40214ae49a18");
INSERT INTO ChildType (cid, type) VALUES ("a5a8f257-2969-49f3-b4b2-44fa11a55418","Document");
INSERT INTO ParentChild (pid, cid) VALUES ("62f51abb-8bb6-4d6c-a3d4-76b29a7541a8","a5a8f257-2969-49f3-b4b2-44fa11a55418");
INSERT INTO ChildType (cid, type) VALUES ("1133043e-bac8-4eda-861f-4e1d96e5d31f","Document");
INSERT INTO ParentChild (pid, cid) VALUES ("62f51abb-8bb6-4d6c-a3d4-76b29a7541a8","1133043e-bac8-4eda-861f-4e1d96e5d31f");
INSERT INTO ChildType (cid, type) VALUES ("a75cea14-ab55-421b-bef1-bc29b9ac9ee5","Document");
INSERT INTO ParentChild (pid, cid) VALUES ("62f51abb-8bb6-4d6c-a3d4-76b29a7541a8","a75cea14-ab55-421b-bef1-bc29b9ac9ee5");
INSERT INTO ChildType (cid, type) VALUES ("a99f9a1f-2bab-42c4-9c02-03f5e2564ab7","Document");
INSERT INTO ParentChild (pid, cid) VALUES ("62f51abb-8bb6-4d6c-a3d4-76b29a7541a8","a99f9a1f-2bab-42c4-9c02-03f5e2564ab7");
INSERT INTO ChildType (cid, type) VALUES ("51ccb9ca-eb5f-4fc2-9425-4edc602983c2","Document");
INSERT INTO ParentChild (pid, cid) VALUES ("62f51abb-8bb6-4d6c-a3d4-76b29a7541a8","51ccb9ca-eb5f-4fc2-9425-4edc602983c2");
INSERT INTO ChildType (cid, type) VALUES ("decb6ce0-36d4-4987-b764-d1ca7749ca6f","Document");
INSERT INTO ParentChild (pid, cid) VALUES ("62f51abb-8bb6-4d6c-a3d4-76b29a7541a8","decb6ce0-36d4-4987-b764-d1ca7749ca6f");
INSERT INTO ChildType (cid, type) VALUES ("d0b80f8a-b6a8-4d6a-918e-2fb179b463d4","Document");
INSERT INTO ParentChild (pid, cid) VALUES ("62f51abb-8bb6-4d6c-a3d4-76b29a7541a8","d0b80f8a-b6a8-4d6a-918e-2fb179b463d4");
INSERT INTO ChildType (cid, type) VALUES ("841ef8ab-3129-4dcf-973a-c3a2c7fc0bff","Document");
INSERT INTO ParentChild (pid, cid) VALUES ("62f51abb-8bb6-4d6c-a3d4-76b29a7541a8","841ef8ab-3129-4dcf-973a-c3a2c7fc0bff");
INSERT INTO ChildType (cid, type) VALUES ("8df4ccc7-971c-4950-9ed9-066409d281b1","Document");
INSERT INTO ParentChild (pid, cid) VALUES ("62f51abb-8bb6-4d6c-a3d4-76b29a7541a8","8df4ccc7-971c-4950-9ed9-066409d281b1");
INSERT INTO ChildType (cid, type) VALUES ("ed70230b-a7dd-4794-b5f8-1ae33cb90daa","Document");
INSERT INTO ParentChild (pid, cid) VALUES ("62f51abb-8bb6-4d6c-a3d4-76b29a7541a8","ed70230b-a7dd-4794-b5f8-1ae33cb90daa");
INSERT INTO ChildType (cid, type) VALUES ("46e9f9f8-5ed5-4094-84e1-2ecb58fd2b53","Document");
INSERT INTO ParentChild (pid, cid) VALUES ("62f51abb-8bb6-4d6c-a3d4-76b29a7541a8","46e9f9f8-5ed5-4094-84e1-2ecb58fd2b53");
INSERT INTO ChildType (cid, type) VALUES ("9db54e1a-bb91-4016-b0c6-7c8eb039e6ef","Document");
INSERT INTO ParentChild (pid, cid) VALUES ("62f51abb-8bb6-4d6c-a3d4-76b29a7541a8","9db54e1a-bb91-4016-b0c6-7c8eb039e6ef");
INSERT INTO ChildType (cid, type) VALUES ("e3d73f6c-0c4d-4ca1-9685-19098b5e553d","Document");
INSERT INTO ParentChild (pid, cid) VALUES ("62f51abb-8bb6-4d6c-a3d4-76b29a7541a8","e3d73f6c-0c4d-4ca1-9685-19098b5e553d");
INSERT INTO ChildType (cid, type) VALUES ("518afc4e-e431-4f36-8769-c562183c62fe","Document");
INSERT INTO ParentChild (pid, cid) VALUES ("62f51abb-8bb6-4d6c-a3d4-76b29a7541a8","518afc4e-e431-4f36-8769-c562183c62fe");
INSERT INTO ChildType (cid, type) VALUES ("8f95c62d-62ec-4d0f-8619-45a039b92506","Document");
INSERT INTO ParentChild (pid, cid) VALUES ("62f51abb-8bb6-4d6c-a3d4-76b29a7541a8","8f95c62d-62ec-4d0f-8619-45a039b92506");
INSERT INTO ChildType (cid, type) VALUES ("0873fb4b-82bd-4ee4-aab9-d057b85a34f3","Document");
INSERT INTO ParentChild (pid, cid) VALUES ("62f51abb-8bb6-4d6c-a3d4-76b29a7541a8","0873fb4b-82bd-4ee4-aab9-d057b85a34f3");
INSERT INTO ChildType (cid, type) VALUES ("face9aec-b9ab-45aa-9f0d-770b1b0b629c","Document");
INSERT INTO ParentChild (pid, cid) VALUES ("62f51abb-8bb6-4d6c-a3d4-76b29a7541a8","face9aec-b9ab-45aa-9f0d-770b1b0b629c");
INSERT INTO ChildType (cid, type) VALUES ("c9fb8de0-4a4e-4bb8-9deb-b964b2722221","Document");
INSERT INTO ParentChild (pid, cid) VALUES ("62f51abb-8bb6-4d6c-a3d4-76b29a7541a8","c9fb8de0-4a4e-4bb8-9deb-b964b2722221");
INSERT INTO ChildType (cid, type) VALUES ("3d383fa5-a998-45df-9d09-061960a5d668","Document");
INSERT INTO ParentChild (pid, cid) VALUES ("62f51abb-8bb6-4d6c-a3d4-76b29a7541a8","3d383fa5-a998-45df-9d09-061960a5d668");
INSERT INTO ChildType (cid, type) VALUES ("119c1c48-015b-48ee-836d-46584cbb6d86","Document");
INSERT INTO ParentChild (pid, cid) VALUES ("62f51abb-8bb6-4d6c-a3d4-76b29a7541a8","119c1c48-015b-48ee-836d-46584cbb6d86");
INSERT INTO ChildType (cid, type) VALUES ("57a8344b-0c1f-4d95-aade-79bdc73b3bb2","Document");
INSERT INTO ParentChild (pid, cid) VALUES ("62f51abb-8bb6-4d6c-a3d4-76b29a7541a8","57a8344b-0c1f-4d95-aade-79bdc73b3bb2");
INSERT INTO ChildType (cid, type) VALUES ("2c5a2681-71e0-4d65-8c61-10ceccbdb144","Document");
INSERT INTO ParentChild (pid, cid) VALUES ("62f51abb-8bb6-4d6c-a3d4-76b29a7541a8","2c5a2681-71e0-4d65-8c61-10ceccbdb144");
INSERT INTO ChildType (cid, type) VALUES ("9d7f97ac-46da-4094-a16c-f25683a7ff01","Document");
INSERT INTO ParentChild (pid, cid) VALUES ("62f51abb-8bb6-4d6c-a3d4-76b29a7541a8","9d7f97ac-46da-4094-a16c-f25683a7ff01");
INSERT INTO ChildType (cid, type) VALUES ("2735ff67-f410-4034-8e4a-7f01bca62ff6","Document");
INSERT INTO ParentChild (pid, cid) VALUES ("62f51abb-8bb6-4d6c-a3d4-76b29a7541a8","2735ff67-f410-4034-8e4a-7f01bca62ff6");
INSERT INTO ChildType (cid, type) VALUES ("5d5472e7-3df8-4285-85ca-d3f45161704d","Document");
INSERT INTO ParentChild (pid, cid) VALUES ("62f51abb-8bb6-4d6c-a3d4-76b29a7541a8","5d5472e7-3df8-4285-85ca-d3f45161704d");
INSERT INTO ChildType (cid, type) VALUES ("492e25fb-bd49-414f-b151-c1f1f3180551","Document");
INSERT INTO ParentChild (pid, cid) VALUES ("62f51abb-8bb6-4d6c-a3d4-76b29a7541a8","492e25fb-bd49-414f-b151-c1f1f3180551");
INSERT INTO ChildType (cid, type) VALUES ("7f18591d-ab29-48e9-83a4-14cb0d3f4a6b","Document");
INSERT INTO ParentChild (pid, cid) VALUES ("62f51abb-8bb6-4d6c-a3d4-76b29a7541a8","7f18591d-ab29-48e9-83a4-14cb0d3f4a6b");
INSERT INTO ChildType (cid, type) VALUES ("4ed1a1a4-9680-46bd-a38d-985a4022fab1","Document");
INSERT INTO ParentChild (pid, cid) VALUES ("62f51abb-8bb6-4d6c-a3d4-76b29a7541a8","4ed1a1a4-9680-46bd-a38d-985a4022fab1");
INSERT INTO ChildType (cid, type) VALUES ("d77da656-3a41-4aa9-89b4-bb9040ebbd32","Document");
INSERT INTO ParentChild (pid, cid) VALUES ("62f51abb-8bb6-4d6c-a3d4-76b29a7541a8","d77da656-3a41-4aa9-89b4-bb9040ebbd32");
INSERT INTO ChildType (cid, type) VALUES ("9cc183a8-09de-46fa-a928-a558a98c4e42","Document");
INSERT INTO ParentChild (pid, cid) VALUES ("62f51abb-8bb6-4d6c-a3d4-76b29a7541a8","9cc183a8-09de-46fa-a928-a558a98c4e42");
INSERT INTO ChildType (cid, type) VALUES ("13ea13e1-d0de-4608-a313-e5dbd6d97491","Document");
INSERT INTO ParentChild (pid, cid) VALUES ("62f51abb-8bb6-4d6c-a3d4-76b29a7541a8","13ea13e1-d0de-4608-a313-e5dbd6d97491");
INSERT INTO ChildType (cid, type) VALUES ("d68a7fe9-8532-407e-b79c-2988dc7bb66e","Document");
INSERT INTO ParentChild (pid, cid) VALUES ("62f51abb-8bb6-4d6c-a3d4-76b29a7541a8","d68a7fe9-8532-407e-b79c-2988dc7bb66e");
INSERT INTO ChildType (cid, type) VALUES ("29d4faac-f35b-46c4-adfa-0128c686962c","Document");
INSERT INTO ParentChild (pid, cid) VALUES ("62f51abb-8bb6-4d6c-a3d4-76b29a7541a8","29d4faac-f35b-46c4-adfa-0128c686962c");
INSERT INTO ChildType (cid, type) VALUES ("7c11ae06-ea28-4cae-95ee-30bf86f1f79d","Document");
INSERT INTO ParentChild (pid, cid) VALUES ("62f51abb-8bb6-4d6c-a3d4-76b29a7541a8","7c11ae06-ea28-4cae-95ee-30bf86f1f79d");
INSERT INTO ChildType (cid, type) VALUES ("93a90590-3e77-4f7d-8750-b2b4991a13c9","Document");
INSERT INTO ParentChild (pid, cid) VALUES ("62f51abb-8bb6-4d6c-a3d4-76b29a7541a8","93a90590-3e77-4f7d-8750-b2b4991a13c9");
INSERT INTO ChildType (cid, type) VALUES ("06448568-28de-4e06-9485-15195907aa88","Document");
INSERT INTO ParentChild (pid, cid) VALUES ("62f51abb-8bb6-4d6c-a3d4-76b29a7541a8","06448568-28de-4e06-9485-15195907aa88");
INSERT INTO ChildType (cid, type) VALUES ("1deb4007-a3a0-440d-9081-d61deb4f1e6e","Document");
INSERT INTO ParentChild (pid, cid) VALUES ("62f51abb-8bb6-4d6c-a3d4-76b29a7541a8","1deb4007-a3a0-440d-9081-d61deb4f1e6e");
INSERT INTO ChildType (cid, type) VALUES ("530094bd-f94d-4a85-96f2-e56232506f00","Document");
INSERT INTO ParentChild (pid, cid) VALUES ("62f51abb-8bb6-4d6c-a3d4-76b29a7541a8","530094bd-f94d-4a85-96f2-e56232506f00");
INSERT INTO ChildType (cid, type) VALUES ("5c160625-183b-4fba-a292-1d3a40613169","Document");
INSERT INTO ParentChild (pid, cid) VALUES ("62f51abb-8bb6-4d6c-a3d4-76b29a7541a8","5c160625-183b-4fba-a292-1d3a40613169");
INSERT INTO ChildType (cid, type) VALUES ("8106ba42-ac03-43d7-a79c-a22dd117b817","Document");
INSERT INTO ParentChild (pid, cid) VALUES ("62f51abb-8bb6-4d6c-a3d4-76b29a7541a8","8106ba42-ac03-43d7-a79c-a22dd117b817");
INSERT INTO ChildType (cid, type) VALUES ("d308bf60-8446-435a-b694-9c519a12ed22","Document");
INSERT INTO ParentChild (pid, cid) VALUES ("62f51abb-8bb6-4d6c-a3d4-76b29a7541a8","d308bf60-8446-435a-b694-9c519a12ed22");
INSERT INTO ChildType (cid, type) VALUES ("d9b75a4b-8d56-4a92-a865-f7bb120459b0","Document");
INSERT INTO ParentChild (pid, cid) VALUES ("62f51abb-8bb6-4d6c-a3d4-76b29a7541a8","d9b75a4b-8d56-4a92-a865-f7bb120459b0");
INSERT INTO ChildType (cid, type) VALUES ("8907ee53-f222-4c9f-85aa-aca50e13116d","Document");
INSERT INTO ParentChild (pid, cid) VALUES ("62f51abb-8bb6-4d6c-a3d4-76b29a7541a8","8907ee53-f222-4c9f-85aa-aca50e13116d");
INSERT INTO ChildType (cid, type) VALUES ("4dbee84f-2abd-444e-8748-7c379321fae0","Document");
INSERT INTO ParentChild (pid, cid) VALUES ("62f51abb-8bb6-4d6c-a3d4-76b29a7541a8","4dbee84f-2abd-444e-8748-7c379321fae0");
INSERT INTO ChildType (cid, type) VALUES ("32b08873-3387-4afa-872b-2156d818d2a4","Document");
INSERT INTO ParentChild (pid, cid) VALUES ("62f51abb-8bb6-4d6c-a3d4-76b29a7541a8","32b08873-3387-4afa-872b-2156d818d2a4");
INSERT INTO ChildType (cid, type) VALUES ("196491eb-df25-45c8-8db7-f4a47e7d35a1","Document");
INSERT INTO ParentChild (pid, cid) VALUES ("62f51abb-8bb6-4d6c-a3d4-76b29a7541a8","196491eb-df25-45c8-8db7-f4a47e7d35a1");
INSERT INTO ChildType (cid, type) VALUES ("deb2ff53-e5be-4c86-a499-b09ebec9111c","Document");
INSERT INTO ParentChild (pid, cid) VALUES ("62f51abb-8bb6-4d6c-a3d4-76b29a7541a8","deb2ff53-e5be-4c86-a499-b09ebec9111c");
INSERT INTO ChildType (cid, type) VALUES ("1354ba93-1220-4b31-bc5b-6b852657d035","Document");
INSERT INTO ParentChild (pid, cid) VALUES ("62f51abb-8bb6-4d6c-a3d4-76b29a7541a8","1354ba93-1220-4b31-bc5b-6b852657d035");
INSERT INTO ChildType (cid, type) VALUES ("762753f7-c119-4a7e-9ebf-271d8ab11668","Document");
INSERT INTO ParentChild (pid, cid) VALUES ("62f51abb-8bb6-4d6c-a3d4-76b29a7541a8","762753f7-c119-4a7e-9ebf-271d8ab11668");
INSERT INTO ChildType (cid, type) VALUES ("767cbe36-7adb-4714-855b-0844c49f4c69","Document");
INSERT INTO ParentChild (pid, cid) VALUES ("62f51abb-8bb6-4d6c-a3d4-76b29a7541a8","767cbe36-7adb-4714-855b-0844c49f4c69");
INSERT INTO ChildType (cid, type) VALUES ("eea1ea8f-5b5d-4999-8edf-d6db2c782a2f","Document");
INSERT INTO ParentChild (pid, cid) VALUES ("62f51abb-8bb6-4d6c-a3d4-76b29a7541a8","eea1ea8f-5b5d-4999-8edf-d6db2c782a2f");
INSERT INTO ChildType (cid, type) VALUES ("a14f8046-a185-400a-a0d1-01fb758d1b5b","Document");
INSERT INTO ParentChild (pid, cid) VALUES ("62f51abb-8bb6-4d6c-a3d4-76b29a7541a8","a14f8046-a185-400a-a0d1-01fb758d1b5b");
INSERT INTO ChildType (cid, type) VALUES ("41d7cb93-2087-4536-ac29-c7644b21502f","Document");
INSERT INTO ParentChild (pid, cid) VALUES ("62f51abb-8bb6-4d6c-a3d4-76b29a7541a8","41d7cb93-2087-4536-ac29-c7644b21502f");
INSERT INTO ChildType (cid, type) VALUES ("cfd29a42-9944-4dd6-87cb-96b4d84f637f","Document");
INSERT INTO ParentChild (pid, cid) VALUES ("62f51abb-8bb6-4d6c-a3d4-76b29a7541a8","cfd29a42-9944-4dd6-87cb-96b4d84f637f");
INSERT INTO ChildType (cid, type) VALUES ("2c17563b-8c52-4960-ba1c-36b59d0b89f4","Document");
INSERT INTO ParentChild (pid, cid) VALUES ("62f51abb-8bb6-4d6c-a3d4-76b29a7541a8","2c17563b-8c52-4960-ba1c-36b59d0b89f4");
INSERT INTO ChildType (cid, type) VALUES ("ade3e0de-7979-4afa-9207-8f5dc80248ef","Document");
INSERT INTO ParentChild (pid, cid) VALUES ("62f51abb-8bb6-4d6c-a3d4-76b29a7541a8","ade3e0de-7979-4afa-9207-8f5dc80248ef");
INSERT INTO ChildType (cid, type) VALUES ("ae7f53d0-68e8-4078-886d-45b426f5a175","Document");
INSERT INTO ParentChild (pid, cid) VALUES ("62f51abb-8bb6-4d6c-a3d4-76b29a7541a8","ae7f53d0-68e8-4078-886d-45b426f5a175");
INSERT INTO ChildType (cid, type) VALUES ("33a8b8be-f874-46a9-ba28-52d0c7e26ee0","Document");
INSERT INTO ParentChild (pid, cid) VALUES ("62f51abb-8bb6-4d6c-a3d4-76b29a7541a8","33a8b8be-f874-46a9-ba28-52d0c7e26ee0");
INSERT INTO ChildType (cid, type) VALUES ("102de347-1479-434a-9358-73f9526e53e0","Document");
INSERT INTO ParentChild (pid, cid) VALUES ("62f51abb-8bb6-4d6c-a3d4-76b29a7541a8","102de347-1479-434a-9358-73f9526e53e0");
INSERT INTO ChildType (cid, type) VALUES ("1a53d2ca-5aee-4f5b-95f2-7011292f5bc3","Document");
INSERT INTO ParentChild (pid, cid) VALUES ("62f51abb-8bb6-4d6c-a3d4-76b29a7541a8","1a53d2ca-5aee-4f5b-95f2-7011292f5bc3");
INSERT INTO ChildType (cid, type) VALUES ("d5b12283-60f0-4b76-a266-dba8c04bb0cb","Document");
INSERT INTO ParentChild (pid, cid) VALUES ("62f51abb-8bb6-4d6c-a3d4-76b29a7541a8","d5b12283-60f0-4b76-a266-dba8c04bb0cb");
INSERT INTO ChildType (cid, type) VALUES ("b16ead42-52ae-44b0-a8f1-f95dc43a38d3","Document");
INSERT INTO ParentChild (pid, cid) VALUES ("62f51abb-8bb6-4d6c-a3d4-76b29a7541a8","b16ead42-52ae-44b0-a8f1-f95dc43a38d3");
INSERT INTO ChildType (cid, type) VALUES ("c1f2f7fe-f823-42c4-9c6b-50d7a302753a","Document");
INSERT INTO ParentChild (pid, cid) VALUES ("62f51abb-8bb6-4d6c-a3d4-76b29a7541a8","c1f2f7fe-f823-42c4-9c6b-50d7a302753a");
INSERT INTO ChildType (cid, type) VALUES ("3e2f5e4b-22bc-4243-a4a8-b755a5c83c95","Document");
INSERT INTO ParentChild (pid, cid) VALUES ("62f51abb-8bb6-4d6c-a3d4-76b29a7541a8","3e2f5e4b-22bc-4243-a4a8-b755a5c83c95");
INSERT INTO ChildType (cid, type) VALUES ("4f492de6-d73d-49d2-9a4d-3b232a4d5d34","Document");
INSERT INTO ParentChild (pid, cid) VALUES ("62f51abb-8bb6-4d6c-a3d4-76b29a7541a8","4f492de6-d73d-49d2-9a4d-3b232a4d5d34");
INSERT INTO ChildType (cid, type) VALUES ("780f2bd8-5b30-4722-9fff-db9c54103301","Document");
INSERT INTO ParentChild (pid, cid) VALUES ("62f51abb-8bb6-4d6c-a3d4-76b29a7541a8","780f2bd8-5b30-4722-9fff-db9c54103301");
INSERT INTO ChildType (cid, type) VALUES ("32d03d69-3482-4563-984b-94b128e85065","Document");
INSERT INTO ParentChild (pid, cid) VALUES ("62f51abb-8bb6-4d6c-a3d4-76b29a7541a8","32d03d69-3482-4563-984b-94b128e85065");
INSERT INTO ChildType (cid, type) VALUES ("b1f3874e-1e27-4904-8cc8-3c3fb61df089","Document");
INSERT INTO ParentChild (pid, cid) VALUES ("62f51abb-8bb6-4d6c-a3d4-76b29a7541a8","b1f3874e-1e27-4904-8cc8-3c3fb61df089");
INSERT INTO ChildType (cid, type) VALUES ("b385ba8d-baed-415f-a441-d34ada97a889","Document");
INSERT INTO ParentChild (pid, cid) VALUES ("62f51abb-8bb6-4d6c-a3d4-76b29a7541a8","b385ba8d-baed-415f-a441-d34ada97a889");
INSERT INTO ChildType (cid, type) VALUES ("03e23d53-dc01-4592-85e1-61cf08d0da0c","Document");
INSERT INTO ParentChild (pid, cid) VALUES ("62f51abb-8bb6-4d6c-a3d4-76b29a7541a8","03e23d53-dc01-4592-85e1-61cf08d0da0c");
INSERT INTO ChildType (cid, type) VALUES ("48c0f455-4a9a-4864-a69a-bfd6ca1c18b6","Document");
INSERT INTO ParentChild (pid, cid) VALUES ("62f51abb-8bb6-4d6c-a3d4-76b29a7541a8","48c0f455-4a9a-4864-a69a-bfd6ca1c18b6");
INSERT INTO ChildType (cid, type) VALUES ("68c3babf-8921-45ce-835a-cf8125795e04","Document");
INSERT INTO ParentChild (pid, cid) VALUES ("62f51abb-8bb6-4d6c-a3d4-76b29a7541a8","68c3babf-8921-45ce-835a-cf8125795e04");
INSERT INTO ChildType (cid, type) VALUES ("b9b26bbf-b133-4cb9-ad42-d76e2130eea4","Document");
INSERT INTO ParentChild (pid, cid) VALUES ("62f51abb-8bb6-4d6c-a3d4-76b29a7541a8","b9b26bbf-b133-4cb9-ad42-d76e2130eea4");
INSERT INTO ChildType (cid, type) VALUES ("8794c2e7-507e-4b7f-ad5f-e63478d6c3a9","Document");
INSERT INTO ParentChild (pid, cid) VALUES ("62f51abb-8bb6-4d6c-a3d4-76b29a7541a8","8794c2e7-507e-4b7f-ad5f-e63478d6c3a9");
INSERT INTO ChildType (cid, type) VALUES ("5348eb77-e91d-4515-9f10-5d403f1cf8b4","Document");
INSERT INTO ParentChild (pid, cid) VALUES ("62f51abb-8bb6-4d6c-a3d4-76b29a7541a8","5348eb77-e91d-4515-9f10-5d403f1cf8b4");
INSERT INTO ChildType (cid, type) VALUES ("1123d183-0b6c-47bf-be2f-17a56303241a","Document");
INSERT INTO ParentChild (pid, cid) VALUES ("62f51abb-8bb6-4d6c-a3d4-76b29a7541a8","1123d183-0b6c-47bf-be2f-17a56303241a");
INSERT INTO ChildType (cid, type) VALUES ("9e31dfba-9502-44ce-a9e3-80b46fd3eadb","Document");
INSERT INTO ParentChild (pid, cid) VALUES ("62f51abb-8bb6-4d6c-a3d4-76b29a7541a8","9e31dfba-9502-44ce-a9e3-80b46fd3eadb");
INSERT INTO ChildType (cid, type) VALUES ("fa20bcc3-0a2f-4249-aec3-27de79853eab","Document");
INSERT INTO ParentChild (pid, cid) VALUES ("62f51abb-8bb6-4d6c-a3d4-76b29a7541a8","fa20bcc3-0a2f-4249-aec3-27de79853eab");
INSERT INTO ChildType (cid, type) VALUES ("4e1d486e-6167-4e18-a15b-bf432cd548f4","Document");
INSERT INTO ParentChild (pid, cid) VALUES ("62f51abb-8bb6-4d6c-a3d4-76b29a7541a8","4e1d486e-6167-4e18-a15b-bf432cd548f4");
INSERT INTO ChildType (cid, type) VALUES ("7ffc5b6d-bfdd-475c-a9a3-baca72c25ece","Document");
INSERT INTO ParentChild (pid, cid) VALUES ("62f51abb-8bb6-4d6c-a3d4-76b29a7541a8","7ffc5b6d-bfdd-475c-a9a3-baca72c25ece");
INSERT INTO ChildType (cid, type) VALUES ("f3e6f781-a70d-49c9-8827-c7c7ee84099a","Document");
INSERT INTO ParentChild (pid, cid) VALUES ("62f51abb-8bb6-4d6c-a3d4-76b29a7541a8","f3e6f781-a70d-49c9-8827-c7c7ee84099a");
INSERT INTO ChildType (cid, type) VALUES ("264088ab-74cf-4688-9204-8ad5c0514e91","Document");
INSERT INTO ParentChild (pid, cid) VALUES ("62f51abb-8bb6-4d6c-a3d4-76b29a7541a8","264088ab-74cf-4688-9204-8ad5c0514e91");
INSERT INTO ChildType (cid, type) VALUES ("4ddf711c-4322-406f-b58e-ce25d9900cce","Document");
INSERT INTO ParentChild (pid, cid) VALUES ("62f51abb-8bb6-4d6c-a3d4-76b29a7541a8","4ddf711c-4322-406f-b58e-ce25d9900cce");
INSERT INTO ChildType (cid, type) VALUES ("ef38e3e8-8da4-48e4-a432-fbf475d94179","Document");
INSERT INTO ParentChild (pid, cid) VALUES ("62f51abb-8bb6-4d6c-a3d4-76b29a7541a8","ef38e3e8-8da4-48e4-a432-fbf475d94179");
INSERT INTO ChildType (cid, type) VALUES ("8847ab6c-ff04-473b-b3c5-a75aab2b27ef","Document");
INSERT INTO ParentChild (pid, cid) VALUES ("62f51abb-8bb6-4d6c-a3d4-76b29a7541a8","8847ab6c-ff04-473b-b3c5-a75aab2b27ef");
INSERT INTO ChildType (cid, type) VALUES ("a047bb1c-6b46-4894-80e5-80f860fd6c1a","Document");
INSERT INTO ParentChild (pid, cid) VALUES ("62f51abb-8bb6-4d6c-a3d4-76b29a7541a8","a047bb1c-6b46-4894-80e5-80f860fd6c1a");
INSERT INTO ChildType (cid, type) VALUES ("b88b6a22-00ab-4eaa-8379-990e8cefd2c8","Document");
INSERT INTO ParentChild (pid, cid) VALUES ("62f51abb-8bb6-4d6c-a3d4-76b29a7541a8","b88b6a22-00ab-4eaa-8379-990e8cefd2c8");
INSERT INTO ChildType (cid, type) VALUES ("cc5e7f68-16fb-4ea2-b700-4ef31824385d","Document");
INSERT INTO ParentChild (pid, cid) VALUES ("62f51abb-8bb6-4d6c-a3d4-76b29a7541a8","cc5e7f68-16fb-4ea2-b700-4ef31824385d");
INSERT INTO ChildType (cid, type) VALUES ("b7adc899-7f9a-4f42-ba6e-f37719da5622","Document");
INSERT INTO ParentChild (pid, cid) VALUES ("62f51abb-8bb6-4d6c-a3d4-76b29a7541a8","b7adc899-7f9a-4f42-ba6e-f37719da5622");
INSERT INTO ChildType (cid, type) VALUES ("3fa47595-1ac0-4bc3-bcf8-264348e8b626","Document");
INSERT INTO ParentChild (pid, cid) VALUES ("62f51abb-8bb6-4d6c-a3d4-76b29a7541a8","3fa47595-1ac0-4bc3-bcf8-264348e8b626");
INSERT INTO ChildType (cid, type) VALUES ("ea23cd19-dc8c-497d-8b0e-4a66477126c8","Document");
INSERT INTO ParentChild (pid, cid) VALUES ("62f51abb-8bb6-4d6c-a3d4-76b29a7541a8","ea23cd19-dc8c-497d-8b0e-4a66477126c8");
INSERT INTO ChildType (cid, type) VALUES ("a0a1b9e8-a957-4019-94f9-9cec841c3ac1","Document");
INSERT INTO ParentChild (pid, cid) VALUES ("62f51abb-8bb6-4d6c-a3d4-76b29a7541a8","a0a1b9e8-a957-4019-94f9-9cec841c3ac1");
INSERT INTO ChildType (cid, type) VALUES ("3b379d0e-9478-4e3e-b6c1-c4553dc9dac9","Document");
INSERT INTO ParentChild (pid, cid) VALUES ("62f51abb-8bb6-4d6c-a3d4-76b29a7541a8","3b379d0e-9478-4e3e-b6c1-c4553dc9dac9");
INSERT INTO ChildType (cid, type) VALUES ("bd198bc0-978d-464c-bc1f-38de99a61084","Document");
INSERT INTO ParentChild (pid, cid) VALUES ("62f51abb-8bb6-4d6c-a3d4-76b29a7541a8","bd198bc0-978d-464c-bc1f-38de99a61084");
INSERT INTO ChildType (cid, type) VALUES ("7c8cf1ef-ac92-4acc-88cb-c5010b28e36d","Document");
INSERT INTO ParentChild (pid, cid) VALUES ("62f51abb-8bb6-4d6c-a3d4-76b29a7541a8","7c8cf1ef-ac92-4acc-88cb-c5010b28e36d");
INSERT INTO ChildType (cid, type) VALUES ("1989c73d-7ccc-4e5a-90cd-d0271ed57548","Document");
INSERT INTO ParentChild (pid, cid) VALUES ("62f51abb-8bb6-4d6c-a3d4-76b29a7541a8","1989c73d-7ccc-4e5a-90cd-d0271ed57548");
INSERT INTO ChildType (cid, type) VALUES ("87305acf-9961-4db8-9078-b864dde40e67","Document");
INSERT INTO ParentChild (pid, cid) VALUES ("62f51abb-8bb6-4d6c-a3d4-76b29a7541a8","87305acf-9961-4db8-9078-b864dde40e67");
INSERT INTO ChildType (cid, type) VALUES ("e13995b7-10cc-47f9-a31f-12c47f210a1b","Document");
INSERT INTO ParentChild (pid, cid) VALUES ("62f51abb-8bb6-4d6c-a3d4-76b29a7541a8","e13995b7-10cc-47f9-a31f-12c47f210a1b");
INSERT INTO ChildType (cid, type) VALUES ("4bda181b-156f-4bd1-b891-b9bf96f9d100","Document");
INSERT INTO ParentChild (pid, cid) VALUES ("62f51abb-8bb6-4d6c-a3d4-76b29a7541a8","4bda181b-156f-4bd1-b891-b9bf96f9d100");
INSERT INTO ChildType (cid, type) VALUES ("53e70f61-b45f-492f-b031-c801c04c2627","Document");
INSERT INTO ParentChild (pid, cid) VALUES ("62f51abb-8bb6-4d6c-a3d4-76b29a7541a8","53e70f61-b45f-492f-b031-c801c04c2627");
INSERT INTO ChildType (cid, type) VALUES ("1af66d1a-958d-4342-8938-0834e7991ac5","Document");
INSERT INTO ParentChild (pid, cid) VALUES ("62f51abb-8bb6-4d6c-a3d4-76b29a7541a8","1af66d1a-958d-4342-8938-0834e7991ac5");
INSERT INTO ChildType (cid, type) VALUES ("efc3b2f8-1132-4c72-a64f-21de96b3bb6a","Document");
INSERT INTO ParentChild (pid, cid) VALUES ("62f51abb-8bb6-4d6c-a3d4-76b29a7541a8","efc3b2f8-1132-4c72-a64f-21de96b3bb6a");
INSERT INTO ChildType (cid, type) VALUES ("b60b3403-c755-499e-8bbc-9100462ca05e","Document");
INSERT INTO ParentChild (pid, cid) VALUES ("62f51abb-8bb6-4d6c-a3d4-76b29a7541a8","b60b3403-c755-499e-8bbc-9100462ca05e");
INSERT INTO ChildType (cid, type) VALUES ("6054ec8f-9e6c-4434-b9c0-ef73c3d8a4eb","Document");
INSERT INTO ParentChild (pid, cid) VALUES ("62f51abb-8bb6-4d6c-a3d4-76b29a7541a8","6054ec8f-9e6c-4434-b9c0-ef73c3d8a4eb");
INSERT INTO ChildType (cid, type) VALUES ("4cfd1baa-8f0a-40ae-9d28-f62a22c5fbf5","Document");
INSERT INTO ParentChild (pid, cid) VALUES ("62f51abb-8bb6-4d6c-a3d4-76b29a7541a8","4cfd1baa-8f0a-40ae-9d28-f62a22c5fbf5");
INSERT INTO ChildType (cid, type) VALUES ("3c0d279f-08ed-4fb4-ad55-9bfe983fd9b3","Document");
INSERT INTO ParentChild (pid, cid) VALUES ("62f51abb-8bb6-4d6c-a3d4-76b29a7541a8","3c0d279f-08ed-4fb4-ad55-9bfe983fd9b3");
INSERT INTO ChildType (cid, type) VALUES ("e58d8e6e-c185-49f4-841c-fe1317038693","Document");
INSERT INTO ParentChild (pid, cid) VALUES ("62f51abb-8bb6-4d6c-a3d4-76b29a7541a8","e58d8e6e-c185-49f4-841c-fe1317038693");
INSERT INTO ChildType (cid, type) VALUES ("b1bce792-78ce-42f0-8195-e864acd5bea9","Document");
INSERT INTO ParentChild (pid, cid) VALUES ("62f51abb-8bb6-4d6c-a3d4-76b29a7541a8","b1bce792-78ce-42f0-8195-e864acd5bea9");
INSERT INTO ChildType (cid, type) VALUES ("6aa9f482-2db2-4f1e-b333-b03f3e477a98","Document");
INSERT INTO ParentChild (pid, cid) VALUES ("62f51abb-8bb6-4d6c-a3d4-76b29a7541a8","6aa9f482-2db2-4f1e-b333-b03f3e477a98");
INSERT INTO ChildType (cid, type) VALUES ("8d2b1541-15f9-4f29-bba2-4a549a010c59","Document");
INSERT INTO ParentChild (pid, cid) VALUES ("62f51abb-8bb6-4d6c-a3d4-76b29a7541a8","8d2b1541-15f9-4f29-bba2-4a549a010c59");
INSERT INTO ChildType (cid, type) VALUES ("601ac612-7a57-4647-b22f-5ec465169232","Document");
INSERT INTO ParentChild (pid, cid) VALUES ("62f51abb-8bb6-4d6c-a3d4-76b29a7541a8","601ac612-7a57-4647-b22f-5ec465169232");
INSERT INTO ChildType (cid, type) VALUES ("20689032-19c6-4a83-8744-ef0e264dc5cb","Document");
INSERT INTO ParentChild (pid, cid) VALUES ("62f51abb-8bb6-4d6c-a3d4-76b29a7541a8","20689032-19c6-4a83-8744-ef0e264dc5cb");
INSERT INTO ChildType (cid, type) VALUES ("15479194-c333-4c2a-9b5f-3dd4f3e8d30e","Document");
INSERT INTO ParentChild (pid, cid) VALUES ("62f51abb-8bb6-4d6c-a3d4-76b29a7541a8","15479194-c333-4c2a-9b5f-3dd4f3e8d30e");
INSERT INTO ChildType (cid, type) VALUES ("b9f1f2d5-fb3b-44f0-9670-4c1ebc8219fe","Document");
INSERT INTO ParentChild (pid, cid) VALUES ("62f51abb-8bb6-4d6c-a3d4-76b29a7541a8","b9f1f2d5-fb3b-44f0-9670-4c1ebc8219fe");
INSERT INTO ChildType (cid, type) VALUES ("c022d9c6-fb77-4bd4-8760-0e7b019822f4","Document");
INSERT INTO ParentChild (pid, cid) VALUES ("62f51abb-8bb6-4d6c-a3d4-76b29a7541a8","c022d9c6-fb77-4bd4-8760-0e7b019822f4");
INSERT INTO ChildType (cid, type) VALUES ("b4bf3d42-ebe7-4452-b69f-867f08331911","Document");
INSERT INTO ParentChild (pid, cid) VALUES ("62f51abb-8bb6-4d6c-a3d4-76b29a7541a8","b4bf3d42-ebe7-4452-b69f-867f08331911");
INSERT INTO ChildType (cid, type) VALUES ("8385fce3-0aeb-419a-9240-903830264860","Document");
INSERT INTO ParentChild (pid, cid) VALUES ("62f51abb-8bb6-4d6c-a3d4-76b29a7541a8","8385fce3-0aeb-419a-9240-903830264860");
INSERT INTO ChildType (cid, type) VALUES ("1885ed2c-d919-47fb-931f-5e71b78ec72e","Document");
INSERT INTO ParentChild (pid, cid) VALUES ("62f51abb-8bb6-4d6c-a3d4-76b29a7541a8","1885ed2c-d919-47fb-931f-5e71b78ec72e");
INSERT INTO ChildType (cid, type) VALUES ("e6277ed6-5976-4752-ad60-29e0bb88eb66","Document");
INSERT INTO ParentChild (pid, cid) VALUES ("62f51abb-8bb6-4d6c-a3d4-76b29a7541a8","e6277ed6-5976-4752-ad60-29e0bb88eb66");
INSERT INTO ChildType (cid, type) VALUES ("8f433dae-7908-44fa-9c2a-d4d0f3910d4c","Document");
INSERT INTO ParentChild (pid, cid) VALUES ("62f51abb-8bb6-4d6c-a3d4-76b29a7541a8","8f433dae-7908-44fa-9c2a-d4d0f3910d4c");
INSERT INTO ChildType (cid, type) VALUES ("f7b65b9d-d1b6-4dbd-be11-6b7009fa5f4b","Document");
INSERT INTO ParentChild (pid, cid) VALUES ("62f51abb-8bb6-4d6c-a3d4-76b29a7541a8","f7b65b9d-d1b6-4dbd-be11-6b7009fa5f4b");
INSERT INTO ChildType (cid, type) VALUES ("74c86bee-546d-45c0-aab0-c1526d6739e9","Document");
INSERT INTO ParentChild (pid, cid) VALUES ("62f51abb-8bb6-4d6c-a3d4-76b29a7541a8","74c86bee-546d-45c0-aab0-c1526d6739e9");
INSERT INTO ChildType (cid, type) VALUES ("04888066-d275-4726-87c8-f32ca91bc2c7","Document");
INSERT INTO ParentChild (pid, cid) VALUES ("62f51abb-8bb6-4d6c-a3d4-76b29a7541a8","04888066-d275-4726-87c8-f32ca91bc2c7");
INSERT INTO ChildType (cid, type) VALUES ("a2d3a16f-45e4-4f76-8bc8-e351f9b4f67c","Document");
INSERT INTO ParentChild (pid, cid) VALUES ("62f51abb-8bb6-4d6c-a3d4-76b29a7541a8","a2d3a16f-45e4-4f76-8bc8-e351f9b4f67c");
INSERT INTO ChildType (cid, type) VALUES ("ec512b16-d2c8-47f0-aa75-ec739884950a","Document");
INSERT INTO ParentChild (pid, cid) VALUES ("62f51abb-8bb6-4d6c-a3d4-76b29a7541a8","ec512b16-d2c8-47f0-aa75-ec739884950a");
INSERT INTO ChildType (cid, type) VALUES ("78d1e978-d4e6-41a0-8280-2c484b6bc46a","Document");
INSERT INTO ParentChild (pid, cid) VALUES ("62f51abb-8bb6-4d6c-a3d4-76b29a7541a8","78d1e978-d4e6-41a0-8280-2c484b6bc46a");
INSERT INTO ChildType (cid, type) VALUES ("1705b5ec-601f-4ab4-9a8a-93e9f37bdd03","Document");
INSERT INTO ParentChild (pid, cid) VALUES ("62f51abb-8bb6-4d6c-a3d4-76b29a7541a8","1705b5ec-601f-4ab4-9a8a-93e9f37bdd03");
INSERT INTO ChildType (cid, type) VALUES ("47a1c37a-9909-4ced-95eb-cb22bfd5cb0b","Document");
INSERT INTO ParentChild (pid, cid) VALUES ("62f51abb-8bb6-4d6c-a3d4-76b29a7541a8","47a1c37a-9909-4ced-95eb-cb22bfd5cb0b");
INSERT INTO ChildType (cid, type) VALUES ("f2c7e3ac-027f-4ad0-8d1b-709e1aadc206","Document");
INSERT INTO ParentChild (pid, cid) VALUES ("62f51abb-8bb6-4d6c-a3d4-76b29a7541a8","f2c7e3ac-027f-4ad0-8d1b-709e1aadc206");
INSERT INTO ChildType (cid, type) VALUES ("ada43b4c-6306-4c05-a9a0-3c1a99140e14","Document");
INSERT INTO ParentChild (pid, cid) VALUES ("62f51abb-8bb6-4d6c-a3d4-76b29a7541a8","ada43b4c-6306-4c05-a9a0-3c1a99140e14");
INSERT INTO ChildType (cid, type) VALUES ("5dbd52dc-10ab-4c36-b3c9-2252f089a93d","Document");
INSERT INTO ParentChild (pid, cid) VALUES ("62f51abb-8bb6-4d6c-a3d4-76b29a7541a8","5dbd52dc-10ab-4c36-b3c9-2252f089a93d");
INSERT INTO ChildType (cid, type) VALUES ("3980b88f-0f05-4c9a-bb37-c08a55b972d3","Document");
INSERT INTO ParentChild (pid, cid) VALUES ("62f51abb-8bb6-4d6c-a3d4-76b29a7541a8","3980b88f-0f05-4c9a-bb37-c08a55b972d3");
INSERT INTO ChildType (cid, type) VALUES ("3435e1d3-7941-4847-840b-dde7468af8ff","Document");
INSERT INTO ParentChild (pid, cid) VALUES ("62f51abb-8bb6-4d6c-a3d4-76b29a7541a8","3435e1d3-7941-4847-840b-dde7468af8ff");
INSERT INTO ChildType (cid, type) VALUES ("986e2a8d-fafa-4881-bd63-10a719d2ee31","Document");
INSERT INTO ParentChild (pid, cid) VALUES ("62f51abb-8bb6-4d6c-a3d4-76b29a7541a8","986e2a8d-fafa-4881-bd63-10a719d2ee31");
INSERT INTO ChildType (cid, type) VALUES ("04372369-1f5f-465d-b3f5-3f27ed652720","Document");
INSERT INTO ParentChild (pid, cid) VALUES ("62f51abb-8bb6-4d6c-a3d4-76b29a7541a8","04372369-1f5f-465d-b3f5-3f27ed652720");
INSERT INTO ChildType (cid, type) VALUES ("1e5cec99-f37d-4515-9496-fa710966dd06","Document");
INSERT INTO ParentChild (pid, cid) VALUES ("62f51abb-8bb6-4d6c-a3d4-76b29a7541a8","1e5cec99-f37d-4515-9496-fa710966dd06");
INSERT INTO ChildType (cid, type) VALUES ("f032cdd0-3a9b-4606-a317-4632d75b6043","Document");
INSERT INTO ParentChild (pid, cid) VALUES ("62f51abb-8bb6-4d6c-a3d4-76b29a7541a8","f032cdd0-3a9b-4606-a317-4632d75b6043");
INSERT INTO ChildType (cid, type) VALUES ("ef137153-202b-4300-b567-cfa0c040b7c5","Document");
INSERT INTO ParentChild (pid, cid) VALUES ("62f51abb-8bb6-4d6c-a3d4-76b29a7541a8","ef137153-202b-4300-b567-cfa0c040b7c5");
INSERT INTO ChildType (cid, type) VALUES ("3ad90ea4-780d-4e47-abfb-bd104c2b35a8","Document");
INSERT INTO ParentChild (pid, cid) VALUES ("62f51abb-8bb6-4d6c-a3d4-76b29a7541a8","3ad90ea4-780d-4e47-abfb-bd104c2b35a8");
INSERT INTO ChildType (cid, type) VALUES ("21ebd561-88a7-4272-8cd0-6cfef28e1b25","Document");
INSERT INTO ParentChild (pid, cid) VALUES ("62f51abb-8bb6-4d6c-a3d4-76b29a7541a8","21ebd561-88a7-4272-8cd0-6cfef28e1b25");
INSERT INTO ChildType (cid, type) VALUES ("580ead66-7aed-4168-9eed-5ed2c987a45d","Document");
INSERT INTO ParentChild (pid, cid) VALUES ("62f51abb-8bb6-4d6c-a3d4-76b29a7541a8","580ead66-7aed-4168-9eed-5ed2c987a45d");
INSERT INTO ChildType (cid, type) VALUES ("2a2be242-eccc-48af-ae4a-1f6bd9fb4f34","Document");
INSERT INTO ParentChild (pid, cid) VALUES ("62f51abb-8bb6-4d6c-a3d4-76b29a7541a8","2a2be242-eccc-48af-ae4a-1f6bd9fb4f34");
INSERT INTO ChildType (cid, type) VALUES ("ddf5cbe1-cdad-4114-b9c0-b83aa88abb26","Document");
INSERT INTO ParentChild (pid, cid) VALUES ("62f51abb-8bb6-4d6c-a3d4-76b29a7541a8","ddf5cbe1-cdad-4114-b9c0-b83aa88abb26");
INSERT INTO ChildType (cid, type) VALUES ("f4fc9877-b706-4cb0-a7cc-8373b36636a0","Document");
INSERT INTO ParentChild (pid, cid) VALUES ("62f51abb-8bb6-4d6c-a3d4-76b29a7541a8","f4fc9877-b706-4cb0-a7cc-8373b36636a0");
INSERT INTO ChildType (cid, type) VALUES ("f572650c-4c61-487d-b7af-3e96c4de89fa","Document");
INSERT INTO ParentChild (pid, cid) VALUES ("62f51abb-8bb6-4d6c-a3d4-76b29a7541a8","f572650c-4c61-487d-b7af-3e96c4de89fa");
INSERT INTO ChildType (cid, type) VALUES ("1aaab97f-015b-4a4a-bee5-b53ce977f581","Document");
INSERT INTO ParentChild (pid, cid) VALUES ("62f51abb-8bb6-4d6c-a3d4-76b29a7541a8","1aaab97f-015b-4a4a-bee5-b53ce977f581");
INSERT INTO ChildType (cid, type) VALUES ("cc4067cb-d7ae-4caa-8f59-e58d3440f336","Document");
INSERT INTO ParentChild (pid, cid) VALUES ("62f51abb-8bb6-4d6c-a3d4-76b29a7541a8","cc4067cb-d7ae-4caa-8f59-e58d3440f336");
INSERT INTO ChildType (cid, type) VALUES ("60f300ed-eece-4f17-9460-e8ce813efdb4","Document");
INSERT INTO ParentChild (pid, cid) VALUES ("62f51abb-8bb6-4d6c-a3d4-76b29a7541a8","60f300ed-eece-4f17-9460-e8ce813efdb4");
INSERT INTO ChildType (cid, type) VALUES ("4063aca4-eb2d-4899-88be-f697f4739763","Document");
INSERT INTO ParentChild (pid, cid) VALUES ("62f51abb-8bb6-4d6c-a3d4-76b29a7541a8","4063aca4-eb2d-4899-88be-f697f4739763");
INSERT INTO ChildType (cid, type) VALUES ("eb8f53bb-bb5e-4cba-ae2c-9635de667fcd","Document");
INSERT INTO ParentChild (pid, cid) VALUES ("62f51abb-8bb6-4d6c-a3d4-76b29a7541a8","eb8f53bb-bb5e-4cba-ae2c-9635de667fcd");
INSERT INTO ChildType (cid, type) VALUES ("f77709c6-cb6c-4b11-9b81-5ce54ed47069","Document");
INSERT INTO ParentChild (pid, cid) VALUES ("62f51abb-8bb6-4d6c-a3d4-76b29a7541a8","f77709c6-cb6c-4b11-9b81-5ce54ed47069");
INSERT INTO ChildType (cid, type) VALUES ("15d21bd6-a91c-47b5-856f-ad4677fdaf55","Document");
INSERT INTO ParentChild (pid, cid) VALUES ("62f51abb-8bb6-4d6c-a3d4-76b29a7541a8","15d21bd6-a91c-47b5-856f-ad4677fdaf55");
INSERT INTO ChildType (cid, type) VALUES ("d622928d-01ef-4c25-8ce8-652f466d10de","Document");
INSERT INTO ParentChild (pid, cid) VALUES ("62f51abb-8bb6-4d6c-a3d4-76b29a7541a8","d622928d-01ef-4c25-8ce8-652f466d10de");
INSERT INTO ChildType (cid, type) VALUES ("573e2a8f-cd75-4a3f-a715-6ceaef292acb","Document");
INSERT INTO ParentChild (pid, cid) VALUES ("62f51abb-8bb6-4d6c-a3d4-76b29a7541a8","573e2a8f-cd75-4a3f-a715-6ceaef292acb");
INSERT INTO ChildType (cid, type) VALUES ("b6712330-7561-45ae-bdc5-dfe511404137","Document");
INSERT INTO ParentChild (pid, cid) VALUES ("62f51abb-8bb6-4d6c-a3d4-76b29a7541a8","b6712330-7561-45ae-bdc5-dfe511404137");
INSERT INTO ChildType (cid, type) VALUES ("f168f6e3-323e-4cbe-8be4-f647006aab3a","Document");
INSERT INTO ParentChild (pid, cid) VALUES ("62f51abb-8bb6-4d6c-a3d4-76b29a7541a8","f168f6e3-323e-4cbe-8be4-f647006aab3a");
INSERT INTO ChildType (cid, type) VALUES ("a58a671e-389e-48b8-a060-b4afd9bab3a8","Document");
INSERT INTO ParentChild (pid, cid) VALUES ("62f51abb-8bb6-4d6c-a3d4-76b29a7541a8","a58a671e-389e-48b8-a060-b4afd9bab3a8");
INSERT INTO ChildType (cid, type) VALUES ("a5b42e6b-c422-4082-97c5-caa29f2d9b37","Document");
INSERT INTO ParentChild (pid, cid) VALUES ("62f51abb-8bb6-4d6c-a3d4-76b29a7541a8","a5b42e6b-c422-4082-97c5-caa29f2d9b37");
INSERT INTO ChildType (cid, type) VALUES ("6f5a8376-9c68-4b91-8d9d-bcc65143330d","Document");
INSERT INTO ParentChild (pid, cid) VALUES ("62f51abb-8bb6-4d6c-a3d4-76b29a7541a8","6f5a8376-9c68-4b91-8d9d-bcc65143330d");
INSERT INTO ChildType (cid, type) VALUES ("ba1b87f5-5a21-43bc-a05d-19f7832e3167","Document");
INSERT INTO ParentChild (pid, cid) VALUES ("62f51abb-8bb6-4d6c-a3d4-76b29a7541a8","ba1b87f5-5a21-43bc-a05d-19f7832e3167");
INSERT INTO ChildType (cid, type) VALUES ("a2515997-18c3-46dc-a5a3-3570a98a87e5","Document");
INSERT INTO ParentChild (pid, cid) VALUES ("62f51abb-8bb6-4d6c-a3d4-76b29a7541a8","a2515997-18c3-46dc-a5a3-3570a98a87e5");
INSERT INTO ChildType (cid, type) VALUES ("4084c4dc-5700-4a5a-9d1f-43a9ceaf5b63","Document");
INSERT INTO ParentChild (pid, cid) VALUES ("62f51abb-8bb6-4d6c-a3d4-76b29a7541a8","4084c4dc-5700-4a5a-9d1f-43a9ceaf5b63");
INSERT INTO ChildType (cid, type) VALUES ("8345b848-1373-46ab-9479-6c1cbcd31a73","Document");
INSERT INTO ParentChild (pid, cid) VALUES ("62f51abb-8bb6-4d6c-a3d4-76b29a7541a8","8345b848-1373-46ab-9479-6c1cbcd31a73");
INSERT INTO ChildType (cid, type) VALUES ("491e7ca6-eaf0-4483-b479-0db469eed0b0","Document");
INSERT INTO ParentChild (pid, cid) VALUES ("62f51abb-8bb6-4d6c-a3d4-76b29a7541a8","491e7ca6-eaf0-4483-b479-0db469eed0b0");
INSERT INTO ChildType (cid, type) VALUES ("5f0dd2fc-6f54-4d69-8325-cfcacfa825e9","Document");
INSERT INTO ParentChild (pid, cid) VALUES ("62f51abb-8bb6-4d6c-a3d4-76b29a7541a8","5f0dd2fc-6f54-4d69-8325-cfcacfa825e9");
INSERT INTO ChildType (cid, type) VALUES ("4b18f95f-8fcd-43db-91d9-09cc91bee4d5","Document");
INSERT INTO ParentChild (pid, cid) VALUES ("62f51abb-8bb6-4d6c-a3d4-76b29a7541a8","4b18f95f-8fcd-43db-91d9-09cc91bee4d5");
INSERT INTO ChildType (cid, type) VALUES ("9ba29194-62b1-4933-bc62-07e2642e1865","Document");
INSERT INTO ParentChild (pid, cid) VALUES ("62f51abb-8bb6-4d6c-a3d4-76b29a7541a8","9ba29194-62b1-4933-bc62-07e2642e1865");
INSERT INTO ChildType (cid, type) VALUES ("a9856c2f-c3b5-44db-95b1-023675f651ae","Document");
INSERT INTO ParentChild (pid, cid) VALUES ("62f51abb-8bb6-4d6c-a3d4-76b29a7541a8","a9856c2f-c3b5-44db-95b1-023675f651ae");
INSERT INTO ChildType (cid, type) VALUES ("5e5aa5de-2b47-4948-b546-49960b64bf0d","Document");
INSERT INTO ParentChild (pid, cid) VALUES ("62f51abb-8bb6-4d6c-a3d4-76b29a7541a8","5e5aa5de-2b47-4948-b546-49960b64bf0d");
INSERT INTO ChildType (cid, type) VALUES ("42227e57-4ab9-4ab9-8177-351e65f6f090","Document");
INSERT INTO ParentChild (pid, cid) VALUES ("62f51abb-8bb6-4d6c-a3d4-76b29a7541a8","42227e57-4ab9-4ab9-8177-351e65f6f090");
INSERT INTO ChildType (cid, type) VALUES ("3b0653dd-d695-4907-abe8-1d0fb1691588","Document");
INSERT INTO ParentChild (pid, cid) VALUES ("62f51abb-8bb6-4d6c-a3d4-76b29a7541a8","3b0653dd-d695-4907-abe8-1d0fb1691588");
INSERT INTO ChildType (cid, type) VALUES ("c84ce004-b336-43a2-b59d-bfd50fb95816","Document");
INSERT INTO ParentChild (pid, cid) VALUES ("62f51abb-8bb6-4d6c-a3d4-76b29a7541a8","c84ce004-b336-43a2-b59d-bfd50fb95816");
INSERT INTO ChildType (cid, type) VALUES ("25c3351c-36e6-41b9-876d-ab4f8d1dde4b","Document");
INSERT INTO ParentChild (pid, cid) VALUES ("62f51abb-8bb6-4d6c-a3d4-76b29a7541a8","25c3351c-36e6-41b9-876d-ab4f8d1dde4b");
INSERT INTO ChildType (cid, type) VALUES ("7bdd2fa5-fca7-48ff-8582-05040b3242dd","Document");
INSERT INTO ParentChild (pid, cid) VALUES ("62f51abb-8bb6-4d6c-a3d4-76b29a7541a8","7bdd2fa5-fca7-48ff-8582-05040b3242dd");
INSERT INTO ChildType (cid, type) VALUES ("46b59ec8-9edc-4079-8fa7-cc1f5838cf1e","Document");
INSERT INTO ParentChild (pid, cid) VALUES ("62f51abb-8bb6-4d6c-a3d4-76b29a7541a8","46b59ec8-9edc-4079-8fa7-cc1f5838cf1e");
INSERT INTO ChildType (cid, type) VALUES ("abba749c-8d99-4641-a6d6-55ae2e3f575a","Document");
INSERT INTO ParentChild (pid, cid) VALUES ("62f51abb-8bb6-4d6c-a3d4-76b29a7541a8","abba749c-8d99-4641-a6d6-55ae2e3f575a");
INSERT INTO ChildType (cid, type) VALUES ("ca0261f9-d836-4d61-bb91-6fe40e3fddf3","Document");
INSERT INTO ParentChild (pid, cid) VALUES ("62f51abb-8bb6-4d6c-a3d4-76b29a7541a8","ca0261f9-d836-4d61-bb91-6fe40e3fddf3");
INSERT INTO ChildType (cid, type) VALUES ("a1af34ed-d5c4-46e3-a72d-473c5f97a5ea","Document");
INSERT INTO ParentChild (pid, cid) VALUES ("62f51abb-8bb6-4d6c-a3d4-76b29a7541a8","a1af34ed-d5c4-46e3-a72d-473c5f97a5ea");
INSERT INTO ChildType (cid, type) VALUES ("daad6e0f-814c-4a6b-bf02-f293bd554798","Document");
INSERT INTO ParentChild (pid, cid) VALUES ("62f51abb-8bb6-4d6c-a3d4-76b29a7541a8","daad6e0f-814c-4a6b-bf02-f293bd554798");
INSERT INTO ChildType (cid, type) VALUES ("a55ff12f-38c6-4d9d-aa92-ba6955c9f8a2","Document");
INSERT INTO ParentChild (pid, cid) VALUES ("62f51abb-8bb6-4d6c-a3d4-76b29a7541a8","a55ff12f-38c6-4d9d-aa92-ba6955c9f8a2");
INSERT INTO ChildType (cid, type) VALUES ("b68b7697-1e54-4763-8154-217b04739507","Document");
INSERT INTO ParentChild (pid, cid) VALUES ("62f51abb-8bb6-4d6c-a3d4-76b29a7541a8","b68b7697-1e54-4763-8154-217b04739507");
INSERT INTO ChildType (cid, type) VALUES ("0b7e5beb-d3eb-4674-ad4b-958c38b27b86","Document");
INSERT INTO ParentChild (pid, cid) VALUES ("62f51abb-8bb6-4d6c-a3d4-76b29a7541a8","0b7e5beb-d3eb-4674-ad4b-958c38b27b86");
INSERT INTO ChildType (cid, type) VALUES ("a92777f5-47b6-4e5d-ae23-677486c2b774","Document");
INSERT INTO ParentChild (pid, cid) VALUES ("62f51abb-8bb6-4d6c-a3d4-76b29a7541a8","a92777f5-47b6-4e5d-ae23-677486c2b774");
INSERT INTO ChildType (cid, type) VALUES ("85d9735c-1948-42bc-945c-3089a9152255","Document");
INSERT INTO ParentChild (pid, cid) VALUES ("62f51abb-8bb6-4d6c-a3d4-76b29a7541a8","85d9735c-1948-42bc-945c-3089a9152255");
INSERT INTO ChildType (cid, type) VALUES ("b14ecba8-cf41-4477-8675-b40dfd63aea6","Document");
INSERT INTO ParentChild (pid, cid) VALUES ("62f51abb-8bb6-4d6c-a3d4-76b29a7541a8","b14ecba8-cf41-4477-8675-b40dfd63aea6");
INSERT INTO ChildType (cid, type) VALUES ("fc3d5750-3c5d-4825-ab04-087d7857adef","Document");
INSERT INTO ParentChild (pid, cid) VALUES ("62f51abb-8bb6-4d6c-a3d4-76b29a7541a8","fc3d5750-3c5d-4825-ab04-087d7857adef");
INSERT INTO ChildType (cid, type) VALUES ("38c38b18-82d5-4db5-9114-4ad01f03dbf1","Document");
INSERT INTO ParentChild (pid, cid) VALUES ("62f51abb-8bb6-4d6c-a3d4-76b29a7541a8","38c38b18-82d5-4db5-9114-4ad01f03dbf1");
INSERT INTO ChildType (cid, type) VALUES ("f889e34b-af88-4945-b6b5-74437e24fc03","Document");
INSERT INTO ParentChild (pid, cid) VALUES ("62f51abb-8bb6-4d6c-a3d4-76b29a7541a8","f889e34b-af88-4945-b6b5-74437e24fc03");
INSERT INTO ChildType (cid, type) VALUES ("d76e08f4-8898-4f9e-920c-664e5267be81","Document");
INSERT INTO ParentChild (pid, cid) VALUES ("62f51abb-8bb6-4d6c-a3d4-76b29a7541a8","d76e08f4-8898-4f9e-920c-664e5267be81");
INSERT INTO ChildType (cid, type) VALUES ("e67fc41b-8d0c-4613-89fc-71f37f2cf4f0","Document");
INSERT INTO ParentChild (pid, cid) VALUES ("62f51abb-8bb6-4d6c-a3d4-76b29a7541a8","e67fc41b-8d0c-4613-89fc-71f37f2cf4f0");
INSERT INTO ChildType (cid, type) VALUES ("30e8058b-bb7b-44c8-8a41-bbf8cdef4c05","Document");
INSERT INTO ParentChild (pid, cid) VALUES ("62f51abb-8bb6-4d6c-a3d4-76b29a7541a8","30e8058b-bb7b-44c8-8a41-bbf8cdef4c05");
INSERT INTO ChildType (cid, type) VALUES ("3a281785-cee6-4497-8bfa-ef1e536bdf6f","Document");
INSERT INTO ParentChild (pid, cid) VALUES ("62f51abb-8bb6-4d6c-a3d4-76b29a7541a8","3a281785-cee6-4497-8bfa-ef1e536bdf6f");
INSERT INTO ChildType (cid, type) VALUES ("669e2c97-f306-4a09-8f09-2f9e05f13c0c","Document");
INSERT INTO ParentChild (pid, cid) VALUES ("62f51abb-8bb6-4d6c-a3d4-76b29a7541a8","669e2c97-f306-4a09-8f09-2f9e05f13c0c");
INSERT INTO ChildType (cid, type) VALUES ("91e2ed69-07a5-494e-9a28-a9de18e274c8","Document");
INSERT INTO ParentChild (pid, cid) VALUES ("62f51abb-8bb6-4d6c-a3d4-76b29a7541a8","91e2ed69-07a5-494e-9a28-a9de18e274c8");
INSERT INTO ChildType (cid, type) VALUES ("8530ce26-df15-479c-ae4b-5984474e6ee6","Document");
INSERT INTO ParentChild (pid, cid) VALUES ("62f51abb-8bb6-4d6c-a3d4-76b29a7541a8","8530ce26-df15-479c-ae4b-5984474e6ee6");
INSERT INTO ChildType (cid, type) VALUES ("eeb441f6-afff-429d-ac02-406efdb68efa","Document");
INSERT INTO ParentChild (pid, cid) VALUES ("62f51abb-8bb6-4d6c-a3d4-76b29a7541a8","eeb441f6-afff-429d-ac02-406efdb68efa");
INSERT INTO ChildType (cid, type) VALUES ("b75514dd-792d-4988-b23e-d2279f1baaa3","Document");
INSERT INTO ParentChild (pid, cid) VALUES ("62f51abb-8bb6-4d6c-a3d4-76b29a7541a8","b75514dd-792d-4988-b23e-d2279f1baaa3");
INSERT INTO ChildType (cid, type) VALUES ("70262d7b-955a-4e2d-864f-fb40ccd0c644","Document");
INSERT INTO ParentChild (pid, cid) VALUES ("62f51abb-8bb6-4d6c-a3d4-76b29a7541a8","70262d7b-955a-4e2d-864f-fb40ccd0c644");
INSERT INTO ChildType (cid, type) VALUES ("c0cc12e2-e734-46a1-9241-ca6080cf4db0","Document");
INSERT INTO ParentChild (pid, cid) VALUES ("62f51abb-8bb6-4d6c-a3d4-76b29a7541a8","c0cc12e2-e734-46a1-9241-ca6080cf4db0");
INSERT INTO ChildType (cid, type) VALUES ("4c520eff-b1c5-4b01-b981-c84bc35c5692","Document");
INSERT INTO ParentChild (pid, cid) VALUES ("62f51abb-8bb6-4d6c-a3d4-76b29a7541a8","4c520eff-b1c5-4b01-b981-c84bc35c5692");
INSERT INTO ChildType (cid, type) VALUES ("43cf9d4a-f1de-486e-b1f1-edcb67fada3a","Document");
INSERT INTO ParentChild (pid, cid) VALUES ("62f51abb-8bb6-4d6c-a3d4-76b29a7541a8","43cf9d4a-f1de-486e-b1f1-edcb67fada3a");
INSERT INTO ChildType (cid, type) VALUES ("d952a58d-c901-44f6-b9cb-d7021f83196e","Document");
INSERT INTO ParentChild (pid, cid) VALUES ("62f51abb-8bb6-4d6c-a3d4-76b29a7541a8","d952a58d-c901-44f6-b9cb-d7021f83196e");
INSERT INTO ChildType (cid, type) VALUES ("55657db4-2ee4-49d6-bfb4-9dfb2c29b6cd","Document");
INSERT INTO ParentChild (pid, cid) VALUES ("62f51abb-8bb6-4d6c-a3d4-76b29a7541a8","55657db4-2ee4-49d6-bfb4-9dfb2c29b6cd");
INSERT INTO ChildType (cid, type) VALUES ("67519fac-d5d4-4d2e-bdcb-4c0ca8d85550","Document");
INSERT INTO ParentChild (pid, cid) VALUES ("62f51abb-8bb6-4d6c-a3d4-76b29a7541a8","67519fac-d5d4-4d2e-bdcb-4c0ca8d85550");
INSERT INTO ChildType (cid, type) VALUES ("808029a0-15e3-41b3-a0e1-399004b7a784","Document");
INSERT INTO ParentChild (pid, cid) VALUES ("62f51abb-8bb6-4d6c-a3d4-76b29a7541a8","808029a0-15e3-41b3-a0e1-399004b7a784");
INSERT INTO ChildType (cid, type) VALUES ("aa144b29-725c-42d9-8455-f9c7d0a06038","Document");
INSERT INTO ParentChild (pid, cid) VALUES ("62f51abb-8bb6-4d6c-a3d4-76b29a7541a8","aa144b29-725c-42d9-8455-f9c7d0a06038");
INSERT INTO ChildType (cid, type) VALUES ("e88c8a25-12e8-44a1-9402-de81d37868d6","Document");
INSERT INTO ParentChild (pid, cid) VALUES ("62f51abb-8bb6-4d6c-a3d4-76b29a7541a8","e88c8a25-12e8-44a1-9402-de81d37868d6");
INSERT INTO ChildType (cid, type) VALUES ("ae6f18bf-bcd5-48e1-93e0-eb1fb0a67aee","Document");
INSERT INTO ParentChild (pid, cid) VALUES ("62f51abb-8bb6-4d6c-a3d4-76b29a7541a8","ae6f18bf-bcd5-48e1-93e0-eb1fb0a67aee");
INSERT INTO ChildType (cid, type) VALUES ("23ce55c9-df56-49cc-88b1-e1b875abe996","Document");
INSERT INTO ParentChild (pid, cid) VALUES ("62f51abb-8bb6-4d6c-a3d4-76b29a7541a8","23ce55c9-df56-49cc-88b1-e1b875abe996");
INSERT INTO ChildType (cid, type) VALUES ("fa63fbac-d7af-414d-89f0-2df8667260e8","Document");
INSERT INTO ParentChild (pid, cid) VALUES ("62f51abb-8bb6-4d6c-a3d4-76b29a7541a8","fa63fbac-d7af-414d-89f0-2df8667260e8");
INSERT INTO ChildType (cid, type) VALUES ("153af6a6-6924-42d0-9eb8-10cf66bc913f","Document");
INSERT INTO ParentChild (pid, cid) VALUES ("62f51abb-8bb6-4d6c-a3d4-76b29a7541a8","153af6a6-6924-42d0-9eb8-10cf66bc913f");
INSERT INTO ChildType (cid, type) VALUES ("e694f9ca-8681-4ca3-800a-efa2c973c506","Document");
INSERT INTO ParentChild (pid, cid) VALUES ("62f51abb-8bb6-4d6c-a3d4-76b29a7541a8","e694f9ca-8681-4ca3-800a-efa2c973c506");
INSERT INTO ChildType (cid, type) VALUES ("b42f4c33-c9ff-4968-96ba-e88cefdfa076","Document");
INSERT INTO ParentChild (pid, cid) VALUES ("62f51abb-8bb6-4d6c-a3d4-76b29a7541a8","b42f4c33-c9ff-4968-96ba-e88cefdfa076");
INSERT INTO ChildType (cid, type) VALUES ("60d536a5-12a8-4727-bcb9-b64aac054b70","Document");
INSERT INTO ParentChild (pid, cid) VALUES ("62f51abb-8bb6-4d6c-a3d4-76b29a7541a8","60d536a5-12a8-4727-bcb9-b64aac054b70");
INSERT INTO ChildType (cid, type) VALUES ("d27f2cc2-dab4-4e3d-864e-85e44ca487aa","Document");
INSERT INTO ParentChild (pid, cid) VALUES ("62f51abb-8bb6-4d6c-a3d4-76b29a7541a8","d27f2cc2-dab4-4e3d-864e-85e44ca487aa");
INSERT INTO ChildType (cid, type) VALUES ("2fd7a5f4-51fb-4684-8152-3e6eb2d0627f","Document");
INSERT INTO ParentChild (pid, cid) VALUES ("62f51abb-8bb6-4d6c-a3d4-76b29a7541a8","2fd7a5f4-51fb-4684-8152-3e6eb2d0627f");
INSERT INTO ChildType (cid, type) VALUES ("ef765969-77a2-479b-a899-c8d001f98492","Document");
INSERT INTO ParentChild (pid, cid) VALUES ("62f51abb-8bb6-4d6c-a3d4-76b29a7541a8","ef765969-77a2-479b-a899-c8d001f98492");
INSERT INTO ChildType (cid, type) VALUES ("a85df619-d336-444e-a444-d44c610584e6","Document");
INSERT INTO ParentChild (pid, cid) VALUES ("62f51abb-8bb6-4d6c-a3d4-76b29a7541a8","a85df619-d336-444e-a444-d44c610584e6");
INSERT INTO ChildType (cid, type) VALUES ("9c6407fd-5ad6-48e4-ba73-c114b48db6f9","Document");
INSERT INTO ParentChild (pid, cid) VALUES ("62f51abb-8bb6-4d6c-a3d4-76b29a7541a8","9c6407fd-5ad6-48e4-ba73-c114b48db6f9");
INSERT INTO ChildType (cid, type) VALUES ("caa406b3-2d88-4cd0-a1bb-f28aa3de0278","Document");
INSERT INTO ParentChild (pid, cid) VALUES ("62f51abb-8bb6-4d6c-a3d4-76b29a7541a8","caa406b3-2d88-4cd0-a1bb-f28aa3de0278");
INSERT INTO ChildType (cid, type) VALUES ("b027196e-5805-4987-a233-2bdb11c076c3","Document");
INSERT INTO ParentChild (pid, cid) VALUES ("62f51abb-8bb6-4d6c-a3d4-76b29a7541a8","b027196e-5805-4987-a233-2bdb11c076c3");
INSERT INTO ChildType (cid, type) VALUES ("10de25b1-37dd-4225-95e4-3663ce3dc148","Document");
INSERT INTO ParentChild (pid, cid) VALUES ("62f51abb-8bb6-4d6c-a3d4-76b29a7541a8","10de25b1-37dd-4225-95e4-3663ce3dc148");
INSERT INTO ChildType (cid, type) VALUES ("ff1f9f30-06f2-45ab-98f4-24963b88cf4d","Document");
INSERT INTO ParentChild (pid, cid) VALUES ("62f51abb-8bb6-4d6c-a3d4-76b29a7541a8","ff1f9f30-06f2-45ab-98f4-24963b88cf4d");
INSERT INTO ChildType (cid, type) VALUES ("bd59f0d6-d26f-499b-9e7a-c093e0e2be16","Document");
INSERT INTO ParentChild (pid, cid) VALUES ("62f51abb-8bb6-4d6c-a3d4-76b29a7541a8","bd59f0d6-d26f-499b-9e7a-c093e0e2be16");
INSERT INTO ChildType (cid, type) VALUES ("0044e0b1-eebd-4132-8fa3-842b0b354840","Document");
INSERT INTO ParentChild (pid, cid) VALUES ("62f51abb-8bb6-4d6c-a3d4-76b29a7541a8","0044e0b1-eebd-4132-8fa3-842b0b354840");
INSERT INTO ChildType (cid, type) VALUES ("916e888c-ac84-455d-b8b5-fa3d5442ec45","Document");
INSERT INTO ParentChild (pid, cid) VALUES ("62f51abb-8bb6-4d6c-a3d4-76b29a7541a8","916e888c-ac84-455d-b8b5-fa3d5442ec45");
INSERT INTO ChildType (cid, type) VALUES ("ae128326-75f1-4610-aa79-b5c42278b4ff","Document");
INSERT INTO ParentChild (pid, cid) VALUES ("62f51abb-8bb6-4d6c-a3d4-76b29a7541a8","ae128326-75f1-4610-aa79-b5c42278b4ff");
INSERT INTO ChildType (cid, type) VALUES ("cd544b32-c973-4a3e-82f7-ed6465a99f3c","Document");
INSERT INTO ParentChild (pid, cid) VALUES ("62f51abb-8bb6-4d6c-a3d4-76b29a7541a8","cd544b32-c973-4a3e-82f7-ed6465a99f3c");
INSERT INTO ChildType (cid, type) VALUES ("5977bed5-266c-4e45-9377-35850e987410","Document");
INSERT INTO ParentChild (pid, cid) VALUES ("62f51abb-8bb6-4d6c-a3d4-76b29a7541a8","5977bed5-266c-4e45-9377-35850e987410");
INSERT INTO ChildType (cid, type) VALUES ("ab959020-29f7-46e1-a8b6-5a5bf4fd0134","Document");
INSERT INTO ParentChild (pid, cid) VALUES ("62f51abb-8bb6-4d6c-a3d4-76b29a7541a8","ab959020-29f7-46e1-a8b6-5a5bf4fd0134");
INSERT INTO ChildType (cid, type) VALUES ("e99f084a-9720-4671-aefb-0aa55e2115bb","Document");
INSERT INTO ParentChild (pid, cid) VALUES ("62f51abb-8bb6-4d6c-a3d4-76b29a7541a8","e99f084a-9720-4671-aefb-0aa55e2115bb");
INSERT INTO ChildType (cid, type) VALUES ("4bd8813c-3c7e-49e4-832f-1c0f976fea6b","Document");
INSERT INTO ParentChild (pid, cid) VALUES ("62f51abb-8bb6-4d6c-a3d4-76b29a7541a8","4bd8813c-3c7e-49e4-832f-1c0f976fea6b");
INSERT INTO ChildType (cid, type) VALUES ("922e9387-19b0-48e1-97a8-6cf7e5c0a41e","Document");
INSERT INTO ParentChild (pid, cid) VALUES ("62f51abb-8bb6-4d6c-a3d4-76b29a7541a8","922e9387-19b0-48e1-97a8-6cf7e5c0a41e");
INSERT INTO ChildType (cid, type) VALUES ("448552bb-1fe5-4ec5-9097-fd886aee1a47","Document");
INSERT INTO ParentChild (pid, cid) VALUES ("62f51abb-8bb6-4d6c-a3d4-76b29a7541a8","448552bb-1fe5-4ec5-9097-fd886aee1a47");
INSERT INTO ChildType (cid, type) VALUES ("acbe37ec-cd40-42ad-8e53-78dfb837bb12","Document");
INSERT INTO ParentChild (pid, cid) VALUES ("62f51abb-8bb6-4d6c-a3d4-76b29a7541a8","acbe37ec-cd40-42ad-8e53-78dfb837bb12");
INSERT INTO ChildType (cid, type) VALUES ("fd992c9a-e5d5-42c4-956d-ff90db55397a","Document");
INSERT INTO ParentChild (pid, cid) VALUES ("62f51abb-8bb6-4d6c-a3d4-76b29a7541a8","fd992c9a-e5d5-42c4-956d-ff90db55397a");
INSERT INTO ChildType (cid, type) VALUES ("27cda191-136b-4e8a-9439-d506efc7e3a9","Document");
INSERT INTO ParentChild (pid, cid) VALUES ("62f51abb-8bb6-4d6c-a3d4-76b29a7541a8","27cda191-136b-4e8a-9439-d506efc7e3a9");
INSERT INTO ChildType (cid, type) VALUES ("d2d27a41-e2cf-43e8-a568-9ef69c8a891c","Document");
INSERT INTO ParentChild (pid, cid) VALUES ("62f51abb-8bb6-4d6c-a3d4-76b29a7541a8","d2d27a41-e2cf-43e8-a568-9ef69c8a891c");
INSERT INTO ChildType (cid, type) VALUES ("91ac80cd-ee7f-4b91-b57e-03767f8d4f1a","Document");
INSERT INTO ParentChild (pid, cid) VALUES ("62f51abb-8bb6-4d6c-a3d4-76b29a7541a8","91ac80cd-ee7f-4b91-b57e-03767f8d4f1a");
INSERT INTO ChildType (cid, type) VALUES ("c26dda44-bdb1-4264-960a-e04a3f83c965","Document");
INSERT INTO ParentChild (pid, cid) VALUES ("62f51abb-8bb6-4d6c-a3d4-76b29a7541a8","c26dda44-bdb1-4264-960a-e04a3f83c965");
INSERT INTO ChildType (cid, type) VALUES ("5e238cd6-b53c-4609-86ff-e665139190a3","Document");
INSERT INTO ParentChild (pid, cid) VALUES ("62f51abb-8bb6-4d6c-a3d4-76b29a7541a8","5e238cd6-b53c-4609-86ff-e665139190a3");
INSERT INTO ChildType (cid, type) VALUES ("7fba17d5-af09-4b00-a024-b54d37973149","Document");
INSERT INTO ParentChild (pid, cid) VALUES ("62f51abb-8bb6-4d6c-a3d4-76b29a7541a8","7fba17d5-af09-4b00-a024-b54d37973149");
INSERT INTO ChildType (cid, type) VALUES ("a1054670-3892-437f-a1dc-196df89763a1","Document");
INSERT INTO ParentChild (pid, cid) VALUES ("62f51abb-8bb6-4d6c-a3d4-76b29a7541a8","a1054670-3892-437f-a1dc-196df89763a1");
INSERT INTO ChildType (cid, type) VALUES ("b5ae817a-dea3-4d63-abdd-5f150d75cb49","Document");
INSERT INTO ParentChild (pid, cid) VALUES ("62f51abb-8bb6-4d6c-a3d4-76b29a7541a8","b5ae817a-dea3-4d63-abdd-5f150d75cb49");
INSERT INTO ChildType (cid, type) VALUES ("2de87cb7-92cc-410b-8b95-f9569d6a486f","Document");
INSERT INTO ParentChild (pid, cid) VALUES ("62f51abb-8bb6-4d6c-a3d4-76b29a7541a8","2de87cb7-92cc-410b-8b95-f9569d6a486f");
INSERT INTO ChildType (cid, type) VALUES ("0ae9ef0a-8b7b-498d-87de-d3ca062466af","Document");
INSERT INTO ParentChild (pid, cid) VALUES ("62f51abb-8bb6-4d6c-a3d4-76b29a7541a8","0ae9ef0a-8b7b-498d-87de-d3ca062466af");
INSERT INTO ChildType (cid, type) VALUES ("b6ceb89c-6247-4085-bea0-f8deef3a52c7","Document");
INSERT INTO ParentChild (pid, cid) VALUES ("62f51abb-8bb6-4d6c-a3d4-76b29a7541a8","b6ceb89c-6247-4085-bea0-f8deef3a52c7");
INSERT INTO ChildType (cid, type) VALUES ("010d77d9-5789-4525-aa7d-dca0356c99ce","Document");
INSERT INTO ParentChild (pid, cid) VALUES ("62f51abb-8bb6-4d6c-a3d4-76b29a7541a8","010d77d9-5789-4525-aa7d-dca0356c99ce");
INSERT INTO ChildType (cid, type) VALUES ("6987d304-e4d2-43fc-8a09-0044552bc585","Document");
INSERT INTO ParentChild (pid, cid) VALUES ("62f51abb-8bb6-4d6c-a3d4-76b29a7541a8","6987d304-e4d2-43fc-8a09-0044552bc585");
INSERT INTO ChildType (cid, type) VALUES ("de5ffe8b-d54d-43a4-8f8a-f5c9d8ad2d46","Document");
INSERT INTO ParentChild (pid, cid) VALUES ("62f51abb-8bb6-4d6c-a3d4-76b29a7541a8","de5ffe8b-d54d-43a4-8f8a-f5c9d8ad2d46");
INSERT INTO ChildType (cid, type) VALUES ("1df449be-8316-4a3c-95ff-f374ccb41450","Document");
INSERT INTO ParentChild (pid, cid) VALUES ("62f51abb-8bb6-4d6c-a3d4-76b29a7541a8","1df449be-8316-4a3c-95ff-f374ccb41450");
INSERT INTO ChildType (cid, type) VALUES ("27451cb2-3af6-4f3b-a807-360422fc5778","Document");
INSERT INTO ParentChild (pid, cid) VALUES ("62f51abb-8bb6-4d6c-a3d4-76b29a7541a8","27451cb2-3af6-4f3b-a807-360422fc5778");
INSERT INTO ChildType (cid, type) VALUES ("04b14bcf-712c-4db5-bbbd-9074a214f65f","Document");
INSERT INTO ParentChild (pid, cid) VALUES ("62f51abb-8bb6-4d6c-a3d4-76b29a7541a8","04b14bcf-712c-4db5-bbbd-9074a214f65f");
INSERT INTO ChildType (cid, type) VALUES ("fe43acb9-9322-42f7-ac3e-11e0f40f4445","Document");
INSERT INTO ParentChild (pid, cid) VALUES ("62f51abb-8bb6-4d6c-a3d4-76b29a7541a8","fe43acb9-9322-42f7-ac3e-11e0f40f4445");
INSERT INTO ChildType (cid, type) VALUES ("553a085d-7a2c-47ff-afc2-857008d67603","Document");
INSERT INTO ParentChild (pid, cid) VALUES ("62f51abb-8bb6-4d6c-a3d4-76b29a7541a8","553a085d-7a2c-47ff-afc2-857008d67603");
INSERT INTO ChildType (cid, type) VALUES ("f16d8995-b455-4497-b3bf-3edcd83668dd","Document");
INSERT INTO ParentChild (pid, cid) VALUES ("62f51abb-8bb6-4d6c-a3d4-76b29a7541a8","f16d8995-b455-4497-b3bf-3edcd83668dd");
INSERT INTO ChildType (cid, type) VALUES ("ed98b936-745d-4d44-9c32-4146803413b4","Document");
INSERT INTO ParentChild (pid, cid) VALUES ("62f51abb-8bb6-4d6c-a3d4-76b29a7541a8","ed98b936-745d-4d44-9c32-4146803413b4");
INSERT INTO ChildType (cid, type) VALUES ("7eb4bdb6-8e03-47c2-af4a-13db13213b75","Document");
INSERT INTO ParentChild (pid, cid) VALUES ("62f51abb-8bb6-4d6c-a3d4-76b29a7541a8","7eb4bdb6-8e03-47c2-af4a-13db13213b75");
INSERT INTO ChildType (cid, type) VALUES ("be545f41-26e2-45a8-b1a4-2a6ce31ce8f5","Document");
INSERT INTO ParentChild (pid, cid) VALUES ("62f51abb-8bb6-4d6c-a3d4-76b29a7541a8","be545f41-26e2-45a8-b1a4-2a6ce31ce8f5");
INSERT INTO ChildType (cid, type) VALUES ("059d72bd-4b82-4dff-ad2e-9939a249b44b","Document");
INSERT INTO ParentChild (pid, cid) VALUES ("62f51abb-8bb6-4d6c-a3d4-76b29a7541a8","059d72bd-4b82-4dff-ad2e-9939a249b44b");
INSERT INTO ChildType (cid, type) VALUES ("c93b3636-c360-4b18-b006-f0bade667fbe","Document");
INSERT INTO ParentChild (pid, cid) VALUES ("62f51abb-8bb6-4d6c-a3d4-76b29a7541a8","c93b3636-c360-4b18-b006-f0bade667fbe");
INSERT INTO ChildType (cid, type) VALUES ("fbe55b00-1b81-4a3c-b494-26205a2d1ce8","Document");
INSERT INTO ParentChild (pid, cid) VALUES ("62f51abb-8bb6-4d6c-a3d4-76b29a7541a8","fbe55b00-1b81-4a3c-b494-26205a2d1ce8");
INSERT INTO ChildType (cid, type) VALUES ("b26737b2-0a1b-4928-bb75-01c5218f709f","Document");
INSERT INTO ParentChild (pid, cid) VALUES ("62f51abb-8bb6-4d6c-a3d4-76b29a7541a8","b26737b2-0a1b-4928-bb75-01c5218f709f");
INSERT INTO ChildType (cid, type) VALUES ("4f4557a8-ac0f-4e43-b5a5-8c32bc5db9a0","Document");
INSERT INTO ParentChild (pid, cid) VALUES ("62f51abb-8bb6-4d6c-a3d4-76b29a7541a8","4f4557a8-ac0f-4e43-b5a5-8c32bc5db9a0");
INSERT INTO ChildType (cid, type) VALUES ("6ffc1e1e-c210-400b-9ed3-58b1e1e3c04a","Document");
INSERT INTO ParentChild (pid, cid) VALUES ("62f51abb-8bb6-4d6c-a3d4-76b29a7541a8","6ffc1e1e-c210-400b-9ed3-58b1e1e3c04a");
INSERT INTO ChildType (cid, type) VALUES ("2e901806-b1f7-402a-835c-8b014acc65d6","Document");
INSERT INTO ParentChild (pid, cid) VALUES ("62f51abb-8bb6-4d6c-a3d4-76b29a7541a8","2e901806-b1f7-402a-835c-8b014acc65d6");
INSERT INTO ChildType (cid, type) VALUES ("d24c80dc-1037-4ac2-a6bb-b9daf8a858e2","Document");
INSERT INTO ParentChild (pid, cid) VALUES ("62f51abb-8bb6-4d6c-a3d4-76b29a7541a8","d24c80dc-1037-4ac2-a6bb-b9daf8a858e2");
INSERT INTO ChildType (cid, type) VALUES ("735b0ca4-a300-44ef-9e6b-faa9658a9d2d","Document");
INSERT INTO ParentChild (pid, cid) VALUES ("62f51abb-8bb6-4d6c-a3d4-76b29a7541a8","735b0ca4-a300-44ef-9e6b-faa9658a9d2d");
INSERT INTO ChildType (cid, type) VALUES ("1dbbbfa1-f26b-4e59-a323-383076065757","Document");
INSERT INTO ParentChild (pid, cid) VALUES ("62f51abb-8bb6-4d6c-a3d4-76b29a7541a8","1dbbbfa1-f26b-4e59-a323-383076065757");
INSERT INTO ChildType (cid, type) VALUES ("f441106d-fcb3-4f18-b6c8-b1257d5d9722","Document");
INSERT INTO ParentChild (pid, cid) VALUES ("62f51abb-8bb6-4d6c-a3d4-76b29a7541a8","f441106d-fcb3-4f18-b6c8-b1257d5d9722");
INSERT INTO ChildType (cid, type) VALUES ("9c325b0b-778b-49fa-ac3e-86adfd7a8f58","Document");
INSERT INTO ParentChild (pid, cid) VALUES ("62f51abb-8bb6-4d6c-a3d4-76b29a7541a8","9c325b0b-778b-49fa-ac3e-86adfd7a8f58");
INSERT INTO ChildType (cid, type) VALUES ("5aafa8a6-d03b-4ddb-bd34-10d1c90f56ec","Document");
INSERT INTO ParentChild (pid, cid) VALUES ("62f51abb-8bb6-4d6c-a3d4-76b29a7541a8","5aafa8a6-d03b-4ddb-bd34-10d1c90f56ec");
INSERT INTO ChildType (cid, type) VALUES ("228b3454-2fdb-4ce7-bd5b-043a81457942","Document");
INSERT INTO ParentChild (pid, cid) VALUES ("62f51abb-8bb6-4d6c-a3d4-76b29a7541a8","228b3454-2fdb-4ce7-bd5b-043a81457942");
INSERT INTO ChildType (cid, type) VALUES ("d602d6bd-ec32-4762-a945-a8fa8ea9e823","Document");
INSERT INTO ParentChild (pid, cid) VALUES ("62f51abb-8bb6-4d6c-a3d4-76b29a7541a8","d602d6bd-ec32-4762-a945-a8fa8ea9e823");
INSERT INTO ChildType (cid, type) VALUES ("f9d076ff-3d91-476e-a0ac-d4f8acbbaffc","Document");
INSERT INTO ParentChild (pid, cid) VALUES ("62f51abb-8bb6-4d6c-a3d4-76b29a7541a8","f9d076ff-3d91-476e-a0ac-d4f8acbbaffc");
INSERT INTO ChildType (cid, type) VALUES ("9db88943-f6d5-4bc9-821b-26f8d6a68f2f","Document");
INSERT INTO ParentChild (pid, cid) VALUES ("62f51abb-8bb6-4d6c-a3d4-76b29a7541a8","9db88943-f6d5-4bc9-821b-26f8d6a68f2f");
INSERT INTO ChildType (cid, type) VALUES ("8c964375-5be9-4d18-ba5f-80cf670fb441","Document");
INSERT INTO ParentChild (pid, cid) VALUES ("62f51abb-8bb6-4d6c-a3d4-76b29a7541a8","8c964375-5be9-4d18-ba5f-80cf670fb441");
INSERT INTO ChildType (cid, type) VALUES ("c9cdd160-e562-4348-a03d-f21cce0d8d54","Document");
INSERT INTO ParentChild (pid, cid) VALUES ("62f51abb-8bb6-4d6c-a3d4-76b29a7541a8","c9cdd160-e562-4348-a03d-f21cce0d8d54");
INSERT INTO ChildType (cid, type) VALUES ("f4d962f1-6356-408c-9d2d-dd9bc0bd69f9","Document");
INSERT INTO ParentChild (pid, cid) VALUES ("62f51abb-8bb6-4d6c-a3d4-76b29a7541a8","f4d962f1-6356-408c-9d2d-dd9bc0bd69f9");
INSERT INTO ChildType (cid, type) VALUES ("edba9f42-bb50-4a58-960b-67ad866b47a8","Document");
INSERT INTO ParentChild (pid, cid) VALUES ("62f51abb-8bb6-4d6c-a3d4-76b29a7541a8","edba9f42-bb50-4a58-960b-67ad866b47a8");
INSERT INTO ChildType (cid, type) VALUES ("104f3455-26ef-43bf-a51d-eedbe56da65e","Document");
INSERT INTO ParentChild (pid, cid) VALUES ("62f51abb-8bb6-4d6c-a3d4-76b29a7541a8","104f3455-26ef-43bf-a51d-eedbe56da65e");
INSERT INTO ChildType (cid, type) VALUES ("beae4b08-3730-406e-bc24-81cc1062d706","Document");
INSERT INTO ParentChild (pid, cid) VALUES ("62f51abb-8bb6-4d6c-a3d4-76b29a7541a8","beae4b08-3730-406e-bc24-81cc1062d706");
INSERT INTO ChildType (cid, type) VALUES ("e89ac864-6ea4-492c-8d90-7f4f21b3535b","Document");
INSERT INTO ParentChild (pid, cid) VALUES ("62f51abb-8bb6-4d6c-a3d4-76b29a7541a8","e89ac864-6ea4-492c-8d90-7f4f21b3535b");
INSERT INTO ChildType (cid, type) VALUES ("fa5639cf-3184-48d5-873f-3d162a6b19ab","Document");
INSERT INTO ParentChild (pid, cid) VALUES ("62f51abb-8bb6-4d6c-a3d4-76b29a7541a8","fa5639cf-3184-48d5-873f-3d162a6b19ab");
INSERT INTO ChildType (cid, type) VALUES ("824f69c4-e0ce-4664-aa0a-e4368dc3fd3a","Document");
INSERT INTO ParentChild (pid, cid) VALUES ("62f51abb-8bb6-4d6c-a3d4-76b29a7541a8","824f69c4-e0ce-4664-aa0a-e4368dc3fd3a");
INSERT INTO ChildType (cid, type) VALUES ("acb0b336-9ec9-490e-bf01-ea8d1327ee36","Document");
INSERT INTO ParentChild (pid, cid) VALUES ("62f51abb-8bb6-4d6c-a3d4-76b29a7541a8","acb0b336-9ec9-490e-bf01-ea8d1327ee36");
INSERT INTO ChildType (cid, type) VALUES ("fdb51a29-fd06-40f3-870b-41b20d77ef9a","Document");
INSERT INTO ParentChild (pid, cid) VALUES ("62f51abb-8bb6-4d6c-a3d4-76b29a7541a8","fdb51a29-fd06-40f3-870b-41b20d77ef9a");
INSERT INTO ChildType (cid, type) VALUES ("99e4cea1-d0a0-4d52-84d2-59f6e3780e78","Document");
INSERT INTO ParentChild (pid, cid) VALUES ("62f51abb-8bb6-4d6c-a3d4-76b29a7541a8","99e4cea1-d0a0-4d52-84d2-59f6e3780e78");
INSERT INTO ChildType (cid, type) VALUES ("65ca298d-41b3-4950-b735-51735a66f6df","Document");
INSERT INTO ParentChild (pid, cid) VALUES ("62f51abb-8bb6-4d6c-a3d4-76b29a7541a8","65ca298d-41b3-4950-b735-51735a66f6df");
INSERT INTO ChildType (cid, type) VALUES ("0fa188ad-fe6b-4c47-984d-fa32b7474d3a","Document");
INSERT INTO ParentChild (pid, cid) VALUES ("62f51abb-8bb6-4d6c-a3d4-76b29a7541a8","0fa188ad-fe6b-4c47-984d-fa32b7474d3a");
INSERT INTO ChildType (cid, type) VALUES ("1a189a98-c0bd-47f6-8e81-4c8a57fac28d","Document");
INSERT INTO ParentChild (pid, cid) VALUES ("62f51abb-8bb6-4d6c-a3d4-76b29a7541a8","1a189a98-c0bd-47f6-8e81-4c8a57fac28d");
INSERT INTO ChildType (cid, type) VALUES ("b62f005e-fb0d-4b48-84c2-c336dd9ddf87","Document");
INSERT INTO ParentChild (pid, cid) VALUES ("62f51abb-8bb6-4d6c-a3d4-76b29a7541a8","b62f005e-fb0d-4b48-84c2-c336dd9ddf87");
INSERT INTO ChildType (cid, type) VALUES ("a0b1a0ce-9974-4502-b7e1-ceac3e60ff60","Document");
INSERT INTO ParentChild (pid, cid) VALUES ("62f51abb-8bb6-4d6c-a3d4-76b29a7541a8","a0b1a0ce-9974-4502-b7e1-ceac3e60ff60");
INSERT INTO ChildType (cid, type) VALUES ("898ab75e-ac82-48c2-b808-a61a0f2d1f77","Document");
INSERT INTO ParentChild (pid, cid) VALUES ("62f51abb-8bb6-4d6c-a3d4-76b29a7541a8","898ab75e-ac82-48c2-b808-a61a0f2d1f77");
INSERT INTO ChildType (cid, type) VALUES ("c8cc4e25-370f-4b7f-bc06-71c60dc50bb3","Document");
INSERT INTO ParentChild (pid, cid) VALUES ("62f51abb-8bb6-4d6c-a3d4-76b29a7541a8","c8cc4e25-370f-4b7f-bc06-71c60dc50bb3");
INSERT INTO ChildType (cid, type) VALUES ("fe14ae78-8cd8-481a-8ba9-d3cbe54d085d","Document");
INSERT INTO ParentChild (pid, cid) VALUES ("62f51abb-8bb6-4d6c-a3d4-76b29a7541a8","fe14ae78-8cd8-481a-8ba9-d3cbe54d085d");
INSERT INTO ChildType (cid, type) VALUES ("2913ce1e-941f-464b-b329-ec05ae5b19a3","Document");
INSERT INTO ParentChild (pid, cid) VALUES ("62f51abb-8bb6-4d6c-a3d4-76b29a7541a8","2913ce1e-941f-464b-b329-ec05ae5b19a3");
INSERT INTO ChildType (cid, type) VALUES ("185bdbc0-955e-49f8-aa62-6cabdb13595d","Document");
INSERT INTO ParentChild (pid, cid) VALUES ("62f51abb-8bb6-4d6c-a3d4-76b29a7541a8","185bdbc0-955e-49f8-aa62-6cabdb13595d");
INSERT INTO ChildType (cid, type) VALUES ("da560c87-4431-4cb0-a37f-d37169752bf7","Document");
INSERT INTO ParentChild (pid, cid) VALUES ("62f51abb-8bb6-4d6c-a3d4-76b29a7541a8","da560c87-4431-4cb0-a37f-d37169752bf7");
INSERT INTO ChildType (cid, type) VALUES ("e1b59721-f445-48aa-b2e6-a95f216795ea","Document");
INSERT INTO ParentChild (pid, cid) VALUES ("62f51abb-8bb6-4d6c-a3d4-76b29a7541a8","e1b59721-f445-48aa-b2e6-a95f216795ea");
INSERT INTO ChildType (cid, type) VALUES ("9ab9e3a5-eff7-414c-b3d8-8300101bf74c","Document");
INSERT INTO ParentChild (pid, cid) VALUES ("62f51abb-8bb6-4d6c-a3d4-76b29a7541a8","9ab9e3a5-eff7-414c-b3d8-8300101bf74c");
INSERT INTO ChildType (cid, type) VALUES ("5e779090-09b2-4bd1-ab99-ca1bda98f6f0","Document");
INSERT INTO ParentChild (pid, cid) VALUES ("62f51abb-8bb6-4d6c-a3d4-76b29a7541a8","5e779090-09b2-4bd1-ab99-ca1bda98f6f0");
INSERT INTO ChildType (cid, type) VALUES ("84dad967-191a-4355-8553-c361a45bfbaf","Document");
INSERT INTO ParentChild (pid, cid) VALUES ("62f51abb-8bb6-4d6c-a3d4-76b29a7541a8","84dad967-191a-4355-8553-c361a45bfbaf");
INSERT INTO ChildType (cid, type) VALUES ("483e2a0e-382e-4678-9f8e-123b01dee404","Document");
INSERT INTO ParentChild (pid, cid) VALUES ("62f51abb-8bb6-4d6c-a3d4-76b29a7541a8","483e2a0e-382e-4678-9f8e-123b01dee404");
INSERT INTO ChildType (cid, type) VALUES ("37ce274d-6b0d-44fd-90b9-a9e53324e4c0","Document");
INSERT INTO ParentChild (pid, cid) VALUES ("62f51abb-8bb6-4d6c-a3d4-76b29a7541a8","37ce274d-6b0d-44fd-90b9-a9e53324e4c0");
INSERT INTO ChildType (cid, type) VALUES ("dc87048d-22f1-4cd6-8930-24f0f9dc277e","Document");
INSERT INTO ParentChild (pid, cid) VALUES ("62f51abb-8bb6-4d6c-a3d4-76b29a7541a8","dc87048d-22f1-4cd6-8930-24f0f9dc277e");
INSERT INTO ChildType (cid, type) VALUES ("be0f55f6-8131-4a44-950a-e6aa4ae503e5","Document");
INSERT INTO ParentChild (pid, cid) VALUES ("62f51abb-8bb6-4d6c-a3d4-76b29a7541a8","be0f55f6-8131-4a44-950a-e6aa4ae503e5");
INSERT INTO ChildType (cid, type) VALUES ("ac2fa4c5-14f5-45e5-ae69-43fe0720f488","Document");
INSERT INTO ParentChild (pid, cid) VALUES ("62f51abb-8bb6-4d6c-a3d4-76b29a7541a8","ac2fa4c5-14f5-45e5-ae69-43fe0720f488");
INSERT INTO ChildType (cid, type) VALUES ("ec88ced1-0e87-4f6c-9fc5-6f0baea21540","Document");
INSERT INTO ParentChild (pid, cid) VALUES ("62f51abb-8bb6-4d6c-a3d4-76b29a7541a8","ec88ced1-0e87-4f6c-9fc5-6f0baea21540");
INSERT INTO ChildType (cid, type) VALUES ("7ff5ba88-d87b-4438-b59e-3f2b816914b2","Document");
INSERT INTO ParentChild (pid, cid) VALUES ("62f51abb-8bb6-4d6c-a3d4-76b29a7541a8","7ff5ba88-d87b-4438-b59e-3f2b816914b2");
INSERT INTO ChildType (cid, type) VALUES ("b8c8a28b-7e77-4b41-9ed9-dbe58ac7f0a8","Document");
INSERT INTO ParentChild (pid, cid) VALUES ("62f51abb-8bb6-4d6c-a3d4-76b29a7541a8","b8c8a28b-7e77-4b41-9ed9-dbe58ac7f0a8");
INSERT INTO ChildType (cid, type) VALUES ("f12c6dde-9e64-4a7b-a9d1-c13bf53a1f6b","Document");
INSERT INTO ParentChild (pid, cid) VALUES ("62f51abb-8bb6-4d6c-a3d4-76b29a7541a8","f12c6dde-9e64-4a7b-a9d1-c13bf53a1f6b");
INSERT INTO ChildType (cid, type) VALUES ("05378028-dc1a-41e9-b925-df2bfbb979f9","Document");
INSERT INTO ParentChild (pid, cid) VALUES ("62f51abb-8bb6-4d6c-a3d4-76b29a7541a8","05378028-dc1a-41e9-b925-df2bfbb979f9");
INSERT INTO ChildType (cid, type) VALUES ("a4df7aeb-9f8a-478e-8d38-4ca2e2a4e161","Document");
INSERT INTO ParentChild (pid, cid) VALUES ("62f51abb-8bb6-4d6c-a3d4-76b29a7541a8","a4df7aeb-9f8a-478e-8d38-4ca2e2a4e161");
INSERT INTO ChildType (cid, type) VALUES ("b95bb85b-809f-4cd0-97ca-6c2ae207e4d4","Document");
INSERT INTO ParentChild (pid, cid) VALUES ("62f51abb-8bb6-4d6c-a3d4-76b29a7541a8","b95bb85b-809f-4cd0-97ca-6c2ae207e4d4");
INSERT INTO ChildType (cid, type) VALUES ("cd220362-b0e0-491e-a6d0-3e71edb1de07","Document");
INSERT INTO ParentChild (pid, cid) VALUES ("62f51abb-8bb6-4d6c-a3d4-76b29a7541a8","cd220362-b0e0-491e-a6d0-3e71edb1de07");
INSERT INTO ChildType (cid, type) VALUES ("6235f037-7e78-4442-be66-2682d4299b5c","Document");
INSERT INTO ParentChild (pid, cid) VALUES ("62f51abb-8bb6-4d6c-a3d4-76b29a7541a8","6235f037-7e78-4442-be66-2682d4299b5c");
INSERT INTO ChildType (cid, type) VALUES ("ad3aa7cc-fb61-45c3-b804-2b6dfcee5d33","Document");
INSERT INTO ParentChild (pid, cid) VALUES ("62f51abb-8bb6-4d6c-a3d4-76b29a7541a8","ad3aa7cc-fb61-45c3-b804-2b6dfcee5d33");
INSERT INTO ChildType (cid, type) VALUES ("2581a573-67ad-4ad7-9949-714c33293d49","Document");
INSERT INTO ParentChild (pid, cid) VALUES ("62f51abb-8bb6-4d6c-a3d4-76b29a7541a8","2581a573-67ad-4ad7-9949-714c33293d49");
INSERT INTO ChildType (cid, type) VALUES ("bf5eeead-c503-45cf-acbf-c1cfc2dcb4ae","Document");
INSERT INTO ParentChild (pid, cid) VALUES ("62f51abb-8bb6-4d6c-a3d4-76b29a7541a8","bf5eeead-c503-45cf-acbf-c1cfc2dcb4ae");
INSERT INTO ChildType (cid, type) VALUES ("3fa23f26-bad8-4ec3-a40f-34f636256a4a","Document");
INSERT INTO ParentChild (pid, cid) VALUES ("62f51abb-8bb6-4d6c-a3d4-76b29a7541a8","3fa23f26-bad8-4ec3-a40f-34f636256a4a");
INSERT INTO ChildType (cid, type) VALUES ("51816863-22d9-46c9-b93f-eddd2fd3ae18","Document");
INSERT INTO ParentChild (pid, cid) VALUES ("62f51abb-8bb6-4d6c-a3d4-76b29a7541a8","51816863-22d9-46c9-b93f-eddd2fd3ae18");
INSERT INTO ChildType (cid, type) VALUES ("5b86b7f6-f847-42c4-a9a7-d2cd241ed252","Document");
INSERT INTO ParentChild (pid, cid) VALUES ("62f51abb-8bb6-4d6c-a3d4-76b29a7541a8","5b86b7f6-f847-42c4-a9a7-d2cd241ed252");
INSERT INTO ChildType (cid, type) VALUES ("87c06cc1-3202-46e9-bff4-0c801540f565","Document");
INSERT INTO ParentChild (pid, cid) VALUES ("62f51abb-8bb6-4d6c-a3d4-76b29a7541a8","87c06cc1-3202-46e9-bff4-0c801540f565");
INSERT INTO ChildType (cid, type) VALUES ("5a83e134-7ad8-416c-b724-362dd4ffc9bf","Document");
INSERT INTO ParentChild (pid, cid) VALUES ("62f51abb-8bb6-4d6c-a3d4-76b29a7541a8","5a83e134-7ad8-416c-b724-362dd4ffc9bf");
INSERT INTO ChildType (cid, type) VALUES ("48095eaf-9266-4f0f-b648-c15246f7bc1d","Document");
INSERT INTO ParentChild (pid, cid) VALUES ("62f51abb-8bb6-4d6c-a3d4-76b29a7541a8","48095eaf-9266-4f0f-b648-c15246f7bc1d");
INSERT INTO ChildType (cid, type) VALUES ("c40f0302-eeb9-4acb-bece-e06a68e373b7","Document");
INSERT INTO ParentChild (pid, cid) VALUES ("62f51abb-8bb6-4d6c-a3d4-76b29a7541a8","c40f0302-eeb9-4acb-bece-e06a68e373b7");
INSERT INTO ChildType (cid, type) VALUES ("89d2263c-3e86-4740-a1e8-5c65104bd375","Document");
INSERT INTO ParentChild (pid, cid) VALUES ("62f51abb-8bb6-4d6c-a3d4-76b29a7541a8","89d2263c-3e86-4740-a1e8-5c65104bd375");
INSERT INTO ChildType (cid, type) VALUES ("df953c34-c011-44ad-8117-09420213ee42","Document");
INSERT INTO ParentChild (pid, cid) VALUES ("62f51abb-8bb6-4d6c-a3d4-76b29a7541a8","df953c34-c011-44ad-8117-09420213ee42");
INSERT INTO ChildType (cid, type) VALUES ("fac1e431-4d6d-4d46-9374-b31513cfa1ba","Document");
INSERT INTO ParentChild (pid, cid) VALUES ("62f51abb-8bb6-4d6c-a3d4-76b29a7541a8","fac1e431-4d6d-4d46-9374-b31513cfa1ba");
INSERT INTO ChildType (cid, type) VALUES ("a025abfd-89f3-401b-8c90-0187b423338b","Document");
INSERT INTO ParentChild (pid, cid) VALUES ("62f51abb-8bb6-4d6c-a3d4-76b29a7541a8","a025abfd-89f3-401b-8c90-0187b423338b");
INSERT INTO ChildType (cid, type) VALUES ("0adaaa7e-9201-4a12-ae76-72d7cc5f7314","Document");
INSERT INTO ParentChild (pid, cid) VALUES ("62f51abb-8bb6-4d6c-a3d4-76b29a7541a8","0adaaa7e-9201-4a12-ae76-72d7cc5f7314");
INSERT INTO ChildType (cid, type) VALUES ("16426753-e6d7-4fa6-9f4c-9b7dd06b7e52","Document");
INSERT INTO ParentChild (pid, cid) VALUES ("62f51abb-8bb6-4d6c-a3d4-76b29a7541a8","16426753-e6d7-4fa6-9f4c-9b7dd06b7e52");
INSERT INTO ChildType (cid, type) VALUES ("e3b9f1c8-168d-4dc9-ab34-386bc29b011f","Document");
INSERT INTO ParentChild (pid, cid) VALUES ("62f51abb-8bb6-4d6c-a3d4-76b29a7541a8","e3b9f1c8-168d-4dc9-ab34-386bc29b011f");
INSERT INTO ChildType (cid, type) VALUES ("cc0cb4d1-1a01-4695-97cf-f14c0d21766b","Document");
INSERT INTO ParentChild (pid, cid) VALUES ("62f51abb-8bb6-4d6c-a3d4-76b29a7541a8","cc0cb4d1-1a01-4695-97cf-f14c0d21766b");
INSERT INTO ChildType (cid, type) VALUES ("c484717a-e2f8-48d1-9e2d-f50a5b580f04","Document");
INSERT INTO ParentChild (pid, cid) VALUES ("62f51abb-8bb6-4d6c-a3d4-76b29a7541a8","c484717a-e2f8-48d1-9e2d-f50a5b580f04");
INSERT INTO ChildType (cid, type) VALUES ("87d32557-4be3-4998-aee1-808dd81193a1","Document");
INSERT INTO ParentChild (pid, cid) VALUES ("62f51abb-8bb6-4d6c-a3d4-76b29a7541a8","87d32557-4be3-4998-aee1-808dd81193a1");
INSERT INTO ChildType (cid, type) VALUES ("4beedc56-a042-4cfb-8a46-ef818a1b399f","Document");
INSERT INTO ParentChild (pid, cid) VALUES ("62f51abb-8bb6-4d6c-a3d4-76b29a7541a8","4beedc56-a042-4cfb-8a46-ef818a1b399f");
INSERT INTO ChildType (cid, type) VALUES ("c62fd637-89fb-4052-ae9d-f14e4089d4f6","Document");
INSERT INTO ParentChild (pid, cid) VALUES ("62f51abb-8bb6-4d6c-a3d4-76b29a7541a8","c62fd637-89fb-4052-ae9d-f14e4089d4f6");
INSERT INTO ChildType (cid, type) VALUES ("6f0ea1f9-ef02-46ae-970c-a2dcd4b2daa1","Document");
INSERT INTO ParentChild (pid, cid) VALUES ("62f51abb-8bb6-4d6c-a3d4-76b29a7541a8","6f0ea1f9-ef02-46ae-970c-a2dcd4b2daa1");
INSERT INTO ChildType (cid, type) VALUES ("8c3bb889-b0a5-440e-8222-7666c24f88ff","Document");
INSERT INTO ParentChild (pid, cid) VALUES ("62f51abb-8bb6-4d6c-a3d4-76b29a7541a8","8c3bb889-b0a5-440e-8222-7666c24f88ff");
INSERT INTO ChildType (cid, type) VALUES ("e659ed6d-d437-4b30-bd50-4c604634a577","Document");
INSERT INTO ParentChild (pid, cid) VALUES ("62f51abb-8bb6-4d6c-a3d4-76b29a7541a8","e659ed6d-d437-4b30-bd50-4c604634a577");
INSERT INTO ChildType (cid, type) VALUES ("90ba843e-dfb4-493a-9594-84e576d80c44","Document");
INSERT INTO ParentChild (pid, cid) VALUES ("62f51abb-8bb6-4d6c-a3d4-76b29a7541a8","90ba843e-dfb4-493a-9594-84e576d80c44");
INSERT INTO ChildType (cid, type) VALUES ("1b21bd2e-507f-4f54-90b9-1ec621fa64f9","Document");
INSERT INTO ParentChild (pid, cid) VALUES ("62f51abb-8bb6-4d6c-a3d4-76b29a7541a8","1b21bd2e-507f-4f54-90b9-1ec621fa64f9");
INSERT INTO ChildType (cid, type) VALUES ("6427d57a-389e-439d-80f0-2481234eb65c","Document");
INSERT INTO ParentChild (pid, cid) VALUES ("62f51abb-8bb6-4d6c-a3d4-76b29a7541a8","6427d57a-389e-439d-80f0-2481234eb65c");
INSERT INTO ChildType (cid, type) VALUES ("0ee134bf-0e48-498f-a37e-366c4d73c2c4","Document");
INSERT INTO ParentChild (pid, cid) VALUES ("62f51abb-8bb6-4d6c-a3d4-76b29a7541a8","0ee134bf-0e48-498f-a37e-366c4d73c2c4");
INSERT INTO ChildType (cid, type) VALUES ("3368a341-2c61-4b56-b9c6-636d03b2a16d","Document");
INSERT INTO ParentChild (pid, cid) VALUES ("62f51abb-8bb6-4d6c-a3d4-76b29a7541a8","3368a341-2c61-4b56-b9c6-636d03b2a16d");
INSERT INTO ChildType (cid, type) VALUES ("e1908c9e-349e-42fa-a00d-680f67d5f6c1","Document");
INSERT INTO ParentChild (pid, cid) VALUES ("62f51abb-8bb6-4d6c-a3d4-76b29a7541a8","e1908c9e-349e-42fa-a00d-680f67d5f6c1");
INSERT INTO ChildType (cid, type) VALUES ("eaf18841-f998-4bc5-82bd-c6327e922c2c","Document");
INSERT INTO ParentChild (pid, cid) VALUES ("62f51abb-8bb6-4d6c-a3d4-76b29a7541a8","eaf18841-f998-4bc5-82bd-c6327e922c2c");
INSERT INTO ChildType (cid, type) VALUES ("3ee5097d-a9b2-489e-b924-e84feab58ff5","Document");
INSERT INTO ParentChild (pid, cid) VALUES ("62f51abb-8bb6-4d6c-a3d4-76b29a7541a8","3ee5097d-a9b2-489e-b924-e84feab58ff5");
INSERT INTO ChildType (cid, type) VALUES ("7de5f6e3-04e8-4c1c-b1bc-6fc381ec2e03","Document");
INSERT INTO ParentChild (pid, cid) VALUES ("62f51abb-8bb6-4d6c-a3d4-76b29a7541a8","7de5f6e3-04e8-4c1c-b1bc-6fc381ec2e03");
INSERT INTO ChildType (cid, type) VALUES ("cce094ad-e43e-4060-9893-b6fc7a5ab13e","Document");
INSERT INTO ParentChild (pid, cid) VALUES ("62f51abb-8bb6-4d6c-a3d4-76b29a7541a8","cce094ad-e43e-4060-9893-b6fc7a5ab13e");
INSERT INTO ChildType (cid, type) VALUES ("e4864243-0b61-444e-a342-0c417af395bb","Document");
INSERT INTO ParentChild (pid, cid) VALUES ("62f51abb-8bb6-4d6c-a3d4-76b29a7541a8","e4864243-0b61-444e-a342-0c417af395bb");
INSERT INTO ChildType (cid, type) VALUES ("190fcba2-e853-4312-94c7-354c37f43b86","Document");
INSERT INTO ParentChild (pid, cid) VALUES ("62f51abb-8bb6-4d6c-a3d4-76b29a7541a8","190fcba2-e853-4312-94c7-354c37f43b86");
INSERT INTO ChildType (cid, type) VALUES ("f8717d07-5a9c-4cb7-9d5b-989eee55440d","Document");
INSERT INTO ParentChild (pid, cid) VALUES ("62f51abb-8bb6-4d6c-a3d4-76b29a7541a8","f8717d07-5a9c-4cb7-9d5b-989eee55440d");
INSERT INTO ChildType (cid, type) VALUES ("31419d0f-d5b7-4b29-a7ca-11162ff41591","Document");
INSERT INTO ParentChild (pid, cid) VALUES ("62f51abb-8bb6-4d6c-a3d4-76b29a7541a8","31419d0f-d5b7-4b29-a7ca-11162ff41591");
INSERT INTO ChildType (cid, type) VALUES ("42afb701-9f8a-4682-b0c1-5dc5ae052b78","Document");
INSERT INTO ParentChild (pid, cid) VALUES ("62f51abb-8bb6-4d6c-a3d4-76b29a7541a8","42afb701-9f8a-4682-b0c1-5dc5ae052b78");
INSERT INTO ChildType (cid, type) VALUES ("43489aac-6b6d-4cca-9128-99b44bafd416","Document");
INSERT INTO ParentChild (pid, cid) VALUES ("62f51abb-8bb6-4d6c-a3d4-76b29a7541a8","43489aac-6b6d-4cca-9128-99b44bafd416");
INSERT INTO ChildType (cid, type) VALUES ("670553f9-9114-4425-8ddb-73e6eeb893d5","Document");
INSERT INTO ParentChild (pid, cid) VALUES ("62f51abb-8bb6-4d6c-a3d4-76b29a7541a8","670553f9-9114-4425-8ddb-73e6eeb893d5");
INSERT INTO ChildType (cid, type) VALUES ("ffee459e-b014-4b1d-8e54-66648eab7c0e","Document");
INSERT INTO ParentChild (pid, cid) VALUES ("62f51abb-8bb6-4d6c-a3d4-76b29a7541a8","ffee459e-b014-4b1d-8e54-66648eab7c0e");
INSERT INTO ChildType (cid, type) VALUES ("43d03943-5467-4ef0-a2a6-2982248b1e54","Document");
INSERT INTO ParentChild (pid, cid) VALUES ("62f51abb-8bb6-4d6c-a3d4-76b29a7541a8","43d03943-5467-4ef0-a2a6-2982248b1e54");
INSERT INTO ChildType (cid, type) VALUES ("1ca24b84-38ba-45ed-af40-3a81501ddf96","Document");
INSERT INTO ParentChild (pid, cid) VALUES ("62f51abb-8bb6-4d6c-a3d4-76b29a7541a8","1ca24b84-38ba-45ed-af40-3a81501ddf96");
INSERT INTO ChildType (cid, type) VALUES ("ee39ca70-80e3-4e6e-939f-d552d92814e5","Document");
INSERT INTO ParentChild (pid, cid) VALUES ("62f51abb-8bb6-4d6c-a3d4-76b29a7541a8","ee39ca70-80e3-4e6e-939f-d552d92814e5");
INSERT INTO ChildType (cid, type) VALUES ("23fc5e81-509f-4f7d-ac17-69a97feb87b9","Document");
INSERT INTO ParentChild (pid, cid) VALUES ("62f51abb-8bb6-4d6c-a3d4-76b29a7541a8","23fc5e81-509f-4f7d-ac17-69a97feb87b9");
INSERT INTO ChildType (cid, type) VALUES ("1e6b3a08-bc9b-4f8f-b107-3b37d1f35173","Document");
INSERT INTO ParentChild (pid, cid) VALUES ("62f51abb-8bb6-4d6c-a3d4-76b29a7541a8","1e6b3a08-bc9b-4f8f-b107-3b37d1f35173");
INSERT INTO ChildType (cid, type) VALUES ("35f7c7b5-691b-4a98-a643-3c397a616ea1","Document");
INSERT INTO ParentChild (pid, cid) VALUES ("62f51abb-8bb6-4d6c-a3d4-76b29a7541a8","35f7c7b5-691b-4a98-a643-3c397a616ea1");
INSERT INTO ChildType (cid, type) VALUES ("6f21c7c5-b979-4fb2-980b-69deb3848b01","Document");
INSERT INTO ParentChild (pid, cid) VALUES ("62f51abb-8bb6-4d6c-a3d4-76b29a7541a8","6f21c7c5-b979-4fb2-980b-69deb3848b01");
INSERT INTO ChildType (cid, type) VALUES ("4685ec45-f3a7-45e2-8baa-939cd3d8941b","Document");
INSERT INTO ParentChild (pid, cid) VALUES ("62f51abb-8bb6-4d6c-a3d4-76b29a7541a8","4685ec45-f3a7-45e2-8baa-939cd3d8941b");
INSERT INTO ChildType (cid, type) VALUES ("b7cd7afe-2e7f-4d16-80a4-69fa81ac7d6b","Document");
INSERT INTO ParentChild (pid, cid) VALUES ("62f51abb-8bb6-4d6c-a3d4-76b29a7541a8","b7cd7afe-2e7f-4d16-80a4-69fa81ac7d6b");
INSERT INTO ChildType (cid, type) VALUES ("ec3b2907-4b12-48c0-a026-4f3d8492facb","Document");
INSERT INTO ParentChild (pid, cid) VALUES ("62f51abb-8bb6-4d6c-a3d4-76b29a7541a8","ec3b2907-4b12-48c0-a026-4f3d8492facb");
INSERT INTO ChildType (cid, type) VALUES ("f04493e3-acae-4292-a5ec-95777e28880c","Document");
INSERT INTO ParentChild (pid, cid) VALUES ("62f51abb-8bb6-4d6c-a3d4-76b29a7541a8","f04493e3-acae-4292-a5ec-95777e28880c");
INSERT INTO ChildType (cid, type) VALUES ("21248547-fc28-45d3-a04f-f0f0d0404949","Document");
INSERT INTO ParentChild (pid, cid) VALUES ("62f51abb-8bb6-4d6c-a3d4-76b29a7541a8","21248547-fc28-45d3-a04f-f0f0d0404949");
INSERT INTO ChildType (cid, type) VALUES ("f08cbab0-3cf3-4f27-840f-453d00baa523","Document");
INSERT INTO ParentChild (pid, cid) VALUES ("62f51abb-8bb6-4d6c-a3d4-76b29a7541a8","f08cbab0-3cf3-4f27-840f-453d00baa523");
INSERT INTO ChildType (cid, type) VALUES ("0aff3b27-488d-41e2-a4b6-61fb727a8f0e","Document");
INSERT INTO ParentChild (pid, cid) VALUES ("62f51abb-8bb6-4d6c-a3d4-76b29a7541a8","0aff3b27-488d-41e2-a4b6-61fb727a8f0e");
INSERT INTO ChildType (cid, type) VALUES ("569dffba-2859-4e7c-be08-de835645b14d","Document");
INSERT INTO ParentChild (pid, cid) VALUES ("62f51abb-8bb6-4d6c-a3d4-76b29a7541a8","569dffba-2859-4e7c-be08-de835645b14d");
INSERT INTO ChildType (cid, type) VALUES ("f996ae66-fba3-4f45-b488-2f6c47c5a0d7","Document");
INSERT INTO ParentChild (pid, cid) VALUES ("62f51abb-8bb6-4d6c-a3d4-76b29a7541a8","f996ae66-fba3-4f45-b488-2f6c47c5a0d7");
INSERT INTO ChildType (cid, type) VALUES ("e4d54d0e-068d-43cc-b748-c52c8b64a678","Document");
INSERT INTO ParentChild (pid, cid) VALUES ("62f51abb-8bb6-4d6c-a3d4-76b29a7541a8","e4d54d0e-068d-43cc-b748-c52c8b64a678");
INSERT INTO ChildType (cid, type) VALUES ("742f6736-6bec-4a36-ac5d-83bbbee836d7","Document");
INSERT INTO ParentChild (pid, cid) VALUES ("62f51abb-8bb6-4d6c-a3d4-76b29a7541a8","742f6736-6bec-4a36-ac5d-83bbbee836d7");
INSERT INTO ChildType (cid, type) VALUES ("59cd5653-0d1a-4f3b-9ade-cdd3ebd56477","Document");
INSERT INTO ParentChild (pid, cid) VALUES ("62f51abb-8bb6-4d6c-a3d4-76b29a7541a8","59cd5653-0d1a-4f3b-9ade-cdd3ebd56477");
INSERT INTO ChildType (cid, type) VALUES ("f089f389-a523-44b2-99da-6a99cebe636d","Document");
INSERT INTO ParentChild (pid, cid) VALUES ("62f51abb-8bb6-4d6c-a3d4-76b29a7541a8","f089f389-a523-44b2-99da-6a99cebe636d");
INSERT INTO ChildType (cid, type) VALUES ("1b311eb8-2be8-412b-b188-bccbb8192165","Document");
INSERT INTO ParentChild (pid, cid) VALUES ("62f51abb-8bb6-4d6c-a3d4-76b29a7541a8","1b311eb8-2be8-412b-b188-bccbb8192165");
INSERT INTO ChildType (cid, type) VALUES ("ecf7650e-9a20-457a-a4e3-c4e9f5a9ca82","Document");
INSERT INTO ParentChild (pid, cid) VALUES ("62f51abb-8bb6-4d6c-a3d4-76b29a7541a8","ecf7650e-9a20-457a-a4e3-c4e9f5a9ca82");
INSERT INTO ChildType (cid, type) VALUES ("fd02ad8b-1503-4a0b-9da7-9924c104d132","Document");
INSERT INTO ParentChild (pid, cid) VALUES ("62f51abb-8bb6-4d6c-a3d4-76b29a7541a8","fd02ad8b-1503-4a0b-9da7-9924c104d132");
INSERT INTO ChildType (cid, type) VALUES ("cd35a654-69f0-46f0-b6dc-6cf18fae4c37","Document");
INSERT INTO ParentChild (pid, cid) VALUES ("62f51abb-8bb6-4d6c-a3d4-76b29a7541a8","cd35a654-69f0-46f0-b6dc-6cf18fae4c37");
INSERT INTO ChildType (cid, type) VALUES ("84cadac1-f576-400a-89b2-193e4208349d","Document");
INSERT INTO ParentChild (pid, cid) VALUES ("62f51abb-8bb6-4d6c-a3d4-76b29a7541a8","84cadac1-f576-400a-89b2-193e4208349d");
INSERT INTO ChildType (cid, type) VALUES ("13e1d1a7-3244-4425-8bf6-55f904b52311","Document");
INSERT INTO ParentChild (pid, cid) VALUES ("62f51abb-8bb6-4d6c-a3d4-76b29a7541a8","13e1d1a7-3244-4425-8bf6-55f904b52311");
INSERT INTO ChildType (cid, type) VALUES ("89f69840-d84b-4df2-9042-ab2bbc978e3f","Document");
INSERT INTO ParentChild (pid, cid) VALUES ("62f51abb-8bb6-4d6c-a3d4-76b29a7541a8","89f69840-d84b-4df2-9042-ab2bbc978e3f");
INSERT INTO ChildType (cid, type) VALUES ("012ecf5e-5885-4d20-b8f2-3b3b24df75e6","Document");
INSERT INTO ParentChild (pid, cid) VALUES ("62f51abb-8bb6-4d6c-a3d4-76b29a7541a8","012ecf5e-5885-4d20-b8f2-3b3b24df75e6");
INSERT INTO ChildType (cid, type) VALUES ("fe831c5a-e0de-438f-ad47-8f7ebc3c6e3c","Document");
INSERT INTO ParentChild (pid, cid) VALUES ("62f51abb-8bb6-4d6c-a3d4-76b29a7541a8","fe831c5a-e0de-438f-ad47-8f7ebc3c6e3c");
INSERT INTO ChildType (cid, type) VALUES ("aa946862-c38d-42b6-a741-ae99fefd0309","Document");
INSERT INTO ParentChild (pid, cid) VALUES ("62f51abb-8bb6-4d6c-a3d4-76b29a7541a8","aa946862-c38d-42b6-a741-ae99fefd0309");
INSERT INTO ChildType (cid, type) VALUES ("763a5da7-5778-4aa4-bf95-d0f74d6310c8","Document");
INSERT INTO ParentChild (pid, cid) VALUES ("62f51abb-8bb6-4d6c-a3d4-76b29a7541a8","763a5da7-5778-4aa4-bf95-d0f74d6310c8");
INSERT INTO ChildType (cid, type) VALUES ("b26311ca-425f-42b8-b993-8847f817b9a9","Document");
INSERT INTO ParentChild (pid, cid) VALUES ("62f51abb-8bb6-4d6c-a3d4-76b29a7541a8","b26311ca-425f-42b8-b993-8847f817b9a9");
INSERT INTO ChildType (cid, type) VALUES ("980fb9b3-d60f-449e-ac6a-d03d8ae746be","Document");
INSERT INTO ParentChild (pid, cid) VALUES ("62f51abb-8bb6-4d6c-a3d4-76b29a7541a8","980fb9b3-d60f-449e-ac6a-d03d8ae746be");
INSERT INTO ChildType (cid, type) VALUES ("4dfda447-1b81-42aa-8e0a-041dc26bff32","Document");
INSERT INTO ParentChild (pid, cid) VALUES ("62f51abb-8bb6-4d6c-a3d4-76b29a7541a8","4dfda447-1b81-42aa-8e0a-041dc26bff32");
INSERT INTO ChildType (cid, type) VALUES ("5ff7a3e8-12a6-4c4e-8d51-eb858dd44066","Document");
INSERT INTO ParentChild (pid, cid) VALUES ("62f51abb-8bb6-4d6c-a3d4-76b29a7541a8","5ff7a3e8-12a6-4c4e-8d51-eb858dd44066");
INSERT INTO ChildType (cid, type) VALUES ("63d3aed3-cb37-4723-a4c9-9589dfdc009e","Document");
INSERT INTO ParentChild (pid, cid) VALUES ("62f51abb-8bb6-4d6c-a3d4-76b29a7541a8","63d3aed3-cb37-4723-a4c9-9589dfdc009e");
INSERT INTO ChildType (cid, type) VALUES ("cc455cb3-3826-4317-82f0-1d3686996711","Document");
INSERT INTO ParentChild (pid, cid) VALUES ("62f51abb-8bb6-4d6c-a3d4-76b29a7541a8","cc455cb3-3826-4317-82f0-1d3686996711");
INSERT INTO ChildType (cid, type) VALUES ("ab2c7bd9-fe2d-4324-9614-3a70aff69908","Document");
INSERT INTO ParentChild (pid, cid) VALUES ("62f51abb-8bb6-4d6c-a3d4-76b29a7541a8","ab2c7bd9-fe2d-4324-9614-3a70aff69908");
INSERT INTO ChildType (cid, type) VALUES ("aa0a22ee-b60a-4ff3-86fd-2344f64498b2","Document");
INSERT INTO ParentChild (pid, cid) VALUES ("62f51abb-8bb6-4d6c-a3d4-76b29a7541a8","aa0a22ee-b60a-4ff3-86fd-2344f64498b2");
INSERT INTO ChildType (cid, type) VALUES ("6ecb2669-662f-4173-9fbf-d0de8afd5250","Document");
INSERT INTO ParentChild (pid, cid) VALUES ("62f51abb-8bb6-4d6c-a3d4-76b29a7541a8","6ecb2669-662f-4173-9fbf-d0de8afd5250");
INSERT INTO ChildType (cid, type) VALUES ("57b30567-0da7-43b6-871f-9c81e6d6d166","Document");
INSERT INTO ParentChild (pid, cid) VALUES ("62f51abb-8bb6-4d6c-a3d4-76b29a7541a8","57b30567-0da7-43b6-871f-9c81e6d6d166");
INSERT INTO ChildType (cid, type) VALUES ("e5c94896-f0f2-4bb0-9cc5-1ca748c3ff0d","Document");
INSERT INTO ParentChild (pid, cid) VALUES ("62f51abb-8bb6-4d6c-a3d4-76b29a7541a8","e5c94896-f0f2-4bb0-9cc5-1ca748c3ff0d");
INSERT INTO ChildType (cid, type) VALUES ("8a406406-4d83-4286-bba2-c81a1df2220f","Document");
INSERT INTO ParentChild (pid, cid) VALUES ("62f51abb-8bb6-4d6c-a3d4-76b29a7541a8","8a406406-4d83-4286-bba2-c81a1df2220f");
INSERT INTO ChildType (cid, type) VALUES ("0e0b3fcf-24b5-4e09-b6c3-c9f7f8ceb02a","Document");
INSERT INTO ParentChild (pid, cid) VALUES ("62f51abb-8bb6-4d6c-a3d4-76b29a7541a8","0e0b3fcf-24b5-4e09-b6c3-c9f7f8ceb02a");
INSERT INTO ChildType (cid, type) VALUES ("b483796c-e99b-4e6e-9dbd-9258e292acae","Document");
INSERT INTO ParentChild (pid, cid) VALUES ("62f51abb-8bb6-4d6c-a3d4-76b29a7541a8","b483796c-e99b-4e6e-9dbd-9258e292acae");
INSERT INTO ChildType (cid, type) VALUES ("6117e8fe-60dc-44b4-b28e-93dd4f1897a3","Document");
INSERT INTO ParentChild (pid, cid) VALUES ("62f51abb-8bb6-4d6c-a3d4-76b29a7541a8","6117e8fe-60dc-44b4-b28e-93dd4f1897a3");
INSERT INTO ChildType (cid, type) VALUES ("848ae9ff-3c69-435a-afce-af23e6e3078b","Document");
INSERT INTO ParentChild (pid, cid) VALUES ("62f51abb-8bb6-4d6c-a3d4-76b29a7541a8","848ae9ff-3c69-435a-afce-af23e6e3078b");
INSERT INTO ChildType (cid, type) VALUES ("aeae2d9b-0734-4c8f-a367-522e1e212fc4","Document");
INSERT INTO ParentChild (pid, cid) VALUES ("62f51abb-8bb6-4d6c-a3d4-76b29a7541a8","aeae2d9b-0734-4c8f-a367-522e1e212fc4");
INSERT INTO ChildType (cid, type) VALUES ("2512a246-29b5-43a0-ae8d-ef9493b4cf01","Document");
INSERT INTO ParentChild (pid, cid) VALUES ("62f51abb-8bb6-4d6c-a3d4-76b29a7541a8","2512a246-29b5-43a0-ae8d-ef9493b4cf01");
INSERT INTO ChildType (cid, type) VALUES ("92f3a0a5-a6b7-4f52-877a-c34065f889c2","Document");
INSERT INTO ParentChild (pid, cid) VALUES ("62f51abb-8bb6-4d6c-a3d4-76b29a7541a8","92f3a0a5-a6b7-4f52-877a-c34065f889c2");
INSERT INTO ChildType (cid, type) VALUES ("5f77b8a3-3244-451b-b356-926674136c8e","Document");
INSERT INTO ParentChild (pid, cid) VALUES ("62f51abb-8bb6-4d6c-a3d4-76b29a7541a8","5f77b8a3-3244-451b-b356-926674136c8e");
INSERT INTO ChildType (cid, type) VALUES ("02affcb6-25b7-4d89-8912-a2e47fa4f6ae","Document");
INSERT INTO ParentChild (pid, cid) VALUES ("62f51abb-8bb6-4d6c-a3d4-76b29a7541a8","02affcb6-25b7-4d89-8912-a2e47fa4f6ae");
INSERT INTO ChildType (cid, type) VALUES ("3b32c7c5-260a-4a88-9297-7908d27be201","Document");
INSERT INTO ParentChild (pid, cid) VALUES ("62f51abb-8bb6-4d6c-a3d4-76b29a7541a8","3b32c7c5-260a-4a88-9297-7908d27be201");
INSERT INTO ChildType (cid, type) VALUES ("3899d547-1519-4f03-a82b-698062a31284","Document");
INSERT INTO ParentChild (pid, cid) VALUES ("62f51abb-8bb6-4d6c-a3d4-76b29a7541a8","3899d547-1519-4f03-a82b-698062a31284");
INSERT INTO ChildType (cid, type) VALUES ("4e52cb45-28b5-47d7-9d7d-fd6644b2846e","Document");
INSERT INTO ParentChild (pid, cid) VALUES ("62f51abb-8bb6-4d6c-a3d4-76b29a7541a8","4e52cb45-28b5-47d7-9d7d-fd6644b2846e");
INSERT INTO ChildType (cid, type) VALUES ("c23e69b4-eb86-4704-b941-6d958ac12ea1","Document");
INSERT INTO ParentChild (pid, cid) VALUES ("62f51abb-8bb6-4d6c-a3d4-76b29a7541a8","c23e69b4-eb86-4704-b941-6d958ac12ea1");
INSERT INTO ChildType (cid, type) VALUES ("7a7e1ae1-62a6-418b-9db3-ce465b962bf2","Document");
INSERT INTO ParentChild (pid, cid) VALUES ("62f51abb-8bb6-4d6c-a3d4-76b29a7541a8","7a7e1ae1-62a6-418b-9db3-ce465b962bf2");
INSERT INTO ChildType (cid, type) VALUES ("4b19a092-9057-4218-9af4-0649cc10ef96","Document");
INSERT INTO ParentChild (pid, cid) VALUES ("62f51abb-8bb6-4d6c-a3d4-76b29a7541a8","4b19a092-9057-4218-9af4-0649cc10ef96");
INSERT INTO ChildType (cid, type) VALUES ("8f5aec3d-9b7f-4b52-9e65-045b471a462e","Document");
INSERT INTO ParentChild (pid, cid) VALUES ("62f51abb-8bb6-4d6c-a3d4-76b29a7541a8","8f5aec3d-9b7f-4b52-9e65-045b471a462e");
INSERT INTO ChildType (cid, type) VALUES ("d6861b66-335e-4d15-a5c4-997ea83c058c","Document");
INSERT INTO ParentChild (pid, cid) VALUES ("62f51abb-8bb6-4d6c-a3d4-76b29a7541a8","d6861b66-335e-4d15-a5c4-997ea83c058c");
INSERT INTO ChildType (cid, type) VALUES ("e256465c-3139-479e-a43b-2354daa84dfd","Document");
INSERT INTO ParentChild (pid, cid) VALUES ("62f51abb-8bb6-4d6c-a3d4-76b29a7541a8","e256465c-3139-479e-a43b-2354daa84dfd");
INSERT INTO ChildType (cid, type) VALUES ("510e8f4a-926c-40b6-a589-7d1b1c4f8e7a","Document");
INSERT INTO ParentChild (pid, cid) VALUES ("62f51abb-8bb6-4d6c-a3d4-76b29a7541a8","510e8f4a-926c-40b6-a589-7d1b1c4f8e7a");
INSERT INTO ChildType (cid, type) VALUES ("06695872-a55d-4406-81c5-ba8e9983420f","Document");
INSERT INTO ParentChild (pid, cid) VALUES ("62f51abb-8bb6-4d6c-a3d4-76b29a7541a8","06695872-a55d-4406-81c5-ba8e9983420f");
INSERT INTO ChildType (cid, type) VALUES ("e3755719-f0bf-437d-bf0b-70bc74e8119c","Document");
INSERT INTO ParentChild (pid, cid) VALUES ("62f51abb-8bb6-4d6c-a3d4-76b29a7541a8","e3755719-f0bf-437d-bf0b-70bc74e8119c");
INSERT INTO ChildType (cid, type) VALUES ("7b061a4c-6974-4d56-98f3-4e2982dc8bc4","Document");
INSERT INTO ParentChild (pid, cid) VALUES ("62f51abb-8bb6-4d6c-a3d4-76b29a7541a8","7b061a4c-6974-4d56-98f3-4e2982dc8bc4");
INSERT INTO ChildType (cid, type) VALUES ("686314fe-4595-44e8-8e8d-77a8abb2e732","Document");
INSERT INTO ParentChild (pid, cid) VALUES ("62f51abb-8bb6-4d6c-a3d4-76b29a7541a8","686314fe-4595-44e8-8e8d-77a8abb2e732");
INSERT INTO ChildType (cid, type) VALUES ("a0ed2aa7-1c14-450a-9056-ac8c1c003c50","Document");
INSERT INTO ParentChild (pid, cid) VALUES ("62f51abb-8bb6-4d6c-a3d4-76b29a7541a8","a0ed2aa7-1c14-450a-9056-ac8c1c003c50");
INSERT INTO ChildType (cid, type) VALUES ("fa5a2559-cf22-4fd7-ba6b-9c95d9546736","Document");
INSERT INTO ParentChild (pid, cid) VALUES ("62f51abb-8bb6-4d6c-a3d4-76b29a7541a8","fa5a2559-cf22-4fd7-ba6b-9c95d9546736");
INSERT INTO ChildType (cid, type) VALUES ("2d53e00e-7ac9-4e1f-8999-0c8d68e75fef","Document");
INSERT INTO ParentChild (pid, cid) VALUES ("62f51abb-8bb6-4d6c-a3d4-76b29a7541a8","2d53e00e-7ac9-4e1f-8999-0c8d68e75fef");
INSERT INTO ChildType (cid, type) VALUES ("b93e865a-d6bd-4cc4-9314-df5390723940","Document");
INSERT INTO ParentChild (pid, cid) VALUES ("62f51abb-8bb6-4d6c-a3d4-76b29a7541a8","b93e865a-d6bd-4cc4-9314-df5390723940");
INSERT INTO ChildType (cid, type) VALUES ("75142aa8-778e-4716-862f-27991ab301d9","Document");
INSERT INTO ParentChild (pid, cid) VALUES ("62f51abb-8bb6-4d6c-a3d4-76b29a7541a8","75142aa8-778e-4716-862f-27991ab301d9");
INSERT INTO ChildType (cid, type) VALUES ("2f921018-ddb8-4219-8053-88878d795eec","Document");
INSERT INTO ParentChild (pid, cid) VALUES ("62f51abb-8bb6-4d6c-a3d4-76b29a7541a8","2f921018-ddb8-4219-8053-88878d795eec");
INSERT INTO ChildType (cid, type) VALUES ("278a8aae-7b88-4728-acef-1b6e0c593142","Document");
INSERT INTO ParentChild (pid, cid) VALUES ("62f51abb-8bb6-4d6c-a3d4-76b29a7541a8","278a8aae-7b88-4728-acef-1b6e0c593142");
INSERT INTO ChildType (cid, type) VALUES ("0688052d-6b14-4bbd-b736-26e97069f704","Document");
INSERT INTO ParentChild (pid, cid) VALUES ("62f51abb-8bb6-4d6c-a3d4-76b29a7541a8","0688052d-6b14-4bbd-b736-26e97069f704");
INSERT INTO ChildType (cid, type) VALUES ("8a47d46c-85b2-4f86-a590-1386e0cc0066","Document");
INSERT INTO ParentChild (pid, cid) VALUES ("62f51abb-8bb6-4d6c-a3d4-76b29a7541a8","8a47d46c-85b2-4f86-a590-1386e0cc0066");
INSERT INTO ChildType (cid, type) VALUES ("5da3dd11-4df3-43f5-ad2c-8486e960cdb9","Document");
INSERT INTO ParentChild (pid, cid) VALUES ("62f51abb-8bb6-4d6c-a3d4-76b29a7541a8","5da3dd11-4df3-43f5-ad2c-8486e960cdb9");
INSERT INTO ChildType (cid, type) VALUES ("5f84dae4-ddf7-4f8c-9ce8-29d0a94ec46b","Document");
INSERT INTO ParentChild (pid, cid) VALUES ("62f51abb-8bb6-4d6c-a3d4-76b29a7541a8","5f84dae4-ddf7-4f8c-9ce8-29d0a94ec46b");
INSERT INTO ChildType (cid, type) VALUES ("58f0fb7e-ed2b-408a-a2d3-b2b93d64d43c","Document");
INSERT INTO ParentChild (pid, cid) VALUES ("62f51abb-8bb6-4d6c-a3d4-76b29a7541a8","58f0fb7e-ed2b-408a-a2d3-b2b93d64d43c");
INSERT INTO ChildType (cid, type) VALUES ("c381289d-af73-4c1c-a6d3-40bed99f8fa5","Document");
INSERT INTO ParentChild (pid, cid) VALUES ("62f51abb-8bb6-4d6c-a3d4-76b29a7541a8","c381289d-af73-4c1c-a6d3-40bed99f8fa5");
INSERT INTO ChildType (cid, type) VALUES ("64b9b95e-a9e5-4e91-9fdc-00bab266455f","Document");
INSERT INTO ParentChild (pid, cid) VALUES ("62f51abb-8bb6-4d6c-a3d4-76b29a7541a8","64b9b95e-a9e5-4e91-9fdc-00bab266455f");
INSERT INTO ChildType (cid, type) VALUES ("6375627e-47bd-483b-9fb4-3cc8188ae039","Document");
INSERT INTO ParentChild (pid, cid) VALUES ("62f51abb-8bb6-4d6c-a3d4-76b29a7541a8","6375627e-47bd-483b-9fb4-3cc8188ae039");
INSERT INTO ChildType (cid, type) VALUES ("7ef08a18-db9d-4dda-9c9c-3642bf71cfbf","Document");
INSERT INTO ParentChild (pid, cid) VALUES ("62f51abb-8bb6-4d6c-a3d4-76b29a7541a8","7ef08a18-db9d-4dda-9c9c-3642bf71cfbf");
INSERT INTO ChildType (cid, type) VALUES ("37b48f5c-a09c-4945-adb3-2c169855f348","Document");
INSERT INTO ParentChild (pid, cid) VALUES ("62f51abb-8bb6-4d6c-a3d4-76b29a7541a8","37b48f5c-a09c-4945-adb3-2c169855f348");
INSERT INTO ChildType (cid, type) VALUES ("4797c228-469f-45e4-b19e-b5b2d68bc077","Document");
INSERT INTO ParentChild (pid, cid) VALUES ("62f51abb-8bb6-4d6c-a3d4-76b29a7541a8","4797c228-469f-45e4-b19e-b5b2d68bc077");
INSERT INTO ChildType (cid, type) VALUES ("00ef2dad-5f21-45c1-8e62-48bdfff3ecb7","Document");
INSERT INTO ParentChild (pid, cid) VALUES ("62f51abb-8bb6-4d6c-a3d4-76b29a7541a8","00ef2dad-5f21-45c1-8e62-48bdfff3ecb7");
INSERT INTO ChildType (cid, type) VALUES ("3188e709-174b-490b-96cf-f8e6bd5433bd","Document");
INSERT INTO ParentChild (pid, cid) VALUES ("62f51abb-8bb6-4d6c-a3d4-76b29a7541a8","3188e709-174b-490b-96cf-f8e6bd5433bd");
INSERT INTO ChildType (cid, type) VALUES ("bed669bd-a639-43d1-a6d0-d13aa1690f5f","Document");
INSERT INTO ParentChild (pid, cid) VALUES ("62f51abb-8bb6-4d6c-a3d4-76b29a7541a8","bed669bd-a639-43d1-a6d0-d13aa1690f5f");
INSERT INTO ChildType (cid, type) VALUES ("6acede18-511e-4c52-a7ee-6ebcb3c0630a","Document");
INSERT INTO ParentChild (pid, cid) VALUES ("62f51abb-8bb6-4d6c-a3d4-76b29a7541a8","6acede18-511e-4c52-a7ee-6ebcb3c0630a");
INSERT INTO ChildType (cid, type) VALUES ("b86b44fb-f19f-4777-aad6-bf0b248b6c0d","Document");
INSERT INTO ParentChild (pid, cid) VALUES ("62f51abb-8bb6-4d6c-a3d4-76b29a7541a8","b86b44fb-f19f-4777-aad6-bf0b248b6c0d");
INSERT INTO ChildType (cid, type) VALUES ("21d6dfa7-eaa8-42de-b0bb-507d1b70b613","Document");
INSERT INTO ParentChild (pid, cid) VALUES ("62f51abb-8bb6-4d6c-a3d4-76b29a7541a8","21d6dfa7-eaa8-42de-b0bb-507d1b70b613");
INSERT INTO ChildType (cid, type) VALUES ("8ff15b57-cf91-4a34-a7db-d1df86241119","Document");
INSERT INTO ParentChild (pid, cid) VALUES ("62f51abb-8bb6-4d6c-a3d4-76b29a7541a8","8ff15b57-cf91-4a34-a7db-d1df86241119");
INSERT INTO ChildType (cid, type) VALUES ("bcf4d4ab-2117-42e6-9186-f3481f29f664","Document");
INSERT INTO ParentChild (pid, cid) VALUES ("62f51abb-8bb6-4d6c-a3d4-76b29a7541a8","bcf4d4ab-2117-42e6-9186-f3481f29f664");
INSERT INTO ChildType (cid, type) VALUES ("2fee75ed-51d6-4175-9197-fcaf13a7a01b","Document");
INSERT INTO ParentChild (pid, cid) VALUES ("62f51abb-8bb6-4d6c-a3d4-76b29a7541a8","2fee75ed-51d6-4175-9197-fcaf13a7a01b");
INSERT INTO ChildType (cid, type) VALUES ("4e8c1de4-be3c-409a-86b8-16be9297e750","Document");
INSERT INTO ParentChild (pid, cid) VALUES ("62f51abb-8bb6-4d6c-a3d4-76b29a7541a8","4e8c1de4-be3c-409a-86b8-16be9297e750");
INSERT INTO ChildType (cid, type) VALUES ("8005fca9-3963-493f-8ee4-9f2d4eec9b60","Document");
INSERT INTO ParentChild (pid, cid) VALUES ("62f51abb-8bb6-4d6c-a3d4-76b29a7541a8","8005fca9-3963-493f-8ee4-9f2d4eec9b60");
INSERT INTO ChildType (cid, type) VALUES ("19f6befc-8c2a-4b42-80c1-289cf171f446","Document");
INSERT INTO ParentChild (pid, cid) VALUES ("62f51abb-8bb6-4d6c-a3d4-76b29a7541a8","19f6befc-8c2a-4b42-80c1-289cf171f446");
INSERT INTO ChildType (cid, type) VALUES ("89ce525c-04ae-45ac-8fef-97a0d2b6055b","Document");
INSERT INTO ParentChild (pid, cid) VALUES ("62f51abb-8bb6-4d6c-a3d4-76b29a7541a8","89ce525c-04ae-45ac-8fef-97a0d2b6055b");
INSERT INTO ChildType (cid, type) VALUES ("720ba56c-005a-49d3-9998-cbc7a2a00c30","Document");
INSERT INTO ParentChild (pid, cid) VALUES ("62f51abb-8bb6-4d6c-a3d4-76b29a7541a8","720ba56c-005a-49d3-9998-cbc7a2a00c30");
INSERT INTO ChildType (cid, type) VALUES ("d32ec29e-280c-4c3d-9ad8-33ea56d229b9","Document");
INSERT INTO ParentChild (pid, cid) VALUES ("62f51abb-8bb6-4d6c-a3d4-76b29a7541a8","d32ec29e-280c-4c3d-9ad8-33ea56d229b9");
INSERT INTO ChildType (cid, type) VALUES ("31c53d62-a226-4a13-aa70-f4279ac97fcc","Document");
INSERT INTO ParentChild (pid, cid) VALUES ("62f51abb-8bb6-4d6c-a3d4-76b29a7541a8","31c53d62-a226-4a13-aa70-f4279ac97fcc");
INSERT INTO ChildType (cid, type) VALUES ("46a48bb0-996c-4791-8f99-edaf5e61b68b","Document");
INSERT INTO ParentChild (pid, cid) VALUES ("62f51abb-8bb6-4d6c-a3d4-76b29a7541a8","46a48bb0-996c-4791-8f99-edaf5e61b68b");
INSERT INTO ChildType (cid, type) VALUES ("0cc34d33-603d-44fd-b563-c167684abd32","Document");
INSERT INTO ParentChild (pid, cid) VALUES ("62f51abb-8bb6-4d6c-a3d4-76b29a7541a8","0cc34d33-603d-44fd-b563-c167684abd32");
INSERT INTO ChildType (cid, type) VALUES ("aea08d02-9170-459b-a19f-9559e19f360b","Document");
INSERT INTO ParentChild (pid, cid) VALUES ("62f51abb-8bb6-4d6c-a3d4-76b29a7541a8","aea08d02-9170-459b-a19f-9559e19f360b");
INSERT INTO ChildType (cid, type) VALUES ("6658e3b0-6ba0-4d60-a505-95b79583316a","Document");
INSERT INTO ParentChild (pid, cid) VALUES ("62f51abb-8bb6-4d6c-a3d4-76b29a7541a8","6658e3b0-6ba0-4d60-a505-95b79583316a");
INSERT INTO ChildType (cid, type) VALUES ("fba5fe0b-0afe-4d5a-b4c3-ef0f8b593e72","Document");
INSERT INTO ParentChild (pid, cid) VALUES ("62f51abb-8bb6-4d6c-a3d4-76b29a7541a8","fba5fe0b-0afe-4d5a-b4c3-ef0f8b593e72");
INSERT INTO ChildType (cid, type) VALUES ("1e0b72b7-66c0-4246-a11d-c4488f53e898","Document");
INSERT INTO ParentChild (pid, cid) VALUES ("62f51abb-8bb6-4d6c-a3d4-76b29a7541a8","1e0b72b7-66c0-4246-a11d-c4488f53e898");
INSERT INTO ChildType (cid, type) VALUES ("7ee2e270-75f2-4c54-9c1c-2be3ba6db4cb","Document");
INSERT INTO ParentChild (pid, cid) VALUES ("62f51abb-8bb6-4d6c-a3d4-76b29a7541a8","7ee2e270-75f2-4c54-9c1c-2be3ba6db4cb");
INSERT INTO ChildType (cid, type) VALUES ("d843f706-a3ee-46b8-8d7f-94756da0bce2","Document");
INSERT INTO ParentChild (pid, cid) VALUES ("62f51abb-8bb6-4d6c-a3d4-76b29a7541a8","d843f706-a3ee-46b8-8d7f-94756da0bce2");
INSERT INTO ChildType (cid, type) VALUES ("413df6b9-16a5-44b1-8927-a9463f5b7c5d","Document");
INSERT INTO ParentChild (pid, cid) VALUES ("62f51abb-8bb6-4d6c-a3d4-76b29a7541a8","413df6b9-16a5-44b1-8927-a9463f5b7c5d");
INSERT INTO ChildType (cid, type) VALUES ("ea43e4e3-290a-4e8b-9706-86d52452ebd0","Document");
INSERT INTO ParentChild (pid, cid) VALUES ("62f51abb-8bb6-4d6c-a3d4-76b29a7541a8","ea43e4e3-290a-4e8b-9706-86d52452ebd0");
INSERT INTO ChildType (cid, type) VALUES ("22adb6a3-8e4b-438b-9adf-4a83f501cc01","Document");
INSERT INTO ParentChild (pid, cid) VALUES ("62f51abb-8bb6-4d6c-a3d4-76b29a7541a8","22adb6a3-8e4b-438b-9adf-4a83f501cc01");
INSERT INTO ChildType (cid, type) VALUES ("daedee2c-fd7c-4317-9d99-12cec180fff8","Document");
INSERT INTO ParentChild (pid, cid) VALUES ("62f51abb-8bb6-4d6c-a3d4-76b29a7541a8","daedee2c-fd7c-4317-9d99-12cec180fff8");
INSERT INTO ChildType (cid, type) VALUES ("666b123b-b87a-4309-85b1-85b07070970e","Document");
INSERT INTO ParentChild (pid, cid) VALUES ("62f51abb-8bb6-4d6c-a3d4-76b29a7541a8","666b123b-b87a-4309-85b1-85b07070970e");
INSERT INTO ChildType (cid, type) VALUES ("bdfe9891-bbd5-44a0-be24-4bd0ee93466e","Document");
INSERT INTO ParentChild (pid, cid) VALUES ("62f51abb-8bb6-4d6c-a3d4-76b29a7541a8","bdfe9891-bbd5-44a0-be24-4bd0ee93466e");
INSERT INTO ChildType (cid, type) VALUES ("9b563ccf-b8df-4886-928e-eec38b78df5c","Document");
INSERT INTO ParentChild (pid, cid) VALUES ("62f51abb-8bb6-4d6c-a3d4-76b29a7541a8","9b563ccf-b8df-4886-928e-eec38b78df5c");
INSERT INTO ChildType (cid, type) VALUES ("8817e629-8eb5-4fb1-9c28-3c8624410b6c","Document");
INSERT INTO ParentChild (pid, cid) VALUES ("62f51abb-8bb6-4d6c-a3d4-76b29a7541a8","8817e629-8eb5-4fb1-9c28-3c8624410b6c");
INSERT INTO ChildType (cid, type) VALUES ("7e98c7bc-c24c-4cf6-a294-23b8951a1080","Document");
INSERT INTO ParentChild (pid, cid) VALUES ("62f51abb-8bb6-4d6c-a3d4-76b29a7541a8","7e98c7bc-c24c-4cf6-a294-23b8951a1080");
INSERT INTO ChildType (cid, type) VALUES ("b752f838-f327-496e-81fa-c7adb637f275","Document");
INSERT INTO ParentChild (pid, cid) VALUES ("62f51abb-8bb6-4d6c-a3d4-76b29a7541a8","b752f838-f327-496e-81fa-c7adb637f275");
INSERT INTO ChildType (cid, type) VALUES ("363ad645-f919-4820-959b-60ca0d07ccdc","Document");
INSERT INTO ParentChild (pid, cid) VALUES ("62f51abb-8bb6-4d6c-a3d4-76b29a7541a8","363ad645-f919-4820-959b-60ca0d07ccdc");
INSERT INTO ChildType (cid, type) VALUES ("55b27623-2aee-40af-bdb3-5d245223fea2","Document");
INSERT INTO ParentChild (pid, cid) VALUES ("62f51abb-8bb6-4d6c-a3d4-76b29a7541a8","55b27623-2aee-40af-bdb3-5d245223fea2");
INSERT INTO ChildType (cid, type) VALUES ("9eadc092-0d1c-4c50-bbc0-12ca54fb3632","Document");
INSERT INTO ParentChild (pid, cid) VALUES ("62f51abb-8bb6-4d6c-a3d4-76b29a7541a8","9eadc092-0d1c-4c50-bbc0-12ca54fb3632");
INSERT INTO ChildType (cid, type) VALUES ("37121a86-677f-4360-89bd-172501d7cf89","Document");
INSERT INTO ParentChild (pid, cid) VALUES ("62f51abb-8bb6-4d6c-a3d4-76b29a7541a8","37121a86-677f-4360-89bd-172501d7cf89");
INSERT INTO ChildType (cid, type) VALUES ("d6419032-33dd-4099-b16d-72a656bebdaa","Document");
INSERT INTO ParentChild (pid, cid) VALUES ("62f51abb-8bb6-4d6c-a3d4-76b29a7541a8","d6419032-33dd-4099-b16d-72a656bebdaa");
INSERT INTO ChildType (cid, type) VALUES ("ba777bd6-c440-41cf-88f2-da3a7d1c04d1","Document");
INSERT INTO ParentChild (pid, cid) VALUES ("62f51abb-8bb6-4d6c-a3d4-76b29a7541a8","ba777bd6-c440-41cf-88f2-da3a7d1c04d1");
INSERT INTO ChildType (cid, type) VALUES ("c7365e56-4a07-4692-a04e-63a95d7e01e2","Document");
INSERT INTO ParentChild (pid, cid) VALUES ("62f51abb-8bb6-4d6c-a3d4-76b29a7541a8","c7365e56-4a07-4692-a04e-63a95d7e01e2");
INSERT INTO ChildType (cid, type) VALUES ("d281af82-3730-4e39-bae3-90ae2ee23747","Document");
INSERT INTO ParentChild (pid, cid) VALUES ("62f51abb-8bb6-4d6c-a3d4-76b29a7541a8","d281af82-3730-4e39-bae3-90ae2ee23747");
INSERT INTO ChildType (cid, type) VALUES ("0fb69e12-21a3-4827-b904-cd18c60f06bb","Document");
INSERT INTO ParentChild (pid, cid) VALUES ("62f51abb-8bb6-4d6c-a3d4-76b29a7541a8","0fb69e12-21a3-4827-b904-cd18c60f06bb");
INSERT INTO ChildType (cid, type) VALUES ("b6b08c6b-c4f9-4758-a27c-289aff32be15","Document");
INSERT INTO ParentChild (pid, cid) VALUES ("62f51abb-8bb6-4d6c-a3d4-76b29a7541a8","b6b08c6b-c4f9-4758-a27c-289aff32be15");
INSERT INTO ChildType (cid, type) VALUES ("acb91e08-c169-49de-8ce6-af82485d90be","Document");
INSERT INTO ParentChild (pid, cid) VALUES ("62f51abb-8bb6-4d6c-a3d4-76b29a7541a8","acb91e08-c169-49de-8ce6-af82485d90be");
INSERT INTO ChildType (cid, type) VALUES ("8b362fa5-53fa-428c-9190-a3cdb28804c2","Document");
INSERT INTO ParentChild (pid, cid) VALUES ("62f51abb-8bb6-4d6c-a3d4-76b29a7541a8","8b362fa5-53fa-428c-9190-a3cdb28804c2");
INSERT INTO ChildType (cid, type) VALUES ("b4035334-9ee4-42fb-8657-e9a4d701c6f1","Document");
INSERT INTO ParentChild (pid, cid) VALUES ("62f51abb-8bb6-4d6c-a3d4-76b29a7541a8","b4035334-9ee4-42fb-8657-e9a4d701c6f1");
INSERT INTO ChildType (cid, type) VALUES ("c364439b-8ff5-4a3d-9f2d-de2e22c23b92","Document");
INSERT INTO ParentChild (pid, cid) VALUES ("62f51abb-8bb6-4d6c-a3d4-76b29a7541a8","c364439b-8ff5-4a3d-9f2d-de2e22c23b92");
INSERT INTO ChildType (cid, type) VALUES ("bfb5130b-1989-4655-a77f-42848bf7671a","Document");
INSERT INTO ParentChild (pid, cid) VALUES ("62f51abb-8bb6-4d6c-a3d4-76b29a7541a8","bfb5130b-1989-4655-a77f-42848bf7671a");
INSERT INTO ChildType (cid, type) VALUES ("3becc5a4-7fbe-4090-9cea-1a7891cfcece","Document");
INSERT INTO ParentChild (pid, cid) VALUES ("62f51abb-8bb6-4d6c-a3d4-76b29a7541a8","3becc5a4-7fbe-4090-9cea-1a7891cfcece");
INSERT INTO ChildType (cid, type) VALUES ("c503f3d7-f4b1-4946-8534-167404121f9d","Document");
INSERT INTO ParentChild (pid, cid) VALUES ("62f51abb-8bb6-4d6c-a3d4-76b29a7541a8","c503f3d7-f4b1-4946-8534-167404121f9d");
INSERT INTO ChildType (cid, type) VALUES ("ddc79935-6105-4033-aabd-2675a49a306b","Document");
INSERT INTO ParentChild (pid, cid) VALUES ("62f51abb-8bb6-4d6c-a3d4-76b29a7541a8","ddc79935-6105-4033-aabd-2675a49a306b");
INSERT INTO ChildType (cid, type) VALUES ("3323df86-881f-4192-a11e-9b00af80cdf1","Document");
INSERT INTO ParentChild (pid, cid) VALUES ("62f51abb-8bb6-4d6c-a3d4-76b29a7541a8","3323df86-881f-4192-a11e-9b00af80cdf1");
INSERT INTO ChildType (cid, type) VALUES ("2672f5dc-3764-475c-ae4b-d3de8e77be32","Document");
INSERT INTO ParentChild (pid, cid) VALUES ("62f51abb-8bb6-4d6c-a3d4-76b29a7541a8","2672f5dc-3764-475c-ae4b-d3de8e77be32");
INSERT INTO ChildType (cid, type) VALUES ("a6971077-4655-47fd-a3a5-457aeb5bb5e5","Document");
INSERT INTO ParentChild (pid, cid) VALUES ("62f51abb-8bb6-4d6c-a3d4-76b29a7541a8","a6971077-4655-47fd-a3a5-457aeb5bb5e5");
INSERT INTO ChildType (cid, type) VALUES ("153df4d8-1790-44ac-9ffd-052b17652a83","Document");
INSERT INTO ParentChild (pid, cid) VALUES ("62f51abb-8bb6-4d6c-a3d4-76b29a7541a8","153df4d8-1790-44ac-9ffd-052b17652a83");
INSERT INTO ChildType (cid, type) VALUES ("0e6088f5-d535-4e81-95e2-d4777a8e9731","Document");
INSERT INTO ParentChild (pid, cid) VALUES ("62f51abb-8bb6-4d6c-a3d4-76b29a7541a8","0e6088f5-d535-4e81-95e2-d4777a8e9731");
INSERT INTO ChildType (cid, type) VALUES ("5372d5e0-8c6a-4e09-8a68-b4ba880aed05","Document");
INSERT INTO ParentChild (pid, cid) VALUES ("62f51abb-8bb6-4d6c-a3d4-76b29a7541a8","5372d5e0-8c6a-4e09-8a68-b4ba880aed05");
INSERT INTO ChildType (cid, type) VALUES ("458066ed-b91a-45e3-ada2-ce702952e3ec","Document");
INSERT INTO ParentChild (pid, cid) VALUES ("62f51abb-8bb6-4d6c-a3d4-76b29a7541a8","458066ed-b91a-45e3-ada2-ce702952e3ec");
INSERT INTO ChildType (cid, type) VALUES ("009e1ae0-1454-48f8-a7c6-355dd80bc3f9","Document");
INSERT INTO ParentChild (pid, cid) VALUES ("62f51abb-8bb6-4d6c-a3d4-76b29a7541a8","009e1ae0-1454-48f8-a7c6-355dd80bc3f9");
INSERT INTO ChildType (cid, type) VALUES ("4dc081b2-265b-46c9-8fc2-02fb850dbe7b","Document");
INSERT INTO ParentChild (pid, cid) VALUES ("62f51abb-8bb6-4d6c-a3d4-76b29a7541a8","4dc081b2-265b-46c9-8fc2-02fb850dbe7b");
INSERT INTO ChildType (cid, type) VALUES ("9c4a3aa7-a48d-4bfc-927a-ee071aa67047","Document");
INSERT INTO ParentChild (pid, cid) VALUES ("62f51abb-8bb6-4d6c-a3d4-76b29a7541a8","9c4a3aa7-a48d-4bfc-927a-ee071aa67047");
INSERT INTO ChildType (cid, type) VALUES ("6bdc13af-37bc-4a82-bee8-94b71b88d0c6","Document");
INSERT INTO ParentChild (pid, cid) VALUES ("62f51abb-8bb6-4d6c-a3d4-76b29a7541a8","6bdc13af-37bc-4a82-bee8-94b71b88d0c6");
INSERT INTO ChildType (cid, type) VALUES ("a360630a-2533-44c5-b9df-54870da9da3a","Document");
INSERT INTO ParentChild (pid, cid) VALUES ("62f51abb-8bb6-4d6c-a3d4-76b29a7541a8","a360630a-2533-44c5-b9df-54870da9da3a");
INSERT INTO ChildType (cid, type) VALUES ("b4e3279a-ff7a-4689-94df-28cbe2580b33","Document");
INSERT INTO ParentChild (pid, cid) VALUES ("62f51abb-8bb6-4d6c-a3d4-76b29a7541a8","b4e3279a-ff7a-4689-94df-28cbe2580b33");
INSERT INTO ChildType (cid, type) VALUES ("bc5db3a1-9a94-44b0-ae9e-03c4767ab3bd","Document");
INSERT INTO ParentChild (pid, cid) VALUES ("62f51abb-8bb6-4d6c-a3d4-76b29a7541a8","bc5db3a1-9a94-44b0-ae9e-03c4767ab3bd");
INSERT INTO ChildType (cid, type) VALUES ("43b1ee81-9885-488d-887f-eb96b42e5c4f","Document");
INSERT INTO ParentChild (pid, cid) VALUES ("62f51abb-8bb6-4d6c-a3d4-76b29a7541a8","43b1ee81-9885-488d-887f-eb96b42e5c4f");
INSERT INTO ChildType (cid, type) VALUES ("dea48023-8c14-4fac-8c25-b42e5438c3c7","Document");
INSERT INTO ParentChild (pid, cid) VALUES ("62f51abb-8bb6-4d6c-a3d4-76b29a7541a8","dea48023-8c14-4fac-8c25-b42e5438c3c7");
INSERT INTO ChildType (cid, type) VALUES ("2167ecd1-1ee6-4ac6-afd8-e25b25125cf5","Document");
INSERT INTO ParentChild (pid, cid) VALUES ("62f51abb-8bb6-4d6c-a3d4-76b29a7541a8","2167ecd1-1ee6-4ac6-afd8-e25b25125cf5");
INSERT INTO ChildType (cid, type) VALUES ("e4cbd66c-66c8-4341-9c08-28df2e361d60","Document");
INSERT INTO ParentChild (pid, cid) VALUES ("62f51abb-8bb6-4d6c-a3d4-76b29a7541a8","e4cbd66c-66c8-4341-9c08-28df2e361d60");
INSERT INTO ChildType (cid, type) VALUES ("105fb032-a20b-43d6-b5d8-4a02089a17b6","Document");
INSERT INTO ParentChild (pid, cid) VALUES ("62f51abb-8bb6-4d6c-a3d4-76b29a7541a8","105fb032-a20b-43d6-b5d8-4a02089a17b6");
INSERT INTO ChildType (cid, type) VALUES ("5c28ef91-7bf6-4f01-8d6c-4e0bb7c99a84","Document");
INSERT INTO ParentChild (pid, cid) VALUES ("62f51abb-8bb6-4d6c-a3d4-76b29a7541a8","5c28ef91-7bf6-4f01-8d6c-4e0bb7c99a84");
INSERT INTO ChildType (cid, type) VALUES ("3f7e309a-761e-46b9-8b29-8eacb6957c22","Document");
INSERT INTO ParentChild (pid, cid) VALUES ("62f51abb-8bb6-4d6c-a3d4-76b29a7541a8","3f7e309a-761e-46b9-8b29-8eacb6957c22");
INSERT INTO ChildType (cid, type) VALUES ("ea572a97-01fa-43f8-b759-cacb939385b0","Document");
INSERT INTO ParentChild (pid, cid) VALUES ("62f51abb-8bb6-4d6c-a3d4-76b29a7541a8","ea572a97-01fa-43f8-b759-cacb939385b0");
INSERT INTO ChildType (cid, type) VALUES ("8586e0a7-91f0-4e5d-9138-05ce4ce153b1","Document");
INSERT INTO ParentChild (pid, cid) VALUES ("62f51abb-8bb6-4d6c-a3d4-76b29a7541a8","8586e0a7-91f0-4e5d-9138-05ce4ce153b1");
INSERT INTO ChildType (cid, type) VALUES ("139fb883-862d-405d-8acf-bfd029a332ec","Document");
INSERT INTO ParentChild (pid, cid) VALUES ("62f51abb-8bb6-4d6c-a3d4-76b29a7541a8","139fb883-862d-405d-8acf-bfd029a332ec");
INSERT INTO ChildType (cid, type) VALUES ("4d4460fe-82e9-4529-b3ca-087b48d7cf4c","Document");
INSERT INTO ParentChild (pid, cid) VALUES ("62f51abb-8bb6-4d6c-a3d4-76b29a7541a8","4d4460fe-82e9-4529-b3ca-087b48d7cf4c");
INSERT INTO ChildType (cid, type) VALUES ("2cd8f9b2-78c6-4e87-b80c-963c7d4eb20a","Document");
INSERT INTO ParentChild (pid, cid) VALUES ("62f51abb-8bb6-4d6c-a3d4-76b29a7541a8","2cd8f9b2-78c6-4e87-b80c-963c7d4eb20a");
INSERT INTO ChildType (cid, type) VALUES ("53f95de3-c08a-4b93-9e26-4a243bfedd98","Document");
INSERT INTO ParentChild (pid, cid) VALUES ("62f51abb-8bb6-4d6c-a3d4-76b29a7541a8","53f95de3-c08a-4b93-9e26-4a243bfedd98");
INSERT INTO ChildType (cid, type) VALUES ("e63b02d1-2d43-497a-b28f-c2efab04ac99","Document");
INSERT INTO ParentChild (pid, cid) VALUES ("62f51abb-8bb6-4d6c-a3d4-76b29a7541a8","e63b02d1-2d43-497a-b28f-c2efab04ac99");
INSERT INTO ChildType (cid, type) VALUES ("b6ebde06-11ae-42fe-9c35-f3850247c428","Document");
INSERT INTO ParentChild (pid, cid) VALUES ("62f51abb-8bb6-4d6c-a3d4-76b29a7541a8","b6ebde06-11ae-42fe-9c35-f3850247c428");
INSERT INTO ChildType (cid, type) VALUES ("787065c3-9ac9-42e1-b71d-cd3769e17bd3","Document");
INSERT INTO ParentChild (pid, cid) VALUES ("62f51abb-8bb6-4d6c-a3d4-76b29a7541a8","787065c3-9ac9-42e1-b71d-cd3769e17bd3");
INSERT INTO ChildType (cid, type) VALUES ("0e16e186-b70f-45ca-9dde-fe5cd05d6fb7","Document");
INSERT INTO ParentChild (pid, cid) VALUES ("62f51abb-8bb6-4d6c-a3d4-76b29a7541a8","0e16e186-b70f-45ca-9dde-fe5cd05d6fb7");
INSERT INTO ChildType (cid, type) VALUES ("3426f80e-c4c2-4a8d-b5d4-fd13c058809e","Document");
INSERT INTO ParentChild (pid, cid) VALUES ("62f51abb-8bb6-4d6c-a3d4-76b29a7541a8","3426f80e-c4c2-4a8d-b5d4-fd13c058809e");
INSERT INTO ChildType (cid, type) VALUES ("bd265a3d-8448-4099-bf0f-2645aa534a1c","Document");
INSERT INTO ParentChild (pid, cid) VALUES ("62f51abb-8bb6-4d6c-a3d4-76b29a7541a8","bd265a3d-8448-4099-bf0f-2645aa534a1c");
INSERT INTO ChildType (cid, type) VALUES ("fbb62e8c-510e-4d6f-948c-eb189a198c1a","Document");
INSERT INTO ParentChild (pid, cid) VALUES ("62f51abb-8bb6-4d6c-a3d4-76b29a7541a8","fbb62e8c-510e-4d6f-948c-eb189a198c1a");
INSERT INTO ChildType (cid, type) VALUES ("95cee88d-e89f-48be-a32e-e94124f48c77","Document");
INSERT INTO ParentChild (pid, cid) VALUES ("62f51abb-8bb6-4d6c-a3d4-76b29a7541a8","95cee88d-e89f-48be-a32e-e94124f48c77");
INSERT INTO ChildType (cid, type) VALUES ("02a73d02-148c-4dc7-b50e-c7f2e1e94e51","Document");
INSERT INTO ParentChild (pid, cid) VALUES ("62f51abb-8bb6-4d6c-a3d4-76b29a7541a8","02a73d02-148c-4dc7-b50e-c7f2e1e94e51");
INSERT INTO ChildType (cid, type) VALUES ("863ed447-c8bd-42b5-9f9c-4c57a3c5ba0f","Document");
INSERT INTO ParentChild (pid, cid) VALUES ("62f51abb-8bb6-4d6c-a3d4-76b29a7541a8","863ed447-c8bd-42b5-9f9c-4c57a3c5ba0f");
INSERT INTO ChildType (cid, type) VALUES ("99934dd7-bb6e-4bf1-b41c-6a059e1b2957","Document");
INSERT INTO ParentChild (pid, cid) VALUES ("62f51abb-8bb6-4d6c-a3d4-76b29a7541a8","99934dd7-bb6e-4bf1-b41c-6a059e1b2957");
INSERT INTO ChildType (cid, type) VALUES ("e1b13796-7a19-4454-bf4e-2cac7a70c9cd","Document");
INSERT INTO ParentChild (pid, cid) VALUES ("62f51abb-8bb6-4d6c-a3d4-76b29a7541a8","e1b13796-7a19-4454-bf4e-2cac7a70c9cd");
INSERT INTO ChildType (cid, type) VALUES ("4cd3b468-9ab4-4a5c-82c3-a618d08d827c","Document");
INSERT INTO ParentChild (pid, cid) VALUES ("62f51abb-8bb6-4d6c-a3d4-76b29a7541a8","4cd3b468-9ab4-4a5c-82c3-a618d08d827c");
INSERT INTO ChildType (cid, type) VALUES ("2d4ce3a9-e0c2-48a4-b785-5e0f15ec52a5","Document");
INSERT INTO ParentChild (pid, cid) VALUES ("62f51abb-8bb6-4d6c-a3d4-76b29a7541a8","2d4ce3a9-e0c2-48a4-b785-5e0f15ec52a5");
INSERT INTO ChildType (cid, type) VALUES ("2929cc39-6cc2-422a-a43a-acacad070aa3","Document");
INSERT INTO ParentChild (pid, cid) VALUES ("62f51abb-8bb6-4d6c-a3d4-76b29a7541a8","2929cc39-6cc2-422a-a43a-acacad070aa3");
INSERT INTO ChildType (cid, type) VALUES ("3d9e4cee-8f55-4d85-bdac-4834c32da48d","Document");
INSERT INTO ParentChild (pid, cid) VALUES ("62f51abb-8bb6-4d6c-a3d4-76b29a7541a8","3d9e4cee-8f55-4d85-bdac-4834c32da48d");
INSERT INTO ChildType (cid, type) VALUES ("53d3e797-ec4c-46ee-9497-d93f54290ec9","Document");
INSERT INTO ParentChild (pid, cid) VALUES ("62f51abb-8bb6-4d6c-a3d4-76b29a7541a8","53d3e797-ec4c-46ee-9497-d93f54290ec9");
INSERT INTO ChildType (cid, type) VALUES ("83dda38d-6a71-4fa0-bf2a-15f73c442faa","Document");
INSERT INTO ParentChild (pid, cid) VALUES ("62f51abb-8bb6-4d6c-a3d4-76b29a7541a8","83dda38d-6a71-4fa0-bf2a-15f73c442faa");
INSERT INTO ChildType (cid, type) VALUES ("aeccc19b-ca01-4c12-b66b-fc49b5064195","Document");
INSERT INTO ParentChild (pid, cid) VALUES ("62f51abb-8bb6-4d6c-a3d4-76b29a7541a8","aeccc19b-ca01-4c12-b66b-fc49b5064195");
INSERT INTO ChildType (cid, type) VALUES ("44c8eea2-8ec8-43d9-93db-89784dc281ed","Document");
INSERT INTO ParentChild (pid, cid) VALUES ("62f51abb-8bb6-4d6c-a3d4-76b29a7541a8","44c8eea2-8ec8-43d9-93db-89784dc281ed");
INSERT INTO ChildType (cid, type) VALUES ("bed10500-4fb7-4182-96c1-4888e43c01df","Document");
INSERT INTO ParentChild (pid, cid) VALUES ("62f51abb-8bb6-4d6c-a3d4-76b29a7541a8","bed10500-4fb7-4182-96c1-4888e43c01df");
INSERT INTO ChildType (cid, type) VALUES ("07daa236-fcdf-473a-bdb6-e13007b7c846","Document");
INSERT INTO ParentChild (pid, cid) VALUES ("62f51abb-8bb6-4d6c-a3d4-76b29a7541a8","07daa236-fcdf-473a-bdb6-e13007b7c846");
INSERT INTO ChildType (cid, type) VALUES ("a5ca9c9a-4e37-4cc4-bf1e-8b4751dee5ac","Document");
INSERT INTO ParentChild (pid, cid) VALUES ("62f51abb-8bb6-4d6c-a3d4-76b29a7541a8","a5ca9c9a-4e37-4cc4-bf1e-8b4751dee5ac");
INSERT INTO ChildType (cid, type) VALUES ("120c1866-f96b-49c4-b08f-1c14ac707736","Document");
INSERT INTO ParentChild (pid, cid) VALUES ("62f51abb-8bb6-4d6c-a3d4-76b29a7541a8","120c1866-f96b-49c4-b08f-1c14ac707736");
INSERT INTO ChildType (cid, type) VALUES ("3234023f-e3e1-4bad-9a30-789a7e4f2a98","Document");
INSERT INTO ParentChild (pid, cid) VALUES ("62f51abb-8bb6-4d6c-a3d4-76b29a7541a8","3234023f-e3e1-4bad-9a30-789a7e4f2a98");
INSERT INTO ChildType (cid, type) VALUES ("a7834571-8eef-4ced-865b-8e9207a72c9b","Document");
INSERT INTO ParentChild (pid, cid) VALUES ("62f51abb-8bb6-4d6c-a3d4-76b29a7541a8","a7834571-8eef-4ced-865b-8e9207a72c9b");
INSERT INTO ChildType (cid, type) VALUES ("4dfb316c-3e00-4f4c-b9a6-0a11c382e6d6","Document");
INSERT INTO ParentChild (pid, cid) VALUES ("62f51abb-8bb6-4d6c-a3d4-76b29a7541a8","4dfb316c-3e00-4f4c-b9a6-0a11c382e6d6");
INSERT INTO ChildType (cid, type) VALUES ("0c4aba51-f9f9-430f-ae4a-e872c91293c2","Document");
INSERT INTO ParentChild (pid, cid) VALUES ("62f51abb-8bb6-4d6c-a3d4-76b29a7541a8","0c4aba51-f9f9-430f-ae4a-e872c91293c2");
INSERT INTO ChildType (cid, type) VALUES ("dbd8ba2d-e6dc-4074-9e94-41b36ddb03fe","Document");
INSERT INTO ParentChild (pid, cid) VALUES ("62f51abb-8bb6-4d6c-a3d4-76b29a7541a8","dbd8ba2d-e6dc-4074-9e94-41b36ddb03fe");
INSERT INTO ChildType (cid, type) VALUES ("624f5774-3cd5-4b44-8896-5b4b215c03b3","Document");
INSERT INTO ParentChild (pid, cid) VALUES ("62f51abb-8bb6-4d6c-a3d4-76b29a7541a8","624f5774-3cd5-4b44-8896-5b4b215c03b3");
INSERT INTO ChildType (cid, type) VALUES ("958d494a-faf5-4acd-84e7-6fed07424b68","Document");
INSERT INTO ParentChild (pid, cid) VALUES ("62f51abb-8bb6-4d6c-a3d4-76b29a7541a8","958d494a-faf5-4acd-84e7-6fed07424b68");
INSERT INTO ChildType (cid, type) VALUES ("5a677687-7378-4571-a2e7-8033210e753a","Document");
INSERT INTO ParentChild (pid, cid) VALUES ("62f51abb-8bb6-4d6c-a3d4-76b29a7541a8","5a677687-7378-4571-a2e7-8033210e753a");
INSERT INTO ChildType (cid, type) VALUES ("7cbd2a35-6b27-4e50-8359-e9f7b4d71f9d","Document");
INSERT INTO ParentChild (pid, cid) VALUES ("62f51abb-8bb6-4d6c-a3d4-76b29a7541a8","7cbd2a35-6b27-4e50-8359-e9f7b4d71f9d");
INSERT INTO ChildType (cid, type) VALUES ("42679421-27a4-44cc-82c6-6cd759970bf9","Document");
INSERT INTO ParentChild (pid, cid) VALUES ("62f51abb-8bb6-4d6c-a3d4-76b29a7541a8","42679421-27a4-44cc-82c6-6cd759970bf9");
INSERT INTO ChildType (cid, type) VALUES ("4907112a-f745-45d0-96ea-ca667ff89ca6","Document");
INSERT INTO ParentChild (pid, cid) VALUES ("62f51abb-8bb6-4d6c-a3d4-76b29a7541a8","4907112a-f745-45d0-96ea-ca667ff89ca6");
INSERT INTO ChildType (cid, type) VALUES ("96346302-516b-433d-9028-fddb8350ce38","Document");
INSERT INTO ParentChild (pid, cid) VALUES ("62f51abb-8bb6-4d6c-a3d4-76b29a7541a8","96346302-516b-433d-9028-fddb8350ce38");
INSERT INTO ChildType (cid, type) VALUES ("687270c4-c73d-4219-a0b4-64631ff37e0b","Document");
INSERT INTO ParentChild (pid, cid) VALUES ("62f51abb-8bb6-4d6c-a3d4-76b29a7541a8","687270c4-c73d-4219-a0b4-64631ff37e0b");
INSERT INTO ChildType (cid, type) VALUES ("b9ed4228-bee2-4ff5-ba5c-90dbb49c2b21","Document");
INSERT INTO ParentChild (pid, cid) VALUES ("62f51abb-8bb6-4d6c-a3d4-76b29a7541a8","b9ed4228-bee2-4ff5-ba5c-90dbb49c2b21");
INSERT INTO ChildType (cid, type) VALUES ("9c2fb005-a113-448c-88b0-6136bbdf9906","Document");
INSERT INTO ParentChild (pid, cid) VALUES ("62f51abb-8bb6-4d6c-a3d4-76b29a7541a8","9c2fb005-a113-448c-88b0-6136bbdf9906");
INSERT INTO ChildType (cid, type) VALUES ("d0a3e4a8-821d-4eed-8a6b-52761bc45350","Document");
INSERT INTO ParentChild (pid, cid) VALUES ("62f51abb-8bb6-4d6c-a3d4-76b29a7541a8","d0a3e4a8-821d-4eed-8a6b-52761bc45350");
INSERT INTO ChildType (cid, type) VALUES ("ed0bbc63-2b77-49a7-a93b-c7aeda2ccd00","Document");
INSERT INTO ParentChild (pid, cid) VALUES ("62f51abb-8bb6-4d6c-a3d4-76b29a7541a8","ed0bbc63-2b77-49a7-a93b-c7aeda2ccd00");
INSERT INTO ChildType (cid, type) VALUES ("a5ddd8cf-ff77-4677-befe-ec6feec453c2","Document");
INSERT INTO ParentChild (pid, cid) VALUES ("62f51abb-8bb6-4d6c-a3d4-76b29a7541a8","a5ddd8cf-ff77-4677-befe-ec6feec453c2");
INSERT INTO ChildType (cid, type) VALUES ("92e3ce94-b246-467e-958d-2831071c763a","Document");
INSERT INTO ParentChild (pid, cid) VALUES ("62f51abb-8bb6-4d6c-a3d4-76b29a7541a8","92e3ce94-b246-467e-958d-2831071c763a");
INSERT INTO ChildType (cid, type) VALUES ("7279c176-88dd-4bba-baf6-4a4e149deb82","Document");
INSERT INTO ParentChild (pid, cid) VALUES ("62f51abb-8bb6-4d6c-a3d4-76b29a7541a8","7279c176-88dd-4bba-baf6-4a4e149deb82");
INSERT INTO ChildType (cid, type) VALUES ("5bc4afbb-7408-48c0-bb32-b7e7309f560c","Document");
INSERT INTO ParentChild (pid, cid) VALUES ("62f51abb-8bb6-4d6c-a3d4-76b29a7541a8","5bc4afbb-7408-48c0-bb32-b7e7309f560c");
INSERT INTO ChildType (cid, type) VALUES ("1e9bd95a-ff90-43e0-82de-80f5f2a4f31a","Document");
INSERT INTO ParentChild (pid, cid) VALUES ("62f51abb-8bb6-4d6c-a3d4-76b29a7541a8","1e9bd95a-ff90-43e0-82de-80f5f2a4f31a");
INSERT INTO ChildType (cid, type) VALUES ("46f1010e-4e47-4024-a4dd-3181fe493daf","Document");
INSERT INTO ParentChild (pid, cid) VALUES ("62f51abb-8bb6-4d6c-a3d4-76b29a7541a8","46f1010e-4e47-4024-a4dd-3181fe493daf");
INSERT INTO ChildType (cid, type) VALUES ("85832599-4845-431c-ab0a-bfe2227a6d00","Document");
INSERT INTO ParentChild (pid, cid) VALUES ("62f51abb-8bb6-4d6c-a3d4-76b29a7541a8","85832599-4845-431c-ab0a-bfe2227a6d00");
INSERT INTO ChildType (cid, type) VALUES ("6f3ce6ca-48c0-44e5-a4e1-9c9217276104","Document");
INSERT INTO ParentChild (pid, cid) VALUES ("62f51abb-8bb6-4d6c-a3d4-76b29a7541a8","6f3ce6ca-48c0-44e5-a4e1-9c9217276104");
INSERT INTO ChildType (cid, type) VALUES ("841a6d11-44c9-4015-aff9-acaf0c814ddc","Document");
INSERT INTO ParentChild (pid, cid) VALUES ("62f51abb-8bb6-4d6c-a3d4-76b29a7541a8","841a6d11-44c9-4015-aff9-acaf0c814ddc");
INSERT INTO ChildType (cid, type) VALUES ("7b68dd18-dcab-43b4-8110-80982b5d0900","Document");
INSERT INTO ParentChild (pid, cid) VALUES ("62f51abb-8bb6-4d6c-a3d4-76b29a7541a8","7b68dd18-dcab-43b4-8110-80982b5d0900");
INSERT INTO ChildType (cid, type) VALUES ("a26448ea-0c31-4681-b4bc-339b20ff3f9d","Document");
INSERT INTO ParentChild (pid, cid) VALUES ("62f51abb-8bb6-4d6c-a3d4-76b29a7541a8","a26448ea-0c31-4681-b4bc-339b20ff3f9d");
INSERT INTO ChildType (cid, type) VALUES ("f9c63161-24fd-4da2-9ac8-1d4bdbfbe174","Document");
INSERT INTO ParentChild (pid, cid) VALUES ("62f51abb-8bb6-4d6c-a3d4-76b29a7541a8","f9c63161-24fd-4da2-9ac8-1d4bdbfbe174");
INSERT INTO ChildType (cid, type) VALUES ("cfd9069a-23ad-4d70-a52b-3335e70c12ff","Document");
INSERT INTO ParentChild (pid, cid) VALUES ("62f51abb-8bb6-4d6c-a3d4-76b29a7541a8","cfd9069a-23ad-4d70-a52b-3335e70c12ff");
INSERT INTO ChildType (cid, type) VALUES ("27e6c366-2876-4d96-bec9-bb02b69cdd10","Document");
INSERT INTO ParentChild (pid, cid) VALUES ("62f51abb-8bb6-4d6c-a3d4-76b29a7541a8","27e6c366-2876-4d96-bec9-bb02b69cdd10");
INSERT INTO ChildType (cid, type) VALUES ("493151fc-93f8-4f77-9ff8-b70a34660350","Document");
INSERT INTO ParentChild (pid, cid) VALUES ("62f51abb-8bb6-4d6c-a3d4-76b29a7541a8","493151fc-93f8-4f77-9ff8-b70a34660350");
INSERT INTO ChildType (cid, type) VALUES ("ec8d5747-ac06-4ef4-bcf3-3ef017ce7098","Document");
INSERT INTO ParentChild (pid, cid) VALUES ("62f51abb-8bb6-4d6c-a3d4-76b29a7541a8","ec8d5747-ac06-4ef4-bcf3-3ef017ce7098");
INSERT INTO ChildType (cid, type) VALUES ("f112c65a-c51e-4b96-8a1d-8b6bc1e7b8a8","Document");
INSERT INTO ParentChild (pid, cid) VALUES ("62f51abb-8bb6-4d6c-a3d4-76b29a7541a8","f112c65a-c51e-4b96-8a1d-8b6bc1e7b8a8");
INSERT INTO ChildType (cid, type) VALUES ("53b836c3-9092-4aff-9cfc-5b7ac4a380c1","Document");
INSERT INTO ParentChild (pid, cid) VALUES ("62f51abb-8bb6-4d6c-a3d4-76b29a7541a8","53b836c3-9092-4aff-9cfc-5b7ac4a380c1");
INSERT INTO ChildType (cid, type) VALUES ("bae0db24-4295-4583-9c49-455149016579","Document");
INSERT INTO ParentChild (pid, cid) VALUES ("62f51abb-8bb6-4d6c-a3d4-76b29a7541a8","bae0db24-4295-4583-9c49-455149016579");
INSERT INTO ChildType (cid, type) VALUES ("5972c9d1-11ba-420f-b8e3-872d772777b9","Document");
INSERT INTO ParentChild (pid, cid) VALUES ("62f51abb-8bb6-4d6c-a3d4-76b29a7541a8","5972c9d1-11ba-420f-b8e3-872d772777b9");
INSERT INTO ChildType (cid, type) VALUES ("e5003730-4ed4-4c56-9a67-821b5cd38478","Document");
INSERT INTO ParentChild (pid, cid) VALUES ("62f51abb-8bb6-4d6c-a3d4-76b29a7541a8","e5003730-4ed4-4c56-9a67-821b5cd38478");
INSERT INTO ChildType (cid, type) VALUES ("6ac96a69-71ce-4ebf-9011-08ae2bbeac2b","Document");
INSERT INTO ParentChild (pid, cid) VALUES ("62f51abb-8bb6-4d6c-a3d4-76b29a7541a8","6ac96a69-71ce-4ebf-9011-08ae2bbeac2b");
INSERT INTO ChildType (cid, type) VALUES ("890bad89-2223-424e-92b8-01783fc8c99c","Document");
INSERT INTO ParentChild (pid, cid) VALUES ("62f51abb-8bb6-4d6c-a3d4-76b29a7541a8","890bad89-2223-424e-92b8-01783fc8c99c");
INSERT INTO ChildType (cid, type) VALUES ("60fe20fe-e9bc-4767-a13d-760b7bff313c","Document");
INSERT INTO ParentChild (pid, cid) VALUES ("62f51abb-8bb6-4d6c-a3d4-76b29a7541a8","60fe20fe-e9bc-4767-a13d-760b7bff313c");
INSERT INTO ChildType (cid, type) VALUES ("13615c68-0567-4973-bca2-66384b479eff","Document");
INSERT INTO ParentChild (pid, cid) VALUES ("62f51abb-8bb6-4d6c-a3d4-76b29a7541a8","13615c68-0567-4973-bca2-66384b479eff");
INSERT INTO ChildType (cid, type) VALUES ("07220a8b-3924-4975-81f7-6a7e42b94888","Document");
INSERT INTO ParentChild (pid, cid) VALUES ("62f51abb-8bb6-4d6c-a3d4-76b29a7541a8","07220a8b-3924-4975-81f7-6a7e42b94888");
INSERT INTO ChildType (cid, type) VALUES ("b0a94f56-02ed-4299-8ec2-aeedf8bba2e4","Document");
INSERT INTO ParentChild (pid, cid) VALUES ("62f51abb-8bb6-4d6c-a3d4-76b29a7541a8","b0a94f56-02ed-4299-8ec2-aeedf8bba2e4");
INSERT INTO ChildType (cid, type) VALUES ("e31204ac-3269-4ada-aa02-6de17bed8d17","Document");
INSERT INTO ParentChild (pid, cid) VALUES ("62f51abb-8bb6-4d6c-a3d4-76b29a7541a8","e31204ac-3269-4ada-aa02-6de17bed8d17");
INSERT INTO ChildType (cid, type) VALUES ("f09aaf87-44ac-4080-8f09-4b9e3cd2025e","Document");
INSERT INTO ParentChild (pid, cid) VALUES ("62f51abb-8bb6-4d6c-a3d4-76b29a7541a8","f09aaf87-44ac-4080-8f09-4b9e3cd2025e");
INSERT INTO ChildType (cid, type) VALUES ("3a51aa5b-b20d-47a0-8cab-7a93972da208","Document");
INSERT INTO ParentChild (pid, cid) VALUES ("62f51abb-8bb6-4d6c-a3d4-76b29a7541a8","3a51aa5b-b20d-47a0-8cab-7a93972da208");
INSERT INTO ChildType (cid, type) VALUES ("b5087427-e222-4720-af09-e192d286e9b3","Document");
INSERT INTO ParentChild (pid, cid) VALUES ("62f51abb-8bb6-4d6c-a3d4-76b29a7541a8","b5087427-e222-4720-af09-e192d286e9b3");
INSERT INTO ChildType (cid, type) VALUES ("521c922a-f396-4556-b5c0-df6c01c24c6a","Document");
INSERT INTO ParentChild (pid, cid) VALUES ("62f51abb-8bb6-4d6c-a3d4-76b29a7541a8","521c922a-f396-4556-b5c0-df6c01c24c6a");
INSERT INTO ChildType (cid, type) VALUES ("144e2d0d-4871-4c2d-9fd4-cbf142376275","Document");
INSERT INTO ParentChild (pid, cid) VALUES ("62f51abb-8bb6-4d6c-a3d4-76b29a7541a8","144e2d0d-4871-4c2d-9fd4-cbf142376275");
INSERT INTO ChildType (cid, type) VALUES ("dc821b8d-6119-40b9-b3fc-c43ed4fd6ce1","Document");
INSERT INTO ParentChild (pid, cid) VALUES ("62f51abb-8bb6-4d6c-a3d4-76b29a7541a8","dc821b8d-6119-40b9-b3fc-c43ed4fd6ce1");
INSERT INTO ChildType (cid, type) VALUES ("b45403b7-7417-4733-ae14-0feda2cebdb8","Document");
INSERT INTO ParentChild (pid, cid) VALUES ("62f51abb-8bb6-4d6c-a3d4-76b29a7541a8","b45403b7-7417-4733-ae14-0feda2cebdb8");
INSERT INTO ChildType (cid, type) VALUES ("22de75f7-41a5-4a17-b90f-25ef3b5da9c8","Document");
INSERT INTO ParentChild (pid, cid) VALUES ("62f51abb-8bb6-4d6c-a3d4-76b29a7541a8","22de75f7-41a5-4a17-b90f-25ef3b5da9c8");
INSERT INTO ChildType (cid, type) VALUES ("a3a507b1-a28c-482b-b31b-5a977202d1c4","Document");
INSERT INTO ParentChild (pid, cid) VALUES ("62f51abb-8bb6-4d6c-a3d4-76b29a7541a8","a3a507b1-a28c-482b-b31b-5a977202d1c4");
INSERT INTO ChildType (cid, type) VALUES ("d4f3df53-3627-47d6-95c6-98533637c34b","Document");
INSERT INTO ParentChild (pid, cid) VALUES ("62f51abb-8bb6-4d6c-a3d4-76b29a7541a8","d4f3df53-3627-47d6-95c6-98533637c34b");
INSERT INTO ChildType (cid, type) VALUES ("91121892-9e3a-453b-bd0f-05c244b45ebb","Document");
INSERT INTO ParentChild (pid, cid) VALUES ("62f51abb-8bb6-4d6c-a3d4-76b29a7541a8","91121892-9e3a-453b-bd0f-05c244b45ebb");
INSERT INTO ChildType (cid, type) VALUES ("0a91e161-2e7f-4b7e-9355-499b94f7dedf","Document");
INSERT INTO ParentChild (pid, cid) VALUES ("62f51abb-8bb6-4d6c-a3d4-76b29a7541a8","0a91e161-2e7f-4b7e-9355-499b94f7dedf");
INSERT INTO ChildType (cid, type) VALUES ("9eb08f91-5f72-4df4-8f2c-6e45ace05e79","Document");
INSERT INTO ParentChild (pid, cid) VALUES ("62f51abb-8bb6-4d6c-a3d4-76b29a7541a8","9eb08f91-5f72-4df4-8f2c-6e45ace05e79");
INSERT INTO ChildType (cid, type) VALUES ("659ef072-23d6-4e52-887e-db747a06fa91","Document");
INSERT INTO ParentChild (pid, cid) VALUES ("62f51abb-8bb6-4d6c-a3d4-76b29a7541a8","659ef072-23d6-4e52-887e-db747a06fa91");
INSERT INTO ChildType (cid, type) VALUES ("26598eaf-f829-4818-be98-9e6f3c2a3e99","Document");
INSERT INTO ParentChild (pid, cid) VALUES ("62f51abb-8bb6-4d6c-a3d4-76b29a7541a8","26598eaf-f829-4818-be98-9e6f3c2a3e99");
INSERT INTO ChildType (cid, type) VALUES ("d5e2a0b3-0874-4253-b96f-e52cd1561669","Document");
INSERT INTO ParentChild (pid, cid) VALUES ("62f51abb-8bb6-4d6c-a3d4-76b29a7541a8","d5e2a0b3-0874-4253-b96f-e52cd1561669");
INSERT INTO ChildType (cid, type) VALUES ("4ccc7004-6028-4c9f-8dac-1793ea699e7c","Document");
INSERT INTO ParentChild (pid, cid) VALUES ("62f51abb-8bb6-4d6c-a3d4-76b29a7541a8","4ccc7004-6028-4c9f-8dac-1793ea699e7c");
INSERT INTO ChildType (cid, type) VALUES ("34aa763c-9cde-4c02-8438-5872b9fc2fae","Document");
INSERT INTO ParentChild (pid, cid) VALUES ("62f51abb-8bb6-4d6c-a3d4-76b29a7541a8","34aa763c-9cde-4c02-8438-5872b9fc2fae");
INSERT INTO ChildType (cid, type) VALUES ("94c8da0d-44bf-4cc9-bc7a-9cdc8aacf32b","Document");
INSERT INTO ParentChild (pid, cid) VALUES ("62f51abb-8bb6-4d6c-a3d4-76b29a7541a8","94c8da0d-44bf-4cc9-bc7a-9cdc8aacf32b");
INSERT INTO ChildType (cid, type) VALUES ("248632ea-a473-4bf1-92a5-7fb886f9d082","Document");
INSERT INTO ParentChild (pid, cid) VALUES ("62f51abb-8bb6-4d6c-a3d4-76b29a7541a8","248632ea-a473-4bf1-92a5-7fb886f9d082");
INSERT INTO ChildType (cid, type) VALUES ("e8beb8c3-669e-4c32-9d2c-51fee552c161","Document");
INSERT INTO ParentChild (pid, cid) VALUES ("62f51abb-8bb6-4d6c-a3d4-76b29a7541a8","e8beb8c3-669e-4c32-9d2c-51fee552c161");
INSERT INTO ChildType (cid, type) VALUES ("6bd6bad0-3fea-4f8a-8bf7-74d73ea2128c","Document");
INSERT INTO ParentChild (pid, cid) VALUES ("62f51abb-8bb6-4d6c-a3d4-76b29a7541a8","6bd6bad0-3fea-4f8a-8bf7-74d73ea2128c");
INSERT INTO ChildType (cid, type) VALUES ("32b3de82-e231-4f2a-b347-86884b81e419","Document");
INSERT INTO ParentChild (pid, cid) VALUES ("62f51abb-8bb6-4d6c-a3d4-76b29a7541a8","32b3de82-e231-4f2a-b347-86884b81e419");
INSERT INTO ChildType (cid, type) VALUES ("4fca35a2-6883-4367-93f6-1f86c57dc996","Document");
INSERT INTO ParentChild (pid, cid) VALUES ("62f51abb-8bb6-4d6c-a3d4-76b29a7541a8","4fca35a2-6883-4367-93f6-1f86c57dc996");
INSERT INTO ChildType (cid, type) VALUES ("7432f0fc-c219-43ab-b82b-5b5581e7a5cc","Document");
INSERT INTO ParentChild (pid, cid) VALUES ("62f51abb-8bb6-4d6c-a3d4-76b29a7541a8","7432f0fc-c219-43ab-b82b-5b5581e7a5cc");
INSERT INTO ChildType (cid, type) VALUES ("6dcf8506-4c8c-4733-b3d6-d83a87e7c7a1","Document");
INSERT INTO ParentChild (pid, cid) VALUES ("62f51abb-8bb6-4d6c-a3d4-76b29a7541a8","6dcf8506-4c8c-4733-b3d6-d83a87e7c7a1");
INSERT INTO ChildType (cid, type) VALUES ("14b334f5-3023-4340-a7d0-8b1bf6538f59","Document");
INSERT INTO ParentChild (pid, cid) VALUES ("62f51abb-8bb6-4d6c-a3d4-76b29a7541a8","14b334f5-3023-4340-a7d0-8b1bf6538f59");
INSERT INTO ChildType (cid, type) VALUES ("8b21021d-9366-4f79-ac03-f4d24b0d16f5","Document");
INSERT INTO ParentChild (pid, cid) VALUES ("62f51abb-8bb6-4d6c-a3d4-76b29a7541a8","8b21021d-9366-4f79-ac03-f4d24b0d16f5");
INSERT INTO ChildType (cid, type) VALUES ("1b8bfe1f-867a-41ee-acbc-0c1a8064eeb1","Document");
INSERT INTO ParentChild (pid, cid) VALUES ("62f51abb-8bb6-4d6c-a3d4-76b29a7541a8","1b8bfe1f-867a-41ee-acbc-0c1a8064eeb1");
INSERT INTO ChildType (cid, type) VALUES ("c52e8194-8d28-42b9-b679-121f5d18c41a","Document");
INSERT INTO ParentChild (pid, cid) VALUES ("62f51abb-8bb6-4d6c-a3d4-76b29a7541a8","c52e8194-8d28-42b9-b679-121f5d18c41a");
INSERT INTO ChildType (cid, type) VALUES ("5be0c376-b8f3-41dc-8f74-c9325a7e15f6","Document");
INSERT INTO ParentChild (pid, cid) VALUES ("62f51abb-8bb6-4d6c-a3d4-76b29a7541a8","5be0c376-b8f3-41dc-8f74-c9325a7e15f6");
INSERT INTO ChildType (cid, type) VALUES ("9f72c300-e64d-40ec-9a43-e751c748bcdd","Document");
INSERT INTO ParentChild (pid, cid) VALUES ("62f51abb-8bb6-4d6c-a3d4-76b29a7541a8","9f72c300-e64d-40ec-9a43-e751c748bcdd");
INSERT INTO ChildType (cid, type) VALUES ("0ddb549b-8ae1-422f-bada-c46882fe4ee8","Document");
INSERT INTO ParentChild (pid, cid) VALUES ("62f51abb-8bb6-4d6c-a3d4-76b29a7541a8","0ddb549b-8ae1-422f-bada-c46882fe4ee8");
INSERT INTO ChildType (cid, type) VALUES ("6741184b-1af8-468c-8b4d-9e4da393406e","Document");
INSERT INTO ParentChild (pid, cid) VALUES ("62f51abb-8bb6-4d6c-a3d4-76b29a7541a8","6741184b-1af8-468c-8b4d-9e4da393406e");
INSERT INTO ChildType (cid, type) VALUES ("681f534a-f0ac-4950-b7dd-4dbd3bdfdcef","Document");
INSERT INTO ParentChild (pid, cid) VALUES ("62f51abb-8bb6-4d6c-a3d4-76b29a7541a8","681f534a-f0ac-4950-b7dd-4dbd3bdfdcef");
INSERT INTO ChildType (cid, type) VALUES ("14ab0e31-45c3-41bd-a581-76bffd1d8bd5","Document");
INSERT INTO ParentChild (pid, cid) VALUES ("62f51abb-8bb6-4d6c-a3d4-76b29a7541a8","14ab0e31-45c3-41bd-a581-76bffd1d8bd5");
INSERT INTO ChildType (cid, type) VALUES ("cc1ef010-5937-42bf-a974-1d80cd31b63d","Document");
INSERT INTO ParentChild (pid, cid) VALUES ("62f51abb-8bb6-4d6c-a3d4-76b29a7541a8","cc1ef010-5937-42bf-a974-1d80cd31b63d");
INSERT INTO ChildType (cid, type) VALUES ("0cf0ba6d-15f1-43de-91f9-55cb5cb5b014","Document");
INSERT INTO ParentChild (pid, cid) VALUES ("62f51abb-8bb6-4d6c-a3d4-76b29a7541a8","0cf0ba6d-15f1-43de-91f9-55cb5cb5b014");
INSERT INTO ChildType (cid, type) VALUES ("4511de8d-9f7d-4dd6-ace5-b7117f704fa8","Document");
INSERT INTO ParentChild (pid, cid) VALUES ("62f51abb-8bb6-4d6c-a3d4-76b29a7541a8","4511de8d-9f7d-4dd6-ace5-b7117f704fa8");
INSERT INTO ChildType (cid, type) VALUES ("84d43b0c-b539-40d7-b990-ab9cd7d6b79f","Document");
INSERT INTO ParentChild (pid, cid) VALUES ("62f51abb-8bb6-4d6c-a3d4-76b29a7541a8","84d43b0c-b539-40d7-b990-ab9cd7d6b79f");
INSERT INTO ChildType (cid, type) VALUES ("9be2f57f-f655-4a4e-ad59-9ea662cc9fca","Document");
INSERT INTO ParentChild (pid, cid) VALUES ("62f51abb-8bb6-4d6c-a3d4-76b29a7541a8","9be2f57f-f655-4a4e-ad59-9ea662cc9fca");
INSERT INTO ChildType (cid, type) VALUES ("fa29f783-5725-4054-b9b7-f84aae997aa0","Document");
INSERT INTO ParentChild (pid, cid) VALUES ("62f51abb-8bb6-4d6c-a3d4-76b29a7541a8","fa29f783-5725-4054-b9b7-f84aae997aa0");
INSERT INTO ChildType (cid, type) VALUES ("f4fb0d4a-d116-4125-8168-d55a06e15f50","Document");
INSERT INTO ParentChild (pid, cid) VALUES ("62f51abb-8bb6-4d6c-a3d4-76b29a7541a8","f4fb0d4a-d116-4125-8168-d55a06e15f50");
INSERT INTO ChildType (cid, type) VALUES ("9193067b-9356-4a54-82bb-684bec661b12","Document");
INSERT INTO ParentChild (pid, cid) VALUES ("62f51abb-8bb6-4d6c-a3d4-76b29a7541a8","9193067b-9356-4a54-82bb-684bec661b12");
INSERT INTO ChildType (cid, type) VALUES ("0c6f6f27-f971-491b-9b7b-6d3995dc4f4c","Document");
INSERT INTO ParentChild (pid, cid) VALUES ("62f51abb-8bb6-4d6c-a3d4-76b29a7541a8","0c6f6f27-f971-491b-9b7b-6d3995dc4f4c");
INSERT INTO ChildType (cid, type) VALUES ("4d31f001-5bd2-4168-8d6a-559ff8a9b719","Document");
INSERT INTO ParentChild (pid, cid) VALUES ("62f51abb-8bb6-4d6c-a3d4-76b29a7541a8","4d31f001-5bd2-4168-8d6a-559ff8a9b719");
INSERT INTO ChildType (cid, type) VALUES ("be20bb41-84fc-4921-8ee8-c1b923c00613","Document");
INSERT INTO ParentChild (pid, cid) VALUES ("62f51abb-8bb6-4d6c-a3d4-76b29a7541a8","be20bb41-84fc-4921-8ee8-c1b923c00613");
INSERT INTO ChildType (cid, type) VALUES ("dfd6275f-5d71-485f-b397-bbdbc4b7d80b","Document");
INSERT INTO ParentChild (pid, cid) VALUES ("62f51abb-8bb6-4d6c-a3d4-76b29a7541a8","dfd6275f-5d71-485f-b397-bbdbc4b7d80b");
INSERT INTO ChildType (cid, type) VALUES ("1cd508a5-a823-4813-b2fe-3e1bd4855c80","Document");
INSERT INTO ParentChild (pid, cid) VALUES ("62f51abb-8bb6-4d6c-a3d4-76b29a7541a8","1cd508a5-a823-4813-b2fe-3e1bd4855c80");
INSERT INTO ChildType (cid, type) VALUES ("2a3e88e5-09df-4356-9243-fa834b49b041","Document");
INSERT INTO ParentChild (pid, cid) VALUES ("62f51abb-8bb6-4d6c-a3d4-76b29a7541a8","2a3e88e5-09df-4356-9243-fa834b49b041");
INSERT INTO ChildType (cid, type) VALUES ("bb24d564-64d6-45c4-b1a5-9f480fa8751e","Document");
INSERT INTO ParentChild (pid, cid) VALUES ("62f51abb-8bb6-4d6c-a3d4-76b29a7541a8","bb24d564-64d6-45c4-b1a5-9f480fa8751e");
INSERT INTO ChildType (cid, type) VALUES ("66a06f6e-f754-4d2c-a8de-183e84281072","Document");
INSERT INTO ParentChild (pid, cid) VALUES ("62f51abb-8bb6-4d6c-a3d4-76b29a7541a8","66a06f6e-f754-4d2c-a8de-183e84281072");
INSERT INTO ChildType (cid, type) VALUES ("9d9c611e-25df-4fdc-9f05-603087e6248e","Document");
INSERT INTO ParentChild (pid, cid) VALUES ("62f51abb-8bb6-4d6c-a3d4-76b29a7541a8","9d9c611e-25df-4fdc-9f05-603087e6248e");
INSERT INTO ChildType (cid, type) VALUES ("81402116-9051-402a-83a5-1b4ac9ea6700","Document");
INSERT INTO ParentChild (pid, cid) VALUES ("62f51abb-8bb6-4d6c-a3d4-76b29a7541a8","81402116-9051-402a-83a5-1b4ac9ea6700");
INSERT INTO ChildType (cid, type) VALUES ("3331a8fe-eda9-40ce-ab62-5a572d84c4b3","Document");
INSERT INTO ParentChild (pid, cid) VALUES ("62f51abb-8bb6-4d6c-a3d4-76b29a7541a8","3331a8fe-eda9-40ce-ab62-5a572d84c4b3");
INSERT INTO ChildType (cid, type) VALUES ("250806ae-e707-4113-95b0-61545c91b38c","Document");
INSERT INTO ParentChild (pid, cid) VALUES ("62f51abb-8bb6-4d6c-a3d4-76b29a7541a8","250806ae-e707-4113-95b0-61545c91b38c");
INSERT INTO ChildType (cid, type) VALUES ("ef64141e-8643-4f78-a3a6-fe24c8adf18a","Document");
INSERT INTO ParentChild (pid, cid) VALUES ("62f51abb-8bb6-4d6c-a3d4-76b29a7541a8","ef64141e-8643-4f78-a3a6-fe24c8adf18a");
INSERT INTO ChildType (cid, type) VALUES ("795b21c8-3dda-424e-ab10-a144f2191b60","Document");
INSERT INTO ParentChild (pid, cid) VALUES ("62f51abb-8bb6-4d6c-a3d4-76b29a7541a8","795b21c8-3dda-424e-ab10-a144f2191b60");
INSERT INTO ChildType (cid, type) VALUES ("74e055fb-a450-41b3-938f-536ebfd916d6","Document");
INSERT INTO ParentChild (pid, cid) VALUES ("62f51abb-8bb6-4d6c-a3d4-76b29a7541a8","74e055fb-a450-41b3-938f-536ebfd916d6");
INSERT INTO ChildType (cid, type) VALUES ("897e5ad1-f548-46bd-9166-12066d534b28","Document");
INSERT INTO ParentChild (pid, cid) VALUES ("62f51abb-8bb6-4d6c-a3d4-76b29a7541a8","897e5ad1-f548-46bd-9166-12066d534b28");
INSERT INTO ChildType (cid, type) VALUES ("95c6dfac-a2a9-464b-8ff6-d29c2816e08f","Document");
INSERT INTO ParentChild (pid, cid) VALUES ("62f51abb-8bb6-4d6c-a3d4-76b29a7541a8","95c6dfac-a2a9-464b-8ff6-d29c2816e08f");
INSERT INTO ChildType (cid, type) VALUES ("2652a859-1724-40a9-98b8-586ace0647b0","Document");
INSERT INTO ParentChild (pid, cid) VALUES ("62f51abb-8bb6-4d6c-a3d4-76b29a7541a8","2652a859-1724-40a9-98b8-586ace0647b0");
INSERT INTO ChildType (cid, type) VALUES ("e350264e-678b-4d0c-80c5-2ba92f61c608","Document");
INSERT INTO ParentChild (pid, cid) VALUES ("62f51abb-8bb6-4d6c-a3d4-76b29a7541a8","e350264e-678b-4d0c-80c5-2ba92f61c608");
INSERT INTO ChildType (cid, type) VALUES ("1dac2f7a-5972-4d2b-be16-9ad30543c34b","Document");
INSERT INTO ParentChild (pid, cid) VALUES ("62f51abb-8bb6-4d6c-a3d4-76b29a7541a8","1dac2f7a-5972-4d2b-be16-9ad30543c34b");
INSERT INTO ChildType (cid, type) VALUES ("da9742c2-cdd8-454a-85e7-2808892ad261","Document");
INSERT INTO ParentChild (pid, cid) VALUES ("62f51abb-8bb6-4d6c-a3d4-76b29a7541a8","da9742c2-cdd8-454a-85e7-2808892ad261");
INSERT INTO ChildType (cid, type) VALUES ("d8283509-9b44-464a-a65c-6dc349fb4e06","Document");
INSERT INTO ParentChild (pid, cid) VALUES ("62f51abb-8bb6-4d6c-a3d4-76b29a7541a8","d8283509-9b44-464a-a65c-6dc349fb4e06");
INSERT INTO ChildType (cid, type) VALUES ("eedf655a-f61d-415f-b937-3f700d548f68","Document");
INSERT INTO ParentChild (pid, cid) VALUES ("62f51abb-8bb6-4d6c-a3d4-76b29a7541a8","eedf655a-f61d-415f-b937-3f700d548f68");
INSERT INTO ChildType (cid, type) VALUES ("694f475f-c115-442a-a513-0d81486202ed","Document");
INSERT INTO ParentChild (pid, cid) VALUES ("62f51abb-8bb6-4d6c-a3d4-76b29a7541a8","694f475f-c115-442a-a513-0d81486202ed");
INSERT INTO ChildType (cid, type) VALUES ("ae70ec51-c47e-436d-ba9e-89be06163038","Document");
INSERT INTO ParentChild (pid, cid) VALUES ("62f51abb-8bb6-4d6c-a3d4-76b29a7541a8","ae70ec51-c47e-436d-ba9e-89be06163038");
INSERT INTO ChildType (cid, type) VALUES ("2cae934a-4e1b-436a-a09a-dc256a6c6b23","Document");
INSERT INTO ParentChild (pid, cid) VALUES ("62f51abb-8bb6-4d6c-a3d4-76b29a7541a8","2cae934a-4e1b-436a-a09a-dc256a6c6b23");
INSERT INTO ChildType (cid, type) VALUES ("63af05ee-2ca7-4388-ae3f-0e9ff227d688","Document");
INSERT INTO ParentChild (pid, cid) VALUES ("62f51abb-8bb6-4d6c-a3d4-76b29a7541a8","63af05ee-2ca7-4388-ae3f-0e9ff227d688");
INSERT INTO ChildType (cid, type) VALUES ("f672d933-7d23-495b-8df0-e464e1cf6982","Document");
INSERT INTO ParentChild (pid, cid) VALUES ("62f51abb-8bb6-4d6c-a3d4-76b29a7541a8","f672d933-7d23-495b-8df0-e464e1cf6982");
INSERT INTO ChildType (cid, type) VALUES ("a78dcdd1-31a9-45be-b89d-3af70838a57e","Document");
INSERT INTO ParentChild (pid, cid) VALUES ("62f51abb-8bb6-4d6c-a3d4-76b29a7541a8","a78dcdd1-31a9-45be-b89d-3af70838a57e");
INSERT INTO ChildType (cid, type) VALUES ("60887778-3a16-4949-ab91-eae73bc36d85","Document");
INSERT INTO ParentChild (pid, cid) VALUES ("62f51abb-8bb6-4d6c-a3d4-76b29a7541a8","60887778-3a16-4949-ab91-eae73bc36d85");
INSERT INTO ChildType (cid, type) VALUES ("ff7e0c7d-f6de-4b76-a110-1092184abee4","Document");
INSERT INTO ParentChild (pid, cid) VALUES ("62f51abb-8bb6-4d6c-a3d4-76b29a7541a8","ff7e0c7d-f6de-4b76-a110-1092184abee4");
INSERT INTO ChildType (cid, type) VALUES ("e5d10fcb-7909-48a5-a145-a24fe1ac5865","Document");
INSERT INTO ParentChild (pid, cid) VALUES ("62f51abb-8bb6-4d6c-a3d4-76b29a7541a8","e5d10fcb-7909-48a5-a145-a24fe1ac5865");
INSERT INTO ChildType (cid, type) VALUES ("48fabc1e-96d1-4b18-9e11-a4630c300e9a","Document");
INSERT INTO ParentChild (pid, cid) VALUES ("62f51abb-8bb6-4d6c-a3d4-76b29a7541a8","48fabc1e-96d1-4b18-9e11-a4630c300e9a");
INSERT INTO ChildType (cid, type) VALUES ("c2580450-aa18-4be0-b6ad-9ef944d204c6","Document");
INSERT INTO ParentChild (pid, cid) VALUES ("62f51abb-8bb6-4d6c-a3d4-76b29a7541a8","c2580450-aa18-4be0-b6ad-9ef944d204c6");
INSERT INTO ChildType (cid, type) VALUES ("c9baadd4-3396-49b2-9791-f4bba2bb8d67","Document");
INSERT INTO ParentChild (pid, cid) VALUES ("62f51abb-8bb6-4d6c-a3d4-76b29a7541a8","c9baadd4-3396-49b2-9791-f4bba2bb8d67");
INSERT INTO ChildType (cid, type) VALUES ("05d1f6a6-ab3e-44b8-8072-281af0b75efb","Document");
INSERT INTO ParentChild (pid, cid) VALUES ("62f51abb-8bb6-4d6c-a3d4-76b29a7541a8","05d1f6a6-ab3e-44b8-8072-281af0b75efb");
INSERT INTO ChildType (cid, type) VALUES ("6cfb49fb-1aeb-4e9a-aeba-d5f55b6afc4f","Document");
INSERT INTO ParentChild (pid, cid) VALUES ("62f51abb-8bb6-4d6c-a3d4-76b29a7541a8","6cfb49fb-1aeb-4e9a-aeba-d5f55b6afc4f");
INSERT INTO ChildType (cid, type) VALUES ("cc259ebe-df7c-4926-b904-ad531a570c2e","Document");
INSERT INTO ParentChild (pid, cid) VALUES ("62f51abb-8bb6-4d6c-a3d4-76b29a7541a8","cc259ebe-df7c-4926-b904-ad531a570c2e");
INSERT INTO ChildType (cid, type) VALUES ("93d33250-042a-4421-9a1f-7f0fc5228a1d","Document");
INSERT INTO ParentChild (pid, cid) VALUES ("62f51abb-8bb6-4d6c-a3d4-76b29a7541a8","93d33250-042a-4421-9a1f-7f0fc5228a1d");
INSERT INTO ChildType (cid, type) VALUES ("6c4f3712-0b4c-4783-9bcf-88ce9fa72ff5","Document");
INSERT INTO ParentChild (pid, cid) VALUES ("62f51abb-8bb6-4d6c-a3d4-76b29a7541a8","6c4f3712-0b4c-4783-9bcf-88ce9fa72ff5");
INSERT INTO ChildType (cid, type) VALUES ("5c163afb-cef1-4db2-800e-32765d0472cc","Document");
INSERT INTO ParentChild (pid, cid) VALUES ("62f51abb-8bb6-4d6c-a3d4-76b29a7541a8","5c163afb-cef1-4db2-800e-32765d0472cc");
INSERT INTO ChildType (cid, type) VALUES ("db7cd30c-2e05-4077-b42c-c105d35a1a87","Document");
INSERT INTO ParentChild (pid, cid) VALUES ("62f51abb-8bb6-4d6c-a3d4-76b29a7541a8","db7cd30c-2e05-4077-b42c-c105d35a1a87");
INSERT INTO ChildType (cid, type) VALUES ("d66881fe-598b-45a1-8204-0ac1967bed87","Document");
INSERT INTO ParentChild (pid, cid) VALUES ("62f51abb-8bb6-4d6c-a3d4-76b29a7541a8","d66881fe-598b-45a1-8204-0ac1967bed87");
INSERT INTO ChildType (cid, type) VALUES ("a9b4be57-7f0e-4858-a97d-8f2c3952a6c1","Document");
INSERT INTO ParentChild (pid, cid) VALUES ("62f51abb-8bb6-4d6c-a3d4-76b29a7541a8","a9b4be57-7f0e-4858-a97d-8f2c3952a6c1");
INSERT INTO ChildType (cid, type) VALUES ("f8dff1e1-13c7-483e-9d9d-726505d2fa61","Document");
INSERT INTO ParentChild (pid, cid) VALUES ("62f51abb-8bb6-4d6c-a3d4-76b29a7541a8","f8dff1e1-13c7-483e-9d9d-726505d2fa61");
INSERT INTO ChildType (cid, type) VALUES ("c0b689c3-6338-4191-b711-dcc4800df95c","Document");
INSERT INTO ParentChild (pid, cid) VALUES ("62f51abb-8bb6-4d6c-a3d4-76b29a7541a8","c0b689c3-6338-4191-b711-dcc4800df95c");
INSERT INTO ChildType (cid, type) VALUES ("23e19719-65c4-4c33-900b-372317df21a6","Document");
INSERT INTO ParentChild (pid, cid) VALUES ("62f51abb-8bb6-4d6c-a3d4-76b29a7541a8","23e19719-65c4-4c33-900b-372317df21a6");
INSERT INTO ChildType (cid, type) VALUES ("7fea54a5-c598-4409-8aa6-72c679946bb2","Document");
INSERT INTO ParentChild (pid, cid) VALUES ("62f51abb-8bb6-4d6c-a3d4-76b29a7541a8","7fea54a5-c598-4409-8aa6-72c679946bb2");
INSERT INTO ChildType (cid, type) VALUES ("f2342131-5dd9-4c49-83a1-3c4baed38c90","Document");
INSERT INTO ParentChild (pid, cid) VALUES ("62f51abb-8bb6-4d6c-a3d4-76b29a7541a8","f2342131-5dd9-4c49-83a1-3c4baed38c90");
INSERT INTO ChildType (cid, type) VALUES ("17c8bb9a-fb5b-4f7f-bc72-3effa1d66c8b","Document");
INSERT INTO ParentChild (pid, cid) VALUES ("62f51abb-8bb6-4d6c-a3d4-76b29a7541a8","17c8bb9a-fb5b-4f7f-bc72-3effa1d66c8b");
INSERT INTO ChildType (cid, type) VALUES ("01461d1a-624d-45c0-9118-f9d1b543d442","Document");
INSERT INTO ParentChild (pid, cid) VALUES ("62f51abb-8bb6-4d6c-a3d4-76b29a7541a8","01461d1a-624d-45c0-9118-f9d1b543d442");
INSERT INTO ChildType (cid, type) VALUES ("d2ef31ed-37c2-4830-9d54-7c4e28c1da59","Document");
INSERT INTO ParentChild (pid, cid) VALUES ("62f51abb-8bb6-4d6c-a3d4-76b29a7541a8","d2ef31ed-37c2-4830-9d54-7c4e28c1da59");
INSERT INTO ChildType (cid, type) VALUES ("2b4b6e1d-324a-4017-9735-20def24791f3","Document");
INSERT INTO ParentChild (pid, cid) VALUES ("62f51abb-8bb6-4d6c-a3d4-76b29a7541a8","2b4b6e1d-324a-4017-9735-20def24791f3");
INSERT INTO ChildType (cid, type) VALUES ("fb0dd229-a248-4712-bdee-29a10b20badf","Document");
INSERT INTO ParentChild (pid, cid) VALUES ("62f51abb-8bb6-4d6c-a3d4-76b29a7541a8","fb0dd229-a248-4712-bdee-29a10b20badf");
INSERT INTO ChildType (cid, type) VALUES ("639dd1c5-3247-43b8-be02-9a413bd06662","Document");
INSERT INTO ParentChild (pid, cid) VALUES ("62f51abb-8bb6-4d6c-a3d4-76b29a7541a8","639dd1c5-3247-43b8-be02-9a413bd06662");
INSERT INTO ChildType (cid, type) VALUES ("d716cbc6-e834-47ac-ad76-12b3d6cacb83","Document");
INSERT INTO ParentChild (pid, cid) VALUES ("62f51abb-8bb6-4d6c-a3d4-76b29a7541a8","d716cbc6-e834-47ac-ad76-12b3d6cacb83");
INSERT INTO ChildType (cid, type) VALUES ("15af852d-1eb2-438e-8d13-582f97ae3c09","Document");
INSERT INTO ParentChild (pid, cid) VALUES ("62f51abb-8bb6-4d6c-a3d4-76b29a7541a8","15af852d-1eb2-438e-8d13-582f97ae3c09");
INSERT INTO ChildType (cid, type) VALUES ("81afa8df-0031-45af-bc75-ba1fd4bab733","Document");
INSERT INTO ParentChild (pid, cid) VALUES ("62f51abb-8bb6-4d6c-a3d4-76b29a7541a8","81afa8df-0031-45af-bc75-ba1fd4bab733");
INSERT INTO ChildType (cid, type) VALUES ("9ca85718-cc4e-4e8e-a6ac-4026c6bf5ee0","Document");
INSERT INTO ParentChild (pid, cid) VALUES ("62f51abb-8bb6-4d6c-a3d4-76b29a7541a8","9ca85718-cc4e-4e8e-a6ac-4026c6bf5ee0");
INSERT INTO ChildType (cid, type) VALUES ("9b6d0f9f-d150-423e-888a-0a12d4dd7885","Document");
INSERT INTO ParentChild (pid, cid) VALUES ("62f51abb-8bb6-4d6c-a3d4-76b29a7541a8","9b6d0f9f-d150-423e-888a-0a12d4dd7885");
INSERT INTO ChildType (cid, type) VALUES ("9252ec2b-7bce-4d60-943e-280235f4d568","Document");
INSERT INTO ParentChild (pid, cid) VALUES ("62f51abb-8bb6-4d6c-a3d4-76b29a7541a8","9252ec2b-7bce-4d60-943e-280235f4d568");
INSERT INTO ChildType (cid, type) VALUES ("58561d10-327f-403f-91b1-391dec7fce59","Document");
INSERT INTO ParentChild (pid, cid) VALUES ("62f51abb-8bb6-4d6c-a3d4-76b29a7541a8","58561d10-327f-403f-91b1-391dec7fce59");
INSERT INTO ChildType (cid, type) VALUES ("54a8fe66-46ae-4053-a148-0ff8f755300e","Document");
INSERT INTO ParentChild (pid, cid) VALUES ("62f51abb-8bb6-4d6c-a3d4-76b29a7541a8","54a8fe66-46ae-4053-a148-0ff8f755300e");
INSERT INTO ChildType (cid, type) VALUES ("49aae2f2-1be4-4d23-985b-e21339246231","Document");
INSERT INTO ParentChild (pid, cid) VALUES ("62f51abb-8bb6-4d6c-a3d4-76b29a7541a8","49aae2f2-1be4-4d23-985b-e21339246231");
INSERT INTO ChildType (cid, type) VALUES ("ecd1ca82-fe22-4793-9d97-311989901721","Document");
INSERT INTO ParentChild (pid, cid) VALUES ("62f51abb-8bb6-4d6c-a3d4-76b29a7541a8","ecd1ca82-fe22-4793-9d97-311989901721");
INSERT INTO ChildType (cid, type) VALUES ("835e9546-cff4-4e3b-bf3b-d40fb2579920","Document");
INSERT INTO ParentChild (pid, cid) VALUES ("62f51abb-8bb6-4d6c-a3d4-76b29a7541a8","835e9546-cff4-4e3b-bf3b-d40fb2579920");
INSERT INTO ChildType (cid, type) VALUES ("a0d55ccd-c706-401d-897e-905008b2c2ca","Document");
INSERT INTO ParentChild (pid, cid) VALUES ("62f51abb-8bb6-4d6c-a3d4-76b29a7541a8","a0d55ccd-c706-401d-897e-905008b2c2ca");
=======
INSERT INTO Documents (guid, docFormat, author, dateModified, description, url) VALUES ("8bc2255b-b4f6-4e88-afc8-9b4325ce4f8f","html","null",null,"CNN - Breaking News, Latest News and Videos","http://www.cnn.com/");
INSERT INTO ParentTitle (pid, title) VALUES ("8bc2255b-b4f6-4e88-afc8-9b4325ce4f8f","cnn");
INSERT INTO ChildType (cid, type) VALUES ("29d4ff0a-8157-4ba0-a03f-f40ac4ccafe4","documents");
INSERT INTO ParentChild (pid, cid) VALUES ("8bc2255b-b4f6-4e88-afc8-9b4325ce4f8f","29d4ff0a-8157-4ba0-a03f-f40ac4ccafe4");
INSERT INTO ChildType (cid, type) VALUES ("5f00dded-dac6-4c95-94ea-0a5597673697","documents");
INSERT INTO ParentChild (pid, cid) VALUES ("8bc2255b-b4f6-4e88-afc8-9b4325ce4f8f","5f00dded-dac6-4c95-94ea-0a5597673697");
INSERT INTO ChildType (cid, type) VALUES ("d8f32835-d4c7-4ede-ba49-9b22b4dbcb05","documents");
INSERT INTO ParentChild (pid, cid) VALUES ("8bc2255b-b4f6-4e88-afc8-9b4325ce4f8f","d8f32835-d4c7-4ede-ba49-9b22b4dbcb05");
INSERT INTO ChildType (cid, type) VALUES ("dd41524a-f278-4074-982e-49a1bd031c27","documents");
INSERT INTO ParentChild (pid, cid) VALUES ("8bc2255b-b4f6-4e88-afc8-9b4325ce4f8f","dd41524a-f278-4074-982e-49a1bd031c27");
INSERT INTO ChildType (cid, type) VALUES ("2629ab79-65b7-4ca0-9b86-fe2bad266bb6","documents");
INSERT INTO ParentChild (pid, cid) VALUES ("8bc2255b-b4f6-4e88-afc8-9b4325ce4f8f","2629ab79-65b7-4ca0-9b86-fe2bad266bb6");
INSERT INTO ChildType (cid, type) VALUES ("1d0b273d-2106-4f32-b617-ce827f029dde","documents");
INSERT INTO ParentChild (pid, cid) VALUES ("8bc2255b-b4f6-4e88-afc8-9b4325ce4f8f","1d0b273d-2106-4f32-b617-ce827f029dde");
INSERT INTO ChildType (cid, type) VALUES ("aafe90c7-8838-4208-97ba-5cf1e9891736","documents");
INSERT INTO ParentChild (pid, cid) VALUES ("8bc2255b-b4f6-4e88-afc8-9b4325ce4f8f","aafe90c7-8838-4208-97ba-5cf1e9891736");
INSERT INTO ChildType (cid, type) VALUES ("564a8628-3be5-4ecd-bfdf-f118eb2b9d0f","documents");
INSERT INTO ParentChild (pid, cid) VALUES ("8bc2255b-b4f6-4e88-afc8-9b4325ce4f8f","564a8628-3be5-4ecd-bfdf-f118eb2b9d0f");
INSERT INTO ChildType (cid, type) VALUES ("8eab62e9-0edf-4dab-832b-e4bf8dcc4e20","documents");
INSERT INTO ParentChild (pid, cid) VALUES ("8bc2255b-b4f6-4e88-afc8-9b4325ce4f8f","8eab62e9-0edf-4dab-832b-e4bf8dcc4e20");
INSERT INTO ChildType (cid, type) VALUES ("10a43520-9448-4e10-b73b-a26b5d69ae48","documents");
INSERT INTO ParentChild (pid, cid) VALUES ("8bc2255b-b4f6-4e88-afc8-9b4325ce4f8f","10a43520-9448-4e10-b73b-a26b5d69ae48");
INSERT INTO ChildType (cid, type) VALUES ("0ecdfdee-bf35-4819-93f4-fc0233ca2460","documents");
INSERT INTO ParentChild (pid, cid) VALUES ("8bc2255b-b4f6-4e88-afc8-9b4325ce4f8f","0ecdfdee-bf35-4819-93f4-fc0233ca2460");
INSERT INTO ChildType (cid, type) VALUES ("0b2d7197-45e1-4f56-b84b-f020038c9ff0","documents");
INSERT INTO ParentChild (pid, cid) VALUES ("8bc2255b-b4f6-4e88-afc8-9b4325ce4f8f","0b2d7197-45e1-4f56-b84b-f020038c9ff0");
INSERT INTO ChildType (cid, type) VALUES ("5b849121-e971-43ef-bdfa-f85eb39c3595","documents");
INSERT INTO ParentChild (pid, cid) VALUES ("8bc2255b-b4f6-4e88-afc8-9b4325ce4f8f","5b849121-e971-43ef-bdfa-f85eb39c3595");
INSERT INTO ChildType (cid, type) VALUES ("9ebf7174-4f0f-419f-93c7-e1ff032e884f","documents");
INSERT INTO ParentChild (pid, cid) VALUES ("8bc2255b-b4f6-4e88-afc8-9b4325ce4f8f","9ebf7174-4f0f-419f-93c7-e1ff032e884f");
INSERT INTO ChildType (cid, type) VALUES ("f5d98d1d-26c8-410b-adae-c3d273c9a8ce","documents");
INSERT INTO ParentChild (pid, cid) VALUES ("8bc2255b-b4f6-4e88-afc8-9b4325ce4f8f","f5d98d1d-26c8-410b-adae-c3d273c9a8ce");
INSERT INTO ChildType (cid, type) VALUES ("dbbcdf8a-945d-4c9a-a2ce-3da41dbe756a","documents");
INSERT INTO ParentChild (pid, cid) VALUES ("8bc2255b-b4f6-4e88-afc8-9b4325ce4f8f","dbbcdf8a-945d-4c9a-a2ce-3da41dbe756a");
INSERT INTO ChildType (cid, type) VALUES ("1e72fbc7-af68-4eda-bee6-64d0d83a0dca","documents");
INSERT INTO ParentChild (pid, cid) VALUES ("8bc2255b-b4f6-4e88-afc8-9b4325ce4f8f","1e72fbc7-af68-4eda-bee6-64d0d83a0dca");
INSERT INTO ChildType (cid, type) VALUES ("bfe404ce-7d4d-4c82-8de2-7e4424d0cc11","documents");
INSERT INTO ParentChild (pid, cid) VALUES ("8bc2255b-b4f6-4e88-afc8-9b4325ce4f8f","bfe404ce-7d4d-4c82-8de2-7e4424d0cc11");
INSERT INTO ChildType (cid, type) VALUES ("39948858-57ac-4ebc-826c-0963e0c64db8","documents");
INSERT INTO ParentChild (pid, cid) VALUES ("8bc2255b-b4f6-4e88-afc8-9b4325ce4f8f","39948858-57ac-4ebc-826c-0963e0c64db8");
INSERT INTO ChildType (cid, type) VALUES ("64afc488-d4c0-4aff-b813-12f205efc32b","documents");
INSERT INTO ParentChild (pid, cid) VALUES ("8bc2255b-b4f6-4e88-afc8-9b4325ce4f8f","64afc488-d4c0-4aff-b813-12f205efc32b");
INSERT INTO ChildType (cid, type) VALUES ("b1b2856c-5d55-4478-8c29-b249c94ee153","documents");
INSERT INTO ParentChild (pid, cid) VALUES ("8bc2255b-b4f6-4e88-afc8-9b4325ce4f8f","b1b2856c-5d55-4478-8c29-b249c94ee153");
INSERT INTO ChildType (cid, type) VALUES ("d107915d-a482-40f7-8837-ceaf9e61f2f1","documents");
INSERT INTO ParentChild (pid, cid) VALUES ("8bc2255b-b4f6-4e88-afc8-9b4325ce4f8f","d107915d-a482-40f7-8837-ceaf9e61f2f1");
INSERT INTO ChildType (cid, type) VALUES ("e4018df9-1cae-4be5-b659-b32894e7d573","documents");
INSERT INTO ParentChild (pid, cid) VALUES ("8bc2255b-b4f6-4e88-afc8-9b4325ce4f8f","e4018df9-1cae-4be5-b659-b32894e7d573");
INSERT INTO ChildType (cid, type) VALUES ("b0897279-e4c0-43d5-a16b-2bc73261700a","documents");
INSERT INTO ParentChild (pid, cid) VALUES ("8bc2255b-b4f6-4e88-afc8-9b4325ce4f8f","b0897279-e4c0-43d5-a16b-2bc73261700a");
INSERT INTO ChildType (cid, type) VALUES ("58e49faa-db0e-483c-88df-af36494839b6","documents");
INSERT INTO ParentChild (pid, cid) VALUES ("8bc2255b-b4f6-4e88-afc8-9b4325ce4f8f","58e49faa-db0e-483c-88df-af36494839b6");
INSERT INTO ChildType (cid, type) VALUES ("48e6cfc6-b13e-4000-9def-4777af7dad5f","documents");
INSERT INTO ParentChild (pid, cid) VALUES ("8bc2255b-b4f6-4e88-afc8-9b4325ce4f8f","48e6cfc6-b13e-4000-9def-4777af7dad5f");
INSERT INTO ChildType (cid, type) VALUES ("f0b0e939-971b-47bf-be17-a56cb7337136","documents");
INSERT INTO ParentChild (pid, cid) VALUES ("8bc2255b-b4f6-4e88-afc8-9b4325ce4f8f","f0b0e939-971b-47bf-be17-a56cb7337136");
INSERT INTO ChildType (cid, type) VALUES ("e037c877-6789-4edd-a32a-3c2860fa21f1","documents");
INSERT INTO ParentChild (pid, cid) VALUES ("8bc2255b-b4f6-4e88-afc8-9b4325ce4f8f","e037c877-6789-4edd-a32a-3c2860fa21f1");
INSERT INTO ChildType (cid, type) VALUES ("37153b94-908c-48ed-b824-b463e65fb922","documents");
INSERT INTO ParentChild (pid, cid) VALUES ("8bc2255b-b4f6-4e88-afc8-9b4325ce4f8f","37153b94-908c-48ed-b824-b463e65fb922");
INSERT INTO ChildType (cid, type) VALUES ("014144a5-525d-481b-bcb7-611879990b86","documents");
INSERT INTO ParentChild (pid, cid) VALUES ("8bc2255b-b4f6-4e88-afc8-9b4325ce4f8f","014144a5-525d-481b-bcb7-611879990b86");
INSERT INTO ChildType (cid, type) VALUES ("343f16a5-b73e-4826-866f-e5c61a5cdefa","documents");
INSERT INTO ParentChild (pid, cid) VALUES ("8bc2255b-b4f6-4e88-afc8-9b4325ce4f8f","343f16a5-b73e-4826-866f-e5c61a5cdefa");
INSERT INTO ChildType (cid, type) VALUES ("ebc6d5d8-9d70-4d1a-98b3-12bed3a48885","documents");
INSERT INTO ParentChild (pid, cid) VALUES ("8bc2255b-b4f6-4e88-afc8-9b4325ce4f8f","ebc6d5d8-9d70-4d1a-98b3-12bed3a48885");
INSERT INTO ChildType (cid, type) VALUES ("ad63b0bb-0bac-41b4-b1e0-312912a40cd9","documents");
INSERT INTO ParentChild (pid, cid) VALUES ("8bc2255b-b4f6-4e88-afc8-9b4325ce4f8f","ad63b0bb-0bac-41b4-b1e0-312912a40cd9");
INSERT INTO ChildType (cid, type) VALUES ("daa1530c-ae32-4113-a2fc-a1124795847a","documents");
INSERT INTO ParentChild (pid, cid) VALUES ("8bc2255b-b4f6-4e88-afc8-9b4325ce4f8f","daa1530c-ae32-4113-a2fc-a1124795847a");
INSERT INTO ChildType (cid, type) VALUES ("3680a79a-6769-4f89-be11-892d3ba01cbd","documents");
INSERT INTO ParentChild (pid, cid) VALUES ("8bc2255b-b4f6-4e88-afc8-9b4325ce4f8f","3680a79a-6769-4f89-be11-892d3ba01cbd");
INSERT INTO ChildType (cid, type) VALUES ("fd93805f-6faf-429f-964e-c01f900f8e4a","documents");
INSERT INTO ParentChild (pid, cid) VALUES ("8bc2255b-b4f6-4e88-afc8-9b4325ce4f8f","fd93805f-6faf-429f-964e-c01f900f8e4a");
INSERT INTO ChildType (cid, type) VALUES ("c5a5714b-3c78-4f45-989f-6ec12837a59b","documents");
INSERT INTO ParentChild (pid, cid) VALUES ("8bc2255b-b4f6-4e88-afc8-9b4325ce4f8f","c5a5714b-3c78-4f45-989f-6ec12837a59b");
INSERT INTO ChildType (cid, type) VALUES ("7e586421-600a-49bd-91ff-79eb48506977","documents");
INSERT INTO ParentChild (pid, cid) VALUES ("8bc2255b-b4f6-4e88-afc8-9b4325ce4f8f","7e586421-600a-49bd-91ff-79eb48506977");
INSERT INTO ChildType (cid, type) VALUES ("eb531390-790d-4eb8-a9b6-d85f66e5f4ff","documents");
INSERT INTO ParentChild (pid, cid) VALUES ("8bc2255b-b4f6-4e88-afc8-9b4325ce4f8f","eb531390-790d-4eb8-a9b6-d85f66e5f4ff");
INSERT INTO ChildType (cid, type) VALUES ("be733d9e-1606-4068-976b-acfec43d4c2e","documents");
INSERT INTO ParentChild (pid, cid) VALUES ("8bc2255b-b4f6-4e88-afc8-9b4325ce4f8f","be733d9e-1606-4068-976b-acfec43d4c2e");
INSERT INTO ChildType (cid, type) VALUES ("c5fe393d-f9f3-451d-8949-840731c141ea","documents");
INSERT INTO ParentChild (pid, cid) VALUES ("8bc2255b-b4f6-4e88-afc8-9b4325ce4f8f","c5fe393d-f9f3-451d-8949-840731c141ea");
INSERT INTO ChildType (cid, type) VALUES ("9fe79318-0d99-4df2-876d-246047def5be","documents");
INSERT INTO ParentChild (pid, cid) VALUES ("8bc2255b-b4f6-4e88-afc8-9b4325ce4f8f","9fe79318-0d99-4df2-876d-246047def5be");
INSERT INTO ChildType (cid, type) VALUES ("233fcdb1-c95e-47ce-846c-1e0db067836c","documents");
INSERT INTO ParentChild (pid, cid) VALUES ("8bc2255b-b4f6-4e88-afc8-9b4325ce4f8f","233fcdb1-c95e-47ce-846c-1e0db067836c");
INSERT INTO ChildType (cid, type) VALUES ("54dd1eb2-721d-46af-8b2f-8c8b9f18e71c","documents");
INSERT INTO ParentChild (pid, cid) VALUES ("8bc2255b-b4f6-4e88-afc8-9b4325ce4f8f","54dd1eb2-721d-46af-8b2f-8c8b9f18e71c");
INSERT INTO ChildType (cid, type) VALUES ("a29d69dd-dc68-414d-8946-f034dbeb29a5","documents");
INSERT INTO ParentChild (pid, cid) VALUES ("8bc2255b-b4f6-4e88-afc8-9b4325ce4f8f","a29d69dd-dc68-414d-8946-f034dbeb29a5");
INSERT INTO ChildType (cid, type) VALUES ("724d53ce-6ce4-4256-8d7d-9bb1f9065f70","documents");
INSERT INTO ParentChild (pid, cid) VALUES ("8bc2255b-b4f6-4e88-afc8-9b4325ce4f8f","724d53ce-6ce4-4256-8d7d-9bb1f9065f70");
INSERT INTO ChildType (cid, type) VALUES ("35b52f32-f289-4260-9ac1-cb8689668bbc","documents");
INSERT INTO ParentChild (pid, cid) VALUES ("8bc2255b-b4f6-4e88-afc8-9b4325ce4f8f","35b52f32-f289-4260-9ac1-cb8689668bbc");
INSERT INTO ChildType (cid, type) VALUES ("9647803a-0cc6-4e42-b5c0-ea9e25c55d13","documents");
INSERT INTO ParentChild (pid, cid) VALUES ("8bc2255b-b4f6-4e88-afc8-9b4325ce4f8f","9647803a-0cc6-4e42-b5c0-ea9e25c55d13");
INSERT INTO ChildType (cid, type) VALUES ("357729e7-c004-4aec-85b2-a2af77b68326","documents");
INSERT INTO ParentChild (pid, cid) VALUES ("8bc2255b-b4f6-4e88-afc8-9b4325ce4f8f","357729e7-c004-4aec-85b2-a2af77b68326");
INSERT INTO ChildType (cid, type) VALUES ("2b94a175-3ab9-406d-994f-29768b822e81","documents");
INSERT INTO ParentChild (pid, cid) VALUES ("8bc2255b-b4f6-4e88-afc8-9b4325ce4f8f","2b94a175-3ab9-406d-994f-29768b822e81");
INSERT INTO ChildType (cid, type) VALUES ("2178c41c-b46d-4f44-a8f5-a045cf1297c9","documents");
INSERT INTO ParentChild (pid, cid) VALUES ("8bc2255b-b4f6-4e88-afc8-9b4325ce4f8f","2178c41c-b46d-4f44-a8f5-a045cf1297c9");
INSERT INTO ChildType (cid, type) VALUES ("d381f2df-76c9-4eb1-a69d-ebce60301b27","documents");
INSERT INTO ParentChild (pid, cid) VALUES ("8bc2255b-b4f6-4e88-afc8-9b4325ce4f8f","d381f2df-76c9-4eb1-a69d-ebce60301b27");
INSERT INTO ChildType (cid, type) VALUES ("a17da43a-6e26-4c1d-bf75-f651f78c946b","documents");
INSERT INTO ParentChild (pid, cid) VALUES ("8bc2255b-b4f6-4e88-afc8-9b4325ce4f8f","a17da43a-6e26-4c1d-bf75-f651f78c946b");
INSERT INTO ChildType (cid, type) VALUES ("d9bee614-36cc-41d1-a9a3-2f9c878d45ef","documents");
INSERT INTO ParentChild (pid, cid) VALUES ("8bc2255b-b4f6-4e88-afc8-9b4325ce4f8f","d9bee614-36cc-41d1-a9a3-2f9c878d45ef");
INSERT INTO ChildType (cid, type) VALUES ("8e4b8e09-ae02-41e3-84ad-f8b45418a1e6","documents");
INSERT INTO ParentChild (pid, cid) VALUES ("8bc2255b-b4f6-4e88-afc8-9b4325ce4f8f","8e4b8e09-ae02-41e3-84ad-f8b45418a1e6");
INSERT INTO ChildType (cid, type) VALUES ("a0e03e75-a7b8-4e82-93d5-da3678096b89","documents");
INSERT INTO ParentChild (pid, cid) VALUES ("8bc2255b-b4f6-4e88-afc8-9b4325ce4f8f","a0e03e75-a7b8-4e82-93d5-da3678096b89");
INSERT INTO ChildType (cid, type) VALUES ("59a2f09f-4c2c-497c-a2ca-a4b1e60eb2a3","documents");
INSERT INTO ParentChild (pid, cid) VALUES ("8bc2255b-b4f6-4e88-afc8-9b4325ce4f8f","59a2f09f-4c2c-497c-a2ca-a4b1e60eb2a3");
INSERT INTO ChildType (cid, type) VALUES ("20686b4f-a96f-4b7b-a65e-22bc1da5426d","documents");
INSERT INTO ParentChild (pid, cid) VALUES ("8bc2255b-b4f6-4e88-afc8-9b4325ce4f8f","20686b4f-a96f-4b7b-a65e-22bc1da5426d");
INSERT INTO ChildType (cid, type) VALUES ("41762160-5602-4b54-a8c0-b8618bc28dbe","documents");
INSERT INTO ParentChild (pid, cid) VALUES ("8bc2255b-b4f6-4e88-afc8-9b4325ce4f8f","41762160-5602-4b54-a8c0-b8618bc28dbe");
INSERT INTO ChildType (cid, type) VALUES ("a9a89026-a08f-4d34-a996-5484421ff813","documents");
INSERT INTO ParentChild (pid, cid) VALUES ("8bc2255b-b4f6-4e88-afc8-9b4325ce4f8f","a9a89026-a08f-4d34-a996-5484421ff813");
INSERT INTO ChildType (cid, type) VALUES ("7a4bd831-39c9-454a-8798-534e5d95d00d","documents");
INSERT INTO ParentChild (pid, cid) VALUES ("8bc2255b-b4f6-4e88-afc8-9b4325ce4f8f","7a4bd831-39c9-454a-8798-534e5d95d00d");
INSERT INTO ChildType (cid, type) VALUES ("f0c81310-fca3-4254-a690-a394c46b8945","documents");
INSERT INTO ParentChild (pid, cid) VALUES ("8bc2255b-b4f6-4e88-afc8-9b4325ce4f8f","f0c81310-fca3-4254-a690-a394c46b8945");
INSERT INTO ChildType (cid, type) VALUES ("de398bc2-5c22-4f59-ac81-c5dcd957b793","documents");
INSERT INTO ParentChild (pid, cid) VALUES ("8bc2255b-b4f6-4e88-afc8-9b4325ce4f8f","de398bc2-5c22-4f59-ac81-c5dcd957b793");
INSERT INTO ChildType (cid, type) VALUES ("14d96138-2101-4d86-85f4-69a20ab88290","documents");
INSERT INTO ParentChild (pid, cid) VALUES ("8bc2255b-b4f6-4e88-afc8-9b4325ce4f8f","14d96138-2101-4d86-85f4-69a20ab88290");
INSERT INTO ChildType (cid, type) VALUES ("e3cb0360-3946-4b7f-a81d-3ac2de037bd1","documents");
INSERT INTO ParentChild (pid, cid) VALUES ("8bc2255b-b4f6-4e88-afc8-9b4325ce4f8f","e3cb0360-3946-4b7f-a81d-3ac2de037bd1");
INSERT INTO ChildType (cid, type) VALUES ("05914e76-5417-4a13-b321-c6c9c3e05451","documents");
INSERT INTO ParentChild (pid, cid) VALUES ("8bc2255b-b4f6-4e88-afc8-9b4325ce4f8f","05914e76-5417-4a13-b321-c6c9c3e05451");
INSERT INTO ChildType (cid, type) VALUES ("276b649a-124c-47bb-91ca-7e0b6463af7f","documents");
INSERT INTO ParentChild (pid, cid) VALUES ("8bc2255b-b4f6-4e88-afc8-9b4325ce4f8f","276b649a-124c-47bb-91ca-7e0b6463af7f");
INSERT INTO ChildType (cid, type) VALUES ("03f63003-63d9-4d8f-b42c-126de50baa24","documents");
INSERT INTO ParentChild (pid, cid) VALUES ("8bc2255b-b4f6-4e88-afc8-9b4325ce4f8f","03f63003-63d9-4d8f-b42c-126de50baa24");
INSERT INTO ChildType (cid, type) VALUES ("2ffd4c2f-1482-4ba7-ab28-78a9770fa7ea","documents");
INSERT INTO ParentChild (pid, cid) VALUES ("8bc2255b-b4f6-4e88-afc8-9b4325ce4f8f","2ffd4c2f-1482-4ba7-ab28-78a9770fa7ea");
INSERT INTO ChildType (cid, type) VALUES ("7f298b77-9fe2-415c-8a3c-b2f9d851a0eb","documents");
INSERT INTO ParentChild (pid, cid) VALUES ("8bc2255b-b4f6-4e88-afc8-9b4325ce4f8f","7f298b77-9fe2-415c-8a3c-b2f9d851a0eb");
INSERT INTO ChildType (cid, type) VALUES ("3c7f3ea5-5247-4b88-81e2-a5ecac9f4397","documents");
INSERT INTO ParentChild (pid, cid) VALUES ("8bc2255b-b4f6-4e88-afc8-9b4325ce4f8f","3c7f3ea5-5247-4b88-81e2-a5ecac9f4397");
INSERT INTO ChildType (cid, type) VALUES ("ca01e3e5-2c09-4420-9d9b-6adb66c70c3f","documents");
INSERT INTO ParentChild (pid, cid) VALUES ("8bc2255b-b4f6-4e88-afc8-9b4325ce4f8f","ca01e3e5-2c09-4420-9d9b-6adb66c70c3f");
INSERT INTO ChildType (cid, type) VALUES ("46e170a5-2b57-4203-8988-e83c6e9d99ce","documents");
INSERT INTO ParentChild (pid, cid) VALUES ("8bc2255b-b4f6-4e88-afc8-9b4325ce4f8f","46e170a5-2b57-4203-8988-e83c6e9d99ce");
INSERT INTO ChildType (cid, type) VALUES ("98bdd023-b31e-449e-8d4a-216b8aa22b2a","documents");
INSERT INTO ParentChild (pid, cid) VALUES ("8bc2255b-b4f6-4e88-afc8-9b4325ce4f8f","98bdd023-b31e-449e-8d4a-216b8aa22b2a");
INSERT INTO ChildType (cid, type) VALUES ("755bba29-d2d3-4d0c-8855-385edafe63f9","documents");
INSERT INTO ParentChild (pid, cid) VALUES ("8bc2255b-b4f6-4e88-afc8-9b4325ce4f8f","755bba29-d2d3-4d0c-8855-385edafe63f9");
INSERT INTO ChildType (cid, type) VALUES ("4b9b3bf1-ed1b-4ae5-aa2c-88d05a6519ee","documents");
INSERT INTO ParentChild (pid, cid) VALUES ("8bc2255b-b4f6-4e88-afc8-9b4325ce4f8f","4b9b3bf1-ed1b-4ae5-aa2c-88d05a6519ee");
INSERT INTO ChildType (cid, type) VALUES ("f8a35131-36c4-4370-86bb-32a4556ff73f","documents");
INSERT INTO ParentChild (pid, cid) VALUES ("8bc2255b-b4f6-4e88-afc8-9b4325ce4f8f","f8a35131-36c4-4370-86bb-32a4556ff73f");
INSERT INTO ChildType (cid, type) VALUES ("6dc4f300-e8dd-4b6d-822b-df5dc06e995b","documents");
INSERT INTO ParentChild (pid, cid) VALUES ("8bc2255b-b4f6-4e88-afc8-9b4325ce4f8f","6dc4f300-e8dd-4b6d-822b-df5dc06e995b");
INSERT INTO ChildType (cid, type) VALUES ("ee957578-31dd-4e0f-a7e5-6d95db1c8523","documents");
INSERT INTO ParentChild (pid, cid) VALUES ("8bc2255b-b4f6-4e88-afc8-9b4325ce4f8f","ee957578-31dd-4e0f-a7e5-6d95db1c8523");
INSERT INTO ChildType (cid, type) VALUES ("cd45cb85-566d-4efb-b7e4-cb97349f1d54","documents");
INSERT INTO ParentChild (pid, cid) VALUES ("8bc2255b-b4f6-4e88-afc8-9b4325ce4f8f","cd45cb85-566d-4efb-b7e4-cb97349f1d54");
INSERT INTO ChildType (cid, type) VALUES ("e17efe4d-7db9-4de0-8a97-c6983a6910a7","documents");
INSERT INTO ParentChild (pid, cid) VALUES ("8bc2255b-b4f6-4e88-afc8-9b4325ce4f8f","e17efe4d-7db9-4de0-8a97-c6983a6910a7");
INSERT INTO ChildType (cid, type) VALUES ("8e7b0c78-a133-42cf-addf-956474fa0f0a","documents");
INSERT INTO ParentChild (pid, cid) VALUES ("8bc2255b-b4f6-4e88-afc8-9b4325ce4f8f","8e7b0c78-a133-42cf-addf-956474fa0f0a");
INSERT INTO ChildType (cid, type) VALUES ("3a2d0410-be17-4a92-a4bd-c504bc6ab161","documents");
INSERT INTO ParentChild (pid, cid) VALUES ("8bc2255b-b4f6-4e88-afc8-9b4325ce4f8f","3a2d0410-be17-4a92-a4bd-c504bc6ab161");
INSERT INTO ChildType (cid, type) VALUES ("91380092-55ba-4656-b0a1-20a0376ecc7a","documents");
INSERT INTO ParentChild (pid, cid) VALUES ("8bc2255b-b4f6-4e88-afc8-9b4325ce4f8f","91380092-55ba-4656-b0a1-20a0376ecc7a");
INSERT INTO ChildType (cid, type) VALUES ("e7c434f2-2131-489f-815e-3061a9236215","documents");
INSERT INTO ParentChild (pid, cid) VALUES ("8bc2255b-b4f6-4e88-afc8-9b4325ce4f8f","e7c434f2-2131-489f-815e-3061a9236215");
INSERT INTO ChildType (cid, type) VALUES ("2a9859d0-0c4b-4fc5-a65b-24da5f9727bc","documents");
INSERT INTO ParentChild (pid, cid) VALUES ("8bc2255b-b4f6-4e88-afc8-9b4325ce4f8f","2a9859d0-0c4b-4fc5-a65b-24da5f9727bc");
INSERT INTO ChildType (cid, type) VALUES ("b0a40d2d-9146-4218-b502-1acd900d02eb","documents");
INSERT INTO ParentChild (pid, cid) VALUES ("8bc2255b-b4f6-4e88-afc8-9b4325ce4f8f","b0a40d2d-9146-4218-b502-1acd900d02eb");
INSERT INTO ChildType (cid, type) VALUES ("2336d390-f23a-4158-845c-864466c6f94a","documents");
INSERT INTO ParentChild (pid, cid) VALUES ("8bc2255b-b4f6-4e88-afc8-9b4325ce4f8f","2336d390-f23a-4158-845c-864466c6f94a");
INSERT INTO ChildType (cid, type) VALUES ("77638951-00e6-4bd4-b7e6-d65f8faf67af","documents");
INSERT INTO ParentChild (pid, cid) VALUES ("8bc2255b-b4f6-4e88-afc8-9b4325ce4f8f","77638951-00e6-4bd4-b7e6-d65f8faf67af");
INSERT INTO ChildType (cid, type) VALUES ("1ffc2141-2aa8-4f33-aeaf-fdc3904d4bb7","documents");
INSERT INTO ParentChild (pid, cid) VALUES ("8bc2255b-b4f6-4e88-afc8-9b4325ce4f8f","1ffc2141-2aa8-4f33-aeaf-fdc3904d4bb7");
INSERT INTO ChildType (cid, type) VALUES ("48540ee0-399d-489d-97fe-a6f7a00ea4af","documents");
INSERT INTO ParentChild (pid, cid) VALUES ("8bc2255b-b4f6-4e88-afc8-9b4325ce4f8f","48540ee0-399d-489d-97fe-a6f7a00ea4af");
INSERT INTO ChildType (cid, type) VALUES ("0ea92555-da37-42b0-9ddc-f9ab447056fc","documents");
INSERT INTO ParentChild (pid, cid) VALUES ("8bc2255b-b4f6-4e88-afc8-9b4325ce4f8f","0ea92555-da37-42b0-9ddc-f9ab447056fc");
INSERT INTO ChildType (cid, type) VALUES ("e2fe8e8c-48ca-4c4b-9eea-6b4ee9a005ec","documents");
INSERT INTO ParentChild (pid, cid) VALUES ("8bc2255b-b4f6-4e88-afc8-9b4325ce4f8f","e2fe8e8c-48ca-4c4b-9eea-6b4ee9a005ec");
INSERT INTO ChildType (cid, type) VALUES ("e9865fe7-1b08-4157-a805-0a3c0bf1db6d","documents");
INSERT INTO ParentChild (pid, cid) VALUES ("8bc2255b-b4f6-4e88-afc8-9b4325ce4f8f","e9865fe7-1b08-4157-a805-0a3c0bf1db6d");
INSERT INTO ChildType (cid, type) VALUES ("023d2c3e-7c30-46b0-b7a5-e8d2875d597e","documents");
INSERT INTO ParentChild (pid, cid) VALUES ("8bc2255b-b4f6-4e88-afc8-9b4325ce4f8f","023d2c3e-7c30-46b0-b7a5-e8d2875d597e");
INSERT INTO ChildType (cid, type) VALUES ("9c33d7ec-61f9-4abb-bfa7-73f88653159c","documents");
INSERT INTO ParentChild (pid, cid) VALUES ("8bc2255b-b4f6-4e88-afc8-9b4325ce4f8f","9c33d7ec-61f9-4abb-bfa7-73f88653159c");
INSERT INTO ChildType (cid, type) VALUES ("741c6641-77ff-434e-bd43-e7d3479c94e9","documents");
INSERT INTO ParentChild (pid, cid) VALUES ("8bc2255b-b4f6-4e88-afc8-9b4325ce4f8f","741c6641-77ff-434e-bd43-e7d3479c94e9");
INSERT INTO ChildType (cid, type) VALUES ("605733b9-425b-4d1b-b067-ad746785ead7","documents");
INSERT INTO ParentChild (pid, cid) VALUES ("8bc2255b-b4f6-4e88-afc8-9b4325ce4f8f","605733b9-425b-4d1b-b067-ad746785ead7");
INSERT INTO ChildType (cid, type) VALUES ("1343c34e-dab1-4729-a416-36531c40c272","documents");
INSERT INTO ParentChild (pid, cid) VALUES ("8bc2255b-b4f6-4e88-afc8-9b4325ce4f8f","1343c34e-dab1-4729-a416-36531c40c272");
INSERT INTO ChildType (cid, type) VALUES ("93a14be6-0b7e-427e-ab7e-1926aabbac84","documents");
INSERT INTO ParentChild (pid, cid) VALUES ("8bc2255b-b4f6-4e88-afc8-9b4325ce4f8f","93a14be6-0b7e-427e-ab7e-1926aabbac84");
INSERT INTO ChildType (cid, type) VALUES ("327a5699-4e70-4d17-a87c-f2df7f57c1d0","documents");
INSERT INTO ParentChild (pid, cid) VALUES ("8bc2255b-b4f6-4e88-afc8-9b4325ce4f8f","327a5699-4e70-4d17-a87c-f2df7f57c1d0");
INSERT INTO ChildType (cid, type) VALUES ("bdaa4f8e-ad06-471b-9056-bb05ca0805b4","documents");
INSERT INTO ParentChild (pid, cid) VALUES ("8bc2255b-b4f6-4e88-afc8-9b4325ce4f8f","bdaa4f8e-ad06-471b-9056-bb05ca0805b4");
INSERT INTO ChildType (cid, type) VALUES ("b1f279d5-27b3-4e34-b008-350975d878cd","documents");
INSERT INTO ParentChild (pid, cid) VALUES ("8bc2255b-b4f6-4e88-afc8-9b4325ce4f8f","b1f279d5-27b3-4e34-b008-350975d878cd");
INSERT INTO ChildType (cid, type) VALUES ("f14a9a56-330c-42e3-8f44-0a63286cb394","documents");
INSERT INTO ParentChild (pid, cid) VALUES ("8bc2255b-b4f6-4e88-afc8-9b4325ce4f8f","f14a9a56-330c-42e3-8f44-0a63286cb394");
INSERT INTO ChildType (cid, type) VALUES ("4c566dc7-6905-4740-9116-3fe65e886c74","documents");
INSERT INTO ParentChild (pid, cid) VALUES ("8bc2255b-b4f6-4e88-afc8-9b4325ce4f8f","4c566dc7-6905-4740-9116-3fe65e886c74");
INSERT INTO ChildType (cid, type) VALUES ("3f535b57-a634-473e-ad59-9a0ff48b2ccf","documents");
INSERT INTO ParentChild (pid, cid) VALUES ("8bc2255b-b4f6-4e88-afc8-9b4325ce4f8f","3f535b57-a634-473e-ad59-9a0ff48b2ccf");
INSERT INTO ChildType (cid, type) VALUES ("dd0c1e85-68b7-490f-bc8b-756fa71a408d","documents");
INSERT INTO ParentChild (pid, cid) VALUES ("8bc2255b-b4f6-4e88-afc8-9b4325ce4f8f","dd0c1e85-68b7-490f-bc8b-756fa71a408d");
INSERT INTO ChildType (cid, type) VALUES ("ff8d655a-17a5-4fda-804a-fd22de524062","documents");
INSERT INTO ParentChild (pid, cid) VALUES ("8bc2255b-b4f6-4e88-afc8-9b4325ce4f8f","ff8d655a-17a5-4fda-804a-fd22de524062");
INSERT INTO ChildType (cid, type) VALUES ("4eeddbcf-be0a-4521-ab21-8e27e4779d45","documents");
INSERT INTO ParentChild (pid, cid) VALUES ("8bc2255b-b4f6-4e88-afc8-9b4325ce4f8f","4eeddbcf-be0a-4521-ab21-8e27e4779d45");
INSERT INTO ChildType (cid, type) VALUES ("d401799f-fa97-48d6-ade5-2431e08d56e0","documents");
INSERT INTO ParentChild (pid, cid) VALUES ("8bc2255b-b4f6-4e88-afc8-9b4325ce4f8f","d401799f-fa97-48d6-ade5-2431e08d56e0");
INSERT INTO ChildType (cid, type) VALUES ("4dd2f9a7-e1c0-42fe-ada1-44fe53b7509f","documents");
INSERT INTO ParentChild (pid, cid) VALUES ("8bc2255b-b4f6-4e88-afc8-9b4325ce4f8f","4dd2f9a7-e1c0-42fe-ada1-44fe53b7509f");
INSERT INTO ChildType (cid, type) VALUES ("ab7dd6df-6007-4068-92d0-e45a6cf1762e","documents");
INSERT INTO ParentChild (pid, cid) VALUES ("8bc2255b-b4f6-4e88-afc8-9b4325ce4f8f","ab7dd6df-6007-4068-92d0-e45a6cf1762e");
INSERT INTO ChildType (cid, type) VALUES ("a7736688-859c-4456-9a1d-1948b2a99471","documents");
INSERT INTO ParentChild (pid, cid) VALUES ("8bc2255b-b4f6-4e88-afc8-9b4325ce4f8f","a7736688-859c-4456-9a1d-1948b2a99471");
INSERT INTO ChildType (cid, type) VALUES ("7d373c78-676c-4304-9625-4a5e39d1964f","documents");
INSERT INTO ParentChild (pid, cid) VALUES ("8bc2255b-b4f6-4e88-afc8-9b4325ce4f8f","7d373c78-676c-4304-9625-4a5e39d1964f");
INSERT INTO ChildType (cid, type) VALUES ("a9aba036-f66f-480a-9fa5-ebf3b223d462","documents");
INSERT INTO ParentChild (pid, cid) VALUES ("8bc2255b-b4f6-4e88-afc8-9b4325ce4f8f","a9aba036-f66f-480a-9fa5-ebf3b223d462");
INSERT INTO ChildType (cid, type) VALUES ("356de1be-98e4-4097-8bcf-95648ac7792e","documents");
INSERT INTO ParentChild (pid, cid) VALUES ("8bc2255b-b4f6-4e88-afc8-9b4325ce4f8f","356de1be-98e4-4097-8bcf-95648ac7792e");
INSERT INTO ChildType (cid, type) VALUES ("fb69dd9a-9ad2-459a-8811-0f57f9e8a260","documents");
INSERT INTO ParentChild (pid, cid) VALUES ("8bc2255b-b4f6-4e88-afc8-9b4325ce4f8f","fb69dd9a-9ad2-459a-8811-0f57f9e8a260");
INSERT INTO ChildType (cid, type) VALUES ("470895fb-67d4-4b13-a583-8d8468368e33","documents");
INSERT INTO ParentChild (pid, cid) VALUES ("8bc2255b-b4f6-4e88-afc8-9b4325ce4f8f","470895fb-67d4-4b13-a583-8d8468368e33");
INSERT INTO ChildType (cid, type) VALUES ("54585120-1758-4d88-9871-bd8cb76fdf10","documents");
INSERT INTO ParentChild (pid, cid) VALUES ("8bc2255b-b4f6-4e88-afc8-9b4325ce4f8f","54585120-1758-4d88-9871-bd8cb76fdf10");
INSERT INTO ChildType (cid, type) VALUES ("e4bffc6e-4b11-4a98-83bf-8e68d632cfad","documents");
INSERT INTO ParentChild (pid, cid) VALUES ("8bc2255b-b4f6-4e88-afc8-9b4325ce4f8f","e4bffc6e-4b11-4a98-83bf-8e68d632cfad");
INSERT INTO ChildType (cid, type) VALUES ("232d37e6-89ec-4408-9395-74262bf3ca53","documents");
INSERT INTO ParentChild (pid, cid) VALUES ("8bc2255b-b4f6-4e88-afc8-9b4325ce4f8f","232d37e6-89ec-4408-9395-74262bf3ca53");
INSERT INTO ChildType (cid, type) VALUES ("47f82a04-38b8-45dd-b249-068be5c3ff27","documents");
INSERT INTO ParentChild (pid, cid) VALUES ("8bc2255b-b4f6-4e88-afc8-9b4325ce4f8f","47f82a04-38b8-45dd-b249-068be5c3ff27");
INSERT INTO ChildType (cid, type) VALUES ("ccdd7fc4-415a-428c-b6fe-c31ff78858c6","documents");
INSERT INTO ParentChild (pid, cid) VALUES ("8bc2255b-b4f6-4e88-afc8-9b4325ce4f8f","ccdd7fc4-415a-428c-b6fe-c31ff78858c6");
INSERT INTO ChildType (cid, type) VALUES ("ad78450b-38da-436b-bdcb-aa8eb94aa960","documents");
INSERT INTO ParentChild (pid, cid) VALUES ("8bc2255b-b4f6-4e88-afc8-9b4325ce4f8f","ad78450b-38da-436b-bdcb-aa8eb94aa960");
INSERT INTO ChildType (cid, type) VALUES ("68283182-0992-490b-923e-4999a69897e0","documents");
INSERT INTO ParentChild (pid, cid) VALUES ("8bc2255b-b4f6-4e88-afc8-9b4325ce4f8f","68283182-0992-490b-923e-4999a69897e0");
INSERT INTO ChildType (cid, type) VALUES ("4a3d3486-46cb-422d-af9a-86de96c38b28","documents");
INSERT INTO ParentChild (pid, cid) VALUES ("8bc2255b-b4f6-4e88-afc8-9b4325ce4f8f","4a3d3486-46cb-422d-af9a-86de96c38b28");
INSERT INTO ChildType (cid, type) VALUES ("31dc484c-19ba-4d30-a8de-4db07aca7643","documents");
INSERT INTO ParentChild (pid, cid) VALUES ("8bc2255b-b4f6-4e88-afc8-9b4325ce4f8f","31dc484c-19ba-4d30-a8de-4db07aca7643");
INSERT INTO ChildType (cid, type) VALUES ("b57aa805-4d5e-40b9-b0f2-3f06a2328211","documents");
INSERT INTO ParentChild (pid, cid) VALUES ("8bc2255b-b4f6-4e88-afc8-9b4325ce4f8f","b57aa805-4d5e-40b9-b0f2-3f06a2328211");
INSERT INTO ChildType (cid, type) VALUES ("942bfd9f-ccb1-43a2-ac55-3b786d4c64b1","documents");
INSERT INTO ParentChild (pid, cid) VALUES ("8bc2255b-b4f6-4e88-afc8-9b4325ce4f8f","942bfd9f-ccb1-43a2-ac55-3b786d4c64b1");
INSERT INTO ChildType (cid, type) VALUES ("3b3be8f4-494d-46cc-9e94-4f56e9951134","documents");
INSERT INTO ParentChild (pid, cid) VALUES ("8bc2255b-b4f6-4e88-afc8-9b4325ce4f8f","3b3be8f4-494d-46cc-9e94-4f56e9951134");
INSERT INTO ChildType (cid, type) VALUES ("66ce1121-4381-40db-9116-31ec41d7c8f9","documents");
INSERT INTO ParentChild (pid, cid) VALUES ("8bc2255b-b4f6-4e88-afc8-9b4325ce4f8f","66ce1121-4381-40db-9116-31ec41d7c8f9");
INSERT INTO ChildType (cid, type) VALUES ("fb490788-0dbc-4c6c-a5b2-db98190eb1a4","documents");
INSERT INTO ParentChild (pid, cid) VALUES ("8bc2255b-b4f6-4e88-afc8-9b4325ce4f8f","fb490788-0dbc-4c6c-a5b2-db98190eb1a4");
INSERT INTO ChildType (cid, type) VALUES ("38fc9b64-83ee-481e-b676-d72c0623a0e9","documents");
INSERT INTO ParentChild (pid, cid) VALUES ("8bc2255b-b4f6-4e88-afc8-9b4325ce4f8f","38fc9b64-83ee-481e-b676-d72c0623a0e9");
INSERT INTO ChildType (cid, type) VALUES ("64026d6f-fbfb-47af-b9fd-28da3c4b60c3","documents");
INSERT INTO ParentChild (pid, cid) VALUES ("8bc2255b-b4f6-4e88-afc8-9b4325ce4f8f","64026d6f-fbfb-47af-b9fd-28da3c4b60c3");
INSERT INTO ChildType (cid, type) VALUES ("851ac112-04f0-47eb-a7c8-6162af8d735e","documents");
INSERT INTO ParentChild (pid, cid) VALUES ("8bc2255b-b4f6-4e88-afc8-9b4325ce4f8f","851ac112-04f0-47eb-a7c8-6162af8d735e");
INSERT INTO ChildType (cid, type) VALUES ("83204193-0fa0-4212-b2fe-4a905bf1788e","documents");
INSERT INTO ParentChild (pid, cid) VALUES ("8bc2255b-b4f6-4e88-afc8-9b4325ce4f8f","83204193-0fa0-4212-b2fe-4a905bf1788e");
INSERT INTO ChildType (cid, type) VALUES ("a50761c2-022c-4544-a183-ed0dec3d909b","documents");
INSERT INTO ParentChild (pid, cid) VALUES ("8bc2255b-b4f6-4e88-afc8-9b4325ce4f8f","a50761c2-022c-4544-a183-ed0dec3d909b");
INSERT INTO ChildType (cid, type) VALUES ("52099a46-f973-40e4-ae86-7090130da041","documents");
INSERT INTO ParentChild (pid, cid) VALUES ("8bc2255b-b4f6-4e88-afc8-9b4325ce4f8f","52099a46-f973-40e4-ae86-7090130da041");
INSERT INTO ChildType (cid, type) VALUES ("fd44c44e-4911-4bb9-aaf1-9963c02a21b1","documents");
INSERT INTO ParentChild (pid, cid) VALUES ("8bc2255b-b4f6-4e88-afc8-9b4325ce4f8f","fd44c44e-4911-4bb9-aaf1-9963c02a21b1");
INSERT INTO ChildType (cid, type) VALUES ("dacb7397-89e5-47ff-82f4-5fcc48c80ee4","documents");
INSERT INTO ParentChild (pid, cid) VALUES ("8bc2255b-b4f6-4e88-afc8-9b4325ce4f8f","dacb7397-89e5-47ff-82f4-5fcc48c80ee4");
INSERT INTO ChildType (cid, type) VALUES ("3c3984b4-c430-4e2c-84b1-5b2029b27241","documents");
INSERT INTO ParentChild (pid, cid) VALUES ("8bc2255b-b4f6-4e88-afc8-9b4325ce4f8f","3c3984b4-c430-4e2c-84b1-5b2029b27241");
INSERT INTO ChildType (cid, type) VALUES ("ce3c8616-a4bf-4287-8e72-720d440ce09d","documents");
INSERT INTO ParentChild (pid, cid) VALUES ("8bc2255b-b4f6-4e88-afc8-9b4325ce4f8f","ce3c8616-a4bf-4287-8e72-720d440ce09d");
INSERT INTO ChildType (cid, type) VALUES ("a2a288fb-b6b2-4e1b-a007-aa1c513b3b67","documents");
INSERT INTO ParentChild (pid, cid) VALUES ("8bc2255b-b4f6-4e88-afc8-9b4325ce4f8f","a2a288fb-b6b2-4e1b-a007-aa1c513b3b67");
INSERT INTO ChildType (cid, type) VALUES ("f7ff6b05-3e91-448d-b03d-b49022da5b95","documents");
INSERT INTO ParentChild (pid, cid) VALUES ("8bc2255b-b4f6-4e88-afc8-9b4325ce4f8f","f7ff6b05-3e91-448d-b03d-b49022da5b95");
INSERT INTO ChildType (cid, type) VALUES ("fdced9bd-5c5e-42f8-bd68-023397492bee","documents");
INSERT INTO ParentChild (pid, cid) VALUES ("8bc2255b-b4f6-4e88-afc8-9b4325ce4f8f","fdced9bd-5c5e-42f8-bd68-023397492bee");
INSERT INTO ChildType (cid, type) VALUES ("c9e2dea7-4097-407f-ba71-0f4fb790130d","documents");
INSERT INTO ParentChild (pid, cid) VALUES ("8bc2255b-b4f6-4e88-afc8-9b4325ce4f8f","c9e2dea7-4097-407f-ba71-0f4fb790130d");
INSERT INTO ChildType (cid, type) VALUES ("f7086855-cdae-4aca-a6af-19430ca8853e","documents");
INSERT INTO ParentChild (pid, cid) VALUES ("8bc2255b-b4f6-4e88-afc8-9b4325ce4f8f","f7086855-cdae-4aca-a6af-19430ca8853e");
INSERT INTO ChildType (cid, type) VALUES ("92ca4587-e663-4cca-9b2e-3887c7f32404","documents");
INSERT INTO ParentChild (pid, cid) VALUES ("8bc2255b-b4f6-4e88-afc8-9b4325ce4f8f","92ca4587-e663-4cca-9b2e-3887c7f32404");
INSERT INTO ChildType (cid, type) VALUES ("bc91e1b7-e4f9-4463-8501-3c9e89b0d27c","documents");
INSERT INTO ParentChild (pid, cid) VALUES ("8bc2255b-b4f6-4e88-afc8-9b4325ce4f8f","bc91e1b7-e4f9-4463-8501-3c9e89b0d27c");
INSERT INTO ChildType (cid, type) VALUES ("7d193984-1d3d-4205-8169-c43730c7333c","documents");
INSERT INTO ParentChild (pid, cid) VALUES ("8bc2255b-b4f6-4e88-afc8-9b4325ce4f8f","7d193984-1d3d-4205-8169-c43730c7333c");
INSERT INTO ChildType (cid, type) VALUES ("d6b9d733-9a37-4841-ba6e-e398baba615a","documents");
INSERT INTO ParentChild (pid, cid) VALUES ("8bc2255b-b4f6-4e88-afc8-9b4325ce4f8f","d6b9d733-9a37-4841-ba6e-e398baba615a");
INSERT INTO ChildType (cid, type) VALUES ("0ed61425-5673-42e7-bd81-7c188aad6ebc","documents");
INSERT INTO ParentChild (pid, cid) VALUES ("8bc2255b-b4f6-4e88-afc8-9b4325ce4f8f","0ed61425-5673-42e7-bd81-7c188aad6ebc");
INSERT INTO ChildType (cid, type) VALUES ("64c7bcb9-334d-48af-b298-e505b1c8dab0","documents");
INSERT INTO ParentChild (pid, cid) VALUES ("8bc2255b-b4f6-4e88-afc8-9b4325ce4f8f","64c7bcb9-334d-48af-b298-e505b1c8dab0");
INSERT INTO ChildType (cid, type) VALUES ("5aea2d87-2bc9-4247-9d73-5505908a92c6","documents");
INSERT INTO ParentChild (pid, cid) VALUES ("8bc2255b-b4f6-4e88-afc8-9b4325ce4f8f","5aea2d87-2bc9-4247-9d73-5505908a92c6");
INSERT INTO ChildType (cid, type) VALUES ("daaf8aff-f036-4f43-9050-863556f58f2a","documents");
INSERT INTO ParentChild (pid, cid) VALUES ("8bc2255b-b4f6-4e88-afc8-9b4325ce4f8f","daaf8aff-f036-4f43-9050-863556f58f2a");
INSERT INTO ChildType (cid, type) VALUES ("4fffb3c8-175a-4d7b-9f89-a95458c57319","documents");
INSERT INTO ParentChild (pid, cid) VALUES ("8bc2255b-b4f6-4e88-afc8-9b4325ce4f8f","4fffb3c8-175a-4d7b-9f89-a95458c57319");
INSERT INTO ChildType (cid, type) VALUES ("0198584b-3d69-4e95-9cc9-a41ad278caf7","documents");
INSERT INTO ParentChild (pid, cid) VALUES ("8bc2255b-b4f6-4e88-afc8-9b4325ce4f8f","0198584b-3d69-4e95-9cc9-a41ad278caf7");
INSERT INTO ChildType (cid, type) VALUES ("d2facc51-7252-439a-ab39-6151ea01d1fb","documents");
INSERT INTO ParentChild (pid, cid) VALUES ("8bc2255b-b4f6-4e88-afc8-9b4325ce4f8f","d2facc51-7252-439a-ab39-6151ea01d1fb");
INSERT INTO ChildType (cid, type) VALUES ("14e30504-3bae-4250-816b-04687ee9ff86","documents");
INSERT INTO ParentChild (pid, cid) VALUES ("8bc2255b-b4f6-4e88-afc8-9b4325ce4f8f","14e30504-3bae-4250-816b-04687ee9ff86");
INSERT INTO ChildType (cid, type) VALUES ("c1a31980-4961-426d-bacb-cd242b6baee6","documents");
INSERT INTO ParentChild (pid, cid) VALUES ("8bc2255b-b4f6-4e88-afc8-9b4325ce4f8f","c1a31980-4961-426d-bacb-cd242b6baee6");
INSERT INTO ChildType (cid, type) VALUES ("72bebc5f-0751-48d9-9a5d-6359266ba72e","documents");
INSERT INTO ParentChild (pid, cid) VALUES ("8bc2255b-b4f6-4e88-afc8-9b4325ce4f8f","72bebc5f-0751-48d9-9a5d-6359266ba72e");
INSERT INTO ChildType (cid, type) VALUES ("1d690f37-8ad4-4f56-912d-698e90daef1a","documents");
INSERT INTO ParentChild (pid, cid) VALUES ("8bc2255b-b4f6-4e88-afc8-9b4325ce4f8f","1d690f37-8ad4-4f56-912d-698e90daef1a");
INSERT INTO ChildType (cid, type) VALUES ("ee778bc1-5826-4ee9-a154-eeb4500e6c11","documents");
INSERT INTO ParentChild (pid, cid) VALUES ("8bc2255b-b4f6-4e88-afc8-9b4325ce4f8f","ee778bc1-5826-4ee9-a154-eeb4500e6c11");
INSERT INTO ChildType (cid, type) VALUES ("3a936aea-b1df-4359-8c56-1e7582f1a1f9","documents");
INSERT INTO ParentChild (pid, cid) VALUES ("8bc2255b-b4f6-4e88-afc8-9b4325ce4f8f","3a936aea-b1df-4359-8c56-1e7582f1a1f9");
INSERT INTO ChildType (cid, type) VALUES ("1e80daa3-8cb1-4deb-94d6-d33f48fc2736","documents");
INSERT INTO ParentChild (pid, cid) VALUES ("8bc2255b-b4f6-4e88-afc8-9b4325ce4f8f","1e80daa3-8cb1-4deb-94d6-d33f48fc2736");
INSERT INTO ChildType (cid, type) VALUES ("f74ce244-caf5-4525-a673-cadb9e6237f5","documents");
INSERT INTO ParentChild (pid, cid) VALUES ("8bc2255b-b4f6-4e88-afc8-9b4325ce4f8f","f74ce244-caf5-4525-a673-cadb9e6237f5");
INSERT INTO ChildType (cid, type) VALUES ("f9eb4190-a3da-4c0a-bad0-a6114ba0cddd","documents");
INSERT INTO ParentChild (pid, cid) VALUES ("8bc2255b-b4f6-4e88-afc8-9b4325ce4f8f","f9eb4190-a3da-4c0a-bad0-a6114ba0cddd");
INSERT INTO ChildType (cid, type) VALUES ("b201b6eb-b288-4529-9a92-58c985af4528","documents");
INSERT INTO ParentChild (pid, cid) VALUES ("8bc2255b-b4f6-4e88-afc8-9b4325ce4f8f","b201b6eb-b288-4529-9a92-58c985af4528");
INSERT INTO ChildType (cid, type) VALUES ("a5d51ab1-b269-470d-a172-84563718ec3a","documents");
INSERT INTO ParentChild (pid, cid) VALUES ("8bc2255b-b4f6-4e88-afc8-9b4325ce4f8f","a5d51ab1-b269-470d-a172-84563718ec3a");
INSERT INTO ChildType (cid, type) VALUES ("5b63326d-59a3-4fb2-9ac6-c173c7830d64","documents");
INSERT INTO ParentChild (pid, cid) VALUES ("8bc2255b-b4f6-4e88-afc8-9b4325ce4f8f","5b63326d-59a3-4fb2-9ac6-c173c7830d64");
INSERT INTO ChildType (cid, type) VALUES ("9b78a9f7-4c29-48ee-9c74-11a64dc89985","documents");
INSERT INTO ParentChild (pid, cid) VALUES ("8bc2255b-b4f6-4e88-afc8-9b4325ce4f8f","9b78a9f7-4c29-48ee-9c74-11a64dc89985");
INSERT INTO ChildType (cid, type) VALUES ("85ed4c4e-ee63-4137-9440-656f5f72378a","documents");
INSERT INTO ParentChild (pid, cid) VALUES ("8bc2255b-b4f6-4e88-afc8-9b4325ce4f8f","85ed4c4e-ee63-4137-9440-656f5f72378a");
INSERT INTO ChildType (cid, type) VALUES ("eb42e7d0-ae60-4daa-adb6-3421e98eda79","documents");
INSERT INTO ParentChild (pid, cid) VALUES ("8bc2255b-b4f6-4e88-afc8-9b4325ce4f8f","eb42e7d0-ae60-4daa-adb6-3421e98eda79");
INSERT INTO ChildType (cid, type) VALUES ("1bb33324-67ae-442a-b35b-5584139bc436","documents");
INSERT INTO ParentChild (pid, cid) VALUES ("8bc2255b-b4f6-4e88-afc8-9b4325ce4f8f","1bb33324-67ae-442a-b35b-5584139bc436");
INSERT INTO ChildType (cid, type) VALUES ("e943ef68-9e1f-4b43-9d5e-00989b4b4e48","documents");
INSERT INTO ParentChild (pid, cid) VALUES ("8bc2255b-b4f6-4e88-afc8-9b4325ce4f8f","e943ef68-9e1f-4b43-9d5e-00989b4b4e48");
INSERT INTO ChildType (cid, type) VALUES ("c7f37679-05d9-4246-83ab-68f9520e1a7e","documents");
INSERT INTO ParentChild (pid, cid) VALUES ("8bc2255b-b4f6-4e88-afc8-9b4325ce4f8f","c7f37679-05d9-4246-83ab-68f9520e1a7e");
INSERT INTO ChildType (cid, type) VALUES ("608ccca2-254e-4355-a599-94b0522e6df6","documents");
INSERT INTO ParentChild (pid, cid) VALUES ("8bc2255b-b4f6-4e88-afc8-9b4325ce4f8f","608ccca2-254e-4355-a599-94b0522e6df6");
INSERT INTO ChildType (cid, type) VALUES ("00c0b767-9ff5-4e67-b4c7-20c30fa60584","documents");
INSERT INTO ParentChild (pid, cid) VALUES ("8bc2255b-b4f6-4e88-afc8-9b4325ce4f8f","00c0b767-9ff5-4e67-b4c7-20c30fa60584");
INSERT INTO ChildType (cid, type) VALUES ("d9840a8f-b986-4b0d-9d50-67945b3d4815","documents");
INSERT INTO ParentChild (pid, cid) VALUES ("8bc2255b-b4f6-4e88-afc8-9b4325ce4f8f","d9840a8f-b986-4b0d-9d50-67945b3d4815");
INSERT INTO ChildType (cid, type) VALUES ("e3261d39-8a1c-41c4-8553-f15d241dd9f6","documents");
INSERT INTO ParentChild (pid, cid) VALUES ("8bc2255b-b4f6-4e88-afc8-9b4325ce4f8f","e3261d39-8a1c-41c4-8553-f15d241dd9f6");
INSERT INTO ChildType (cid, type) VALUES ("0d8720fc-ba21-4dba-af0b-426f3423298d","documents");
INSERT INTO ParentChild (pid, cid) VALUES ("8bc2255b-b4f6-4e88-afc8-9b4325ce4f8f","0d8720fc-ba21-4dba-af0b-426f3423298d");
INSERT INTO ChildType (cid, type) VALUES ("80069196-3827-4b9d-8e79-36fc1b2411f4","documents");
INSERT INTO ParentChild (pid, cid) VALUES ("8bc2255b-b4f6-4e88-afc8-9b4325ce4f8f","80069196-3827-4b9d-8e79-36fc1b2411f4");
INSERT INTO ChildType (cid, type) VALUES ("1fce1e5d-33df-4505-b67e-9329247a7b4a","documents");
INSERT INTO ParentChild (pid, cid) VALUES ("8bc2255b-b4f6-4e88-afc8-9b4325ce4f8f","1fce1e5d-33df-4505-b67e-9329247a7b4a");
INSERT INTO ChildType (cid, type) VALUES ("d804e1b6-3e52-48cd-bb27-de10bcc3934a","documents");
INSERT INTO ParentChild (pid, cid) VALUES ("8bc2255b-b4f6-4e88-afc8-9b4325ce4f8f","d804e1b6-3e52-48cd-bb27-de10bcc3934a");
INSERT INTO ChildType (cid, type) VALUES ("c2b62bd1-2375-4759-823b-45539e638d1c","documents");
INSERT INTO ParentChild (pid, cid) VALUES ("8bc2255b-b4f6-4e88-afc8-9b4325ce4f8f","c2b62bd1-2375-4759-823b-45539e638d1c");
INSERT INTO ChildType (cid, type) VALUES ("c1ebc25b-a49a-409e-b953-cf14f74644e6","documents");
INSERT INTO ParentChild (pid, cid) VALUES ("8bc2255b-b4f6-4e88-afc8-9b4325ce4f8f","c1ebc25b-a49a-409e-b953-cf14f74644e6");
INSERT INTO ChildType (cid, type) VALUES ("142a7d58-f559-4eac-84ca-5d4d21f1b129","documents");
INSERT INTO ParentChild (pid, cid) VALUES ("8bc2255b-b4f6-4e88-afc8-9b4325ce4f8f","142a7d58-f559-4eac-84ca-5d4d21f1b129");
INSERT INTO ChildType (cid, type) VALUES ("09ef67de-f813-436e-8fbf-2b5184aebd83","documents");
INSERT INTO ParentChild (pid, cid) VALUES ("8bc2255b-b4f6-4e88-afc8-9b4325ce4f8f","09ef67de-f813-436e-8fbf-2b5184aebd83");
INSERT INTO ChildType (cid, type) VALUES ("8a502d56-7333-4a56-9a05-32f8badb57a4","documents");
INSERT INTO ParentChild (pid, cid) VALUES ("8bc2255b-b4f6-4e88-afc8-9b4325ce4f8f","8a502d56-7333-4a56-9a05-32f8badb57a4");
INSERT INTO ChildType (cid, type) VALUES ("af2d9234-8ac0-4695-9f1a-e2b0222536d5","documents");
INSERT INTO ParentChild (pid, cid) VALUES ("8bc2255b-b4f6-4e88-afc8-9b4325ce4f8f","af2d9234-8ac0-4695-9f1a-e2b0222536d5");
INSERT INTO ChildType (cid, type) VALUES ("c5c7911b-b230-4115-93cd-a3c49e219563","documents");
INSERT INTO ParentChild (pid, cid) VALUES ("8bc2255b-b4f6-4e88-afc8-9b4325ce4f8f","c5c7911b-b230-4115-93cd-a3c49e219563");
INSERT INTO ChildType (cid, type) VALUES ("077f1873-4e4d-49f0-bf1b-1c4810845a5a","documents");
INSERT INTO ParentChild (pid, cid) VALUES ("8bc2255b-b4f6-4e88-afc8-9b4325ce4f8f","077f1873-4e4d-49f0-bf1b-1c4810845a5a");
INSERT INTO ChildType (cid, type) VALUES ("9a6f3cdf-10b9-4689-8b4d-ff56da3a2215","documents");
INSERT INTO ParentChild (pid, cid) VALUES ("8bc2255b-b4f6-4e88-afc8-9b4325ce4f8f","9a6f3cdf-10b9-4689-8b4d-ff56da3a2215");
INSERT INTO ChildType (cid, type) VALUES ("67ce92da-3fc5-4f00-a15f-90b12fda579d","documents");
INSERT INTO ParentChild (pid, cid) VALUES ("8bc2255b-b4f6-4e88-afc8-9b4325ce4f8f","67ce92da-3fc5-4f00-a15f-90b12fda579d");
INSERT INTO ChildType (cid, type) VALUES ("11329c9d-8388-4f8e-bf2a-bb348bf8873c","documents");
INSERT INTO ParentChild (pid, cid) VALUES ("8bc2255b-b4f6-4e88-afc8-9b4325ce4f8f","11329c9d-8388-4f8e-bf2a-bb348bf8873c");
INSERT INTO ChildType (cid, type) VALUES ("12aa5103-97b5-413c-bcd2-9403f11ad77f","documents");
INSERT INTO ParentChild (pid, cid) VALUES ("8bc2255b-b4f6-4e88-afc8-9b4325ce4f8f","12aa5103-97b5-413c-bcd2-9403f11ad77f");
INSERT INTO ChildType (cid, type) VALUES ("c6787406-a61c-4a76-95cd-d62ec04c655b","documents");
INSERT INTO ParentChild (pid, cid) VALUES ("8bc2255b-b4f6-4e88-afc8-9b4325ce4f8f","c6787406-a61c-4a76-95cd-d62ec04c655b");
INSERT INTO ChildType (cid, type) VALUES ("9596bf25-6c37-4687-b5e2-c40bcdb180eb","documents");
INSERT INTO ParentChild (pid, cid) VALUES ("8bc2255b-b4f6-4e88-afc8-9b4325ce4f8f","9596bf25-6c37-4687-b5e2-c40bcdb180eb");
INSERT INTO ChildType (cid, type) VALUES ("669bbe53-ef6c-4a67-a4ed-3db1761a095c","documents");
INSERT INTO ParentChild (pid, cid) VALUES ("8bc2255b-b4f6-4e88-afc8-9b4325ce4f8f","669bbe53-ef6c-4a67-a4ed-3db1761a095c");
INSERT INTO ChildType (cid, type) VALUES ("5b38036c-6f29-4926-99bb-e2faa1637cba","documents");
INSERT INTO ParentChild (pid, cid) VALUES ("8bc2255b-b4f6-4e88-afc8-9b4325ce4f8f","5b38036c-6f29-4926-99bb-e2faa1637cba");
INSERT INTO ChildType (cid, type) VALUES ("674e3423-56f8-4340-a41a-1309272d39f8","documents");
INSERT INTO ParentChild (pid, cid) VALUES ("8bc2255b-b4f6-4e88-afc8-9b4325ce4f8f","674e3423-56f8-4340-a41a-1309272d39f8");
INSERT INTO ChildType (cid, type) VALUES ("47c41914-e73d-4706-9dc1-0cf4845a628b","documents");
INSERT INTO ParentChild (pid, cid) VALUES ("8bc2255b-b4f6-4e88-afc8-9b4325ce4f8f","47c41914-e73d-4706-9dc1-0cf4845a628b");
INSERT INTO ChildType (cid, type) VALUES ("c2f3fb31-8d0e-4a80-b2ab-e3a765197fdd","documents");
INSERT INTO ParentChild (pid, cid) VALUES ("8bc2255b-b4f6-4e88-afc8-9b4325ce4f8f","c2f3fb31-8d0e-4a80-b2ab-e3a765197fdd");
INSERT INTO ChildType (cid, type) VALUES ("0e8af662-12bf-4c5d-a8a1-709ad2195278","documents");
INSERT INTO ParentChild (pid, cid) VALUES ("8bc2255b-b4f6-4e88-afc8-9b4325ce4f8f","0e8af662-12bf-4c5d-a8a1-709ad2195278");
INSERT INTO ChildType (cid, type) VALUES ("4bc649fe-528a-4885-8717-d31d09d1ea2e","documents");
INSERT INTO ParentChild (pid, cid) VALUES ("8bc2255b-b4f6-4e88-afc8-9b4325ce4f8f","4bc649fe-528a-4885-8717-d31d09d1ea2e");
INSERT INTO ChildType (cid, type) VALUES ("bd0f7daa-a214-4033-9051-f587ee3c416b","documents");
INSERT INTO ParentChild (pid, cid) VALUES ("8bc2255b-b4f6-4e88-afc8-9b4325ce4f8f","bd0f7daa-a214-4033-9051-f587ee3c416b");
INSERT INTO ChildType (cid, type) VALUES ("7aa57f00-d316-4af1-a43b-7ff3b8eeb15d","documents");
INSERT INTO ParentChild (pid, cid) VALUES ("8bc2255b-b4f6-4e88-afc8-9b4325ce4f8f","7aa57f00-d316-4af1-a43b-7ff3b8eeb15d");
INSERT INTO ChildType (cid, type) VALUES ("f982b43f-769b-46a0-b7ef-4588d7809654","documents");
INSERT INTO ParentChild (pid, cid) VALUES ("8bc2255b-b4f6-4e88-afc8-9b4325ce4f8f","f982b43f-769b-46a0-b7ef-4588d7809654");
INSERT INTO ChildType (cid, type) VALUES ("d2fccaf5-9c34-4421-aee3-41b4f3c3a7ea","documents");
INSERT INTO ParentChild (pid, cid) VALUES ("8bc2255b-b4f6-4e88-afc8-9b4325ce4f8f","d2fccaf5-9c34-4421-aee3-41b4f3c3a7ea");
INSERT INTO ChildType (cid, type) VALUES ("4b57495e-e5e3-4442-93b7-46fba627867b","documents");
INSERT INTO ParentChild (pid, cid) VALUES ("8bc2255b-b4f6-4e88-afc8-9b4325ce4f8f","4b57495e-e5e3-4442-93b7-46fba627867b");
>>>>>>> 83fabfcd6bbbdd5c8d1d448e23f55776440e94c0
