INSERT INTO Documents (guid, docFormat, author, dateModified, description, url) VALUES ("a59b38a8-c267-43b4-9596-c617067a16c6","html","null",null,"Sword Buyers Guide Home","https://sword-buyers-guide.com");
INSERT INTO Documents (guid, docFormat, author, dateModified, description, url) VALUES ("e62fa984-b2ce-4641-b972-8528301c6ed7","html","null",null,"Privacy Policy","https://www.sword-buyers-guide.com/privacy-policy.html");
INSERT INTO Documents (guid, docFormat, author, dateModified, description, url) VALUES ("e6fa1b1d-904e-4a28-9357-1ec48637b7d3","html","null",null,"Contact SBG","https://www.sword-buyers-guide.com/contact-SBG.html");
INSERT INTO Documents (guid, docFormat, author, dateModified, description, url) VALUES ("2a5be955-9910-4a6a-9bf0-b8bdc557846a","html","null",null,"SBG on Facebook","https://sword-buyers-guide.com/facebook.html");
INSERT INTO Documents (guid, docFormat, author, dateModified, description, url) VALUES ("aaf20918-690d-4110-b292-88cd2e436274","html","null",null,"About Us","https://www.sword-buyers-guide.com/about-us.html");
INSERT INTO Documents (guid, docFormat, author, dateModified, description, url) VALUES ("f2e61bbf-97a6-4c4b-885a-6979c3b7a772","html","null",null,"Japanese Swords For Sale on eBay","https://www.sword-buyers-guide.com/japanese-swords-for-sale.html");
INSERT INTO Documents (guid, docFormat, author, dateModified, description, url) VALUES ("5c700836-c018-41a8-a327-9347134b30ec","html","null",null,"Swords Online: Sword Buyers Directory","https://www.sword-buyers-guide.com/swords-online.html");
INSERT INTO Documents (guid, docFormat, author, dateModified, description, url) VALUES ("1cd9be77-7d1e-473c-a37e-bd3114e8fe38","html","null",null,"The Sword Buyers Digest - Coming Back to an Inbox Near You!","https://www.sword-buyers-guide.com/ezine.html");
INSERT INTO Documents (guid, docFormat, author, dateModified, description, url) VALUES ("120e54fa-52a7-4690-bfaf-56b7e4158618","html","null",null,"Damascus Sucks! Don't believe the hype..","https://www.sword-buyers-guide.com/damascus.html");
INSERT INTO Documents (guid, docFormat, author, dateModified, description, url) VALUES ("f8798712-8481-443b-9870-b8f217bb39b2","html","null",null,"Movie Replica Swords: The Facts of Fiction","https://sword-buyers-guide.com/movie-replica-swords.html");
INSERT INTO Documents (guid, docFormat, author, dateModified, description, url) VALUES ("20517440-1b6c-4225-a11a-4a39ccd5a1b1","html","null",null,"Sword Buyers Guide Blog","https://www.sword-buyers-guide.com/sword-buyers-guide-blog.html");
INSERT INTO Documents (guid, docFormat, author, dateModified, description, url) VALUES ("dc8abb61-6390-412a-96de-2d58d9c2b71f","html","null",null,"Christmas Sword Buying Guide 2017","https://www.sword-buyers-guide.com/christmas-sword-buying-guide.html");
INSERT INTO Documents (guid, docFormat, author, dateModified, description, url) VALUES ("0fc56b6f-023a-4c23-8155-fe8ce33c79ff","html","null",null,"Sword Fighting and Training Basics","https://sword-buyers-guide.com/sword-fighting.html");
INSERT INTO Documents (guid, docFormat, author, dateModified, description, url) VALUES ("f5216052-6311-4901-af31-47b7c6b31ba8","html","null",null,"How to Forge a Sword - Basic Methods","https://sword-buyers-guide.com/how-to-forge-a-sword.html");
INSERT INTO Documents (guid, docFormat, author, dateModified, description, url) VALUES ("4fdfd2c5-830b-4f80-ab2e-70f21eb079d8","html","null",null,"Sword steels 101","https://sword-buyers-guide.com/sword-steels.html");
INSERT INTO Documents (guid, docFormat, author, dateModified, description, url) VALUES ("ecfe0a03-dc23-4825-8ed1-3694fd61864a","html","null",null,"Sword Buyers Guide Blog","https://www.sword-buyers-guide.com/sword-buyers-guide-blog.html");
INSERT INTO Documents (guid, docFormat, author, dateModified, description, url) VALUES ("f68be572-6065-4249-938a-8829adb99fa2","html","null",null,"Store Home Page","http://sbg-sword-store.sword-buyers-guide.com/");
INSERT INTO Documents (guid, docFormat, author, dateModified, description, url) VALUES ("77efec30-4fec-400e-874b-da6d1b6d504e","html","null",null,"The SBG Sword Forum","https://sword-buyers-guide.com/sword-forum.html");
INSERT INTO Documents (guid, docFormat, author, dateModified, description, url) VALUES ("c3c5d868-e1b9-4707-8421-e4baaf94d076","html","null",null,"Christmas Sword Buying Guide 2017","https://www.sword-buyers-guide.com/christmas-sword-buying-guide.html");
INSERT INTO Documents (guid, docFormat, author, dateModified, description, url) VALUES ("d673d92e-2ec8-42a9-a837-34fe9c673360","html","null",null,"Swords Online: Sword Buyers Directory","https://www.sword-buyers-guide.com/swords-online.html");
INSERT INTO Documents (guid, docFormat, author, dateModified, description, url) VALUES ("2217ee56-8c8c-43db-8a31-143fe2cdc885","html","null",null,"Chinese Swords","https://sword-buyers-guide.com/chinese-swords.html");
INSERT INTO Documents (guid, docFormat, author, dateModified, description, url) VALUES ("f232d83f-d987-4088-adb9-7eba4d99341d","html","null",null,"Sword Information and Articles","https://sword-buyers-guide.com/sword-information.html");
INSERT INTO Documents (guid, docFormat, author, dateModified, description, url) VALUES ("5264e94b-ef7e-45a8-94b3-af96da3fee63","html","null",null,"Sword Buyers Guide Blog","https://sword-buyers-guide.com/sword-buyers-guide-blog.html");
INSERT INTO Documents (guid, docFormat, author, dateModified, description, url) VALUES ("5553a539-4bb2-461b-ab35-087e40a06fe9","html","null",null,"Christmas Sword Buying Guide 2017","https://www.sword-buyers-guide.com/christmas-sword-buying-guide.html");
INSERT INTO Documents (guid, docFormat, author, dateModified, description, url) VALUES ("7147ce63-804c-4535-945d-7f7f425a3b88","html","null",null,"Sword Manufacturers Dossier","https://sword-buyers-guide.com/sword-manufacturers.html");
INSERT INTO Documents (guid, docFormat, author, dateModified, description, url) VALUES ("53f5f51d-59f7-4fee-8df2-6b6211916021","html","null",null,"Do not Buy Swords Online Until You Read This!","https://www.sword-buyers-guide.com/buy-swords-online.html");
INSERT INTO Documents (guid, docFormat, author, dateModified, description, url) VALUES ("7da19f66-ef72-447b-b46a-b80ca6d0121e","html","null",null,"Replica Anime Swords","https://sword-buyers-guide.com/anime-swords.html");
INSERT INTO Documents (guid, docFormat, author, dateModified, description, url) VALUES ("a5f154a1-5b81-4537-b8b4-fe72f17e09da","html","null",null,"Falchions, Scimitars and Sabers","https://sword-buyers-guide.com/scimitars.html");
INSERT INTO Documents (guid, docFormat, author, dateModified, description, url) VALUES ("9682e5ce-b9c3-4090-807d-3f407fa3a238","html","null",null,"RK Euro Swords Testing and Triple Sword Review","https://www.sword-buyers-guide.com/euro-swords.html");
INSERT INTO Documents (guid, docFormat, author, dateModified, description, url) VALUES ("3fe294d5-b3ec-423b-b2c2-538f5e3432fb","html","null",null,"Battle ready medieval swords","https://sword-buyers-guide.com/medieval-swords.html");
INSERT INTO Documents (guid, docFormat, author, dateModified, description, url) VALUES ("be343391-b9b0-451c-9ca5-9915060cafbd","html","null",null,"Do not Buy Swords Online Until You Read This!","https://sword-buyers-guide.com/buy-swords-online.html");
INSERT INTO Documents (guid, docFormat, author, dateModified, description, url) VALUES ("c2149ca2-af12-4be5-90ce-6cc7586eead5","html","null",null,"How to Sharpen a Sword","https://sword-buyers-guide.com/how-to-sharpen-a-sword.html");
INSERT INTO Documents (guid, docFormat, author, dateModified, description, url) VALUES ("da69cbd3-8165-4532-91d7-a1050c4d80af","html","null",null,"Store Home Page","http://sbg-sword-store.sword-buyers-guide.com");
INSERT INTO Documents (guid, docFormat, author, dateModified, description, url) VALUES ("8863aa17-55a0-4cd2-b9f5-341992e6fa8f","html","null",null,"The Sword Buyers Digest - Coming Back to an Inbox Near You!","https://sword-buyers-guide.com/ezine.html");
INSERT INTO Documents (guid, docFormat, author, dateModified, description, url) VALUES ("8d3d8995-039c-46eb-b061-ae50821139fb","html","null",null,"Decorative and Functional Fantasy Swords","https://sword-buyers-guide.com/fantasy-swords.html");
INSERT INTO Documents (guid, docFormat, author, dateModified, description, url) VALUES ("e77b2bbc-9ec0-4584-a5c0-ee92782f46a3","html","null",null,"Modern Replicas of Ancient Swords","https://sword-buyers-guide.com/ancient-swords.html");
INSERT INTO Documents (guid, docFormat, author, dateModified, description, url) VALUES ("8e4ad051-5cdf-421c-8b3c-15a023a5bf2b","html","null",null,"Navigating the Sword Care Maze","https://sword-buyers-guide.com/sword-care.html");
INSERT INTO Documents (guid, docFormat, author, dateModified, description, url) VALUES ("71bbcbac-340a-4d20-86f6-89cef6176680","html","null",null,"Modern Replicas of Viking Swords","https://sword-buyers-guide.com/viking-swords.html");
INSERT INTO Documents (guid, docFormat, author, dateModified, description, url) VALUES ("6d8fae84-ab7c-4507-b74d-c9980673e042","html","null",null,"Swords Online: Sword Buyers Directory","https://sword-buyers-guide.com/swords-online.html");
INSERT INTO Documents (guid, docFormat, author, dateModified, description, url) VALUES ("df4d078f-dae9-4b12-ad3c-2a3e86ad2805","html","null",null,"Ninja Swords Online","https://sword-buyers-guide.com/ninja-swords.html");
INSERT INTO Documents (guid, docFormat, author, dateModified, description, url) VALUES ("0f2069d9-1175-40fe-8946-f67776671162","html","null",null,"Modern Tactical and Zombie Swords","https://sword-buyers-guide.com/zombie-swords.html");
INSERT INTO Documents (guid, docFormat, author, dateModified, description, url) VALUES ("757ed47f-15f9-430f-91be-1ebb551834e9","html","null",null,"Authentic Japanese Swords: the Ultimate Guide","https://sword-buyers-guide.com/authentic-japanese-swords.html");
INSERT INTO Documents (guid, docFormat, author, dateModified, description, url) VALUES ("3a8b021d-118e-4522-860c-1fe5d97742bd","html","null",null,"Functional Replica Renaissance Swords","https://sword-buyers-guide.com/renaissance-swords.html");
INSERT INTO Documents (guid, docFormat, author, dateModified, description, url) VALUES ("6f3d8fac-8749-4341-8fcc-169e03f58166","html","null",null,"Your Sword Questions Answered","https://sword-buyers-guide.com/sword-questions.html");
INSERT INTO Documents (guid, docFormat, author, dateModified, description, url) VALUES ("ff5b7eef-c6d3-4bae-b1d9-26a0bc50bc84","html","null",null,"It Starts with One.. Many beginning collectors foolishly think that all they need is one REALLY good sword like the SBG Custom Katana. Poor, fools. | Pinterest…","http://pinterest.com/pin/create/button/?url=http%3A%2F%2Fwww.sword-buyers-guide.com%2Findex.html&media=https%3A%2F%2Fwww.sword-buyers-guide.com%2Fimages%2Fcustom-katana-hamon-start.jpg&description=It%20Starts%20with%20One..%20Many%20beginning%20collectors%20foolishly%20think%20that%20all%20they%20need%20is%20one%20REALLY%20good%20sword%20like%20the%20SBG%20Custom%20Katana.%20Poor%2C%20fools.");
INSERT INTO Documents (guid, docFormat, author, dateModified, description, url) VALUES ("d645778d-1274-4a4a-9d51-bac878e92a5b","html","null",null,"A splayed collection of 100% Battle Ready, Functional Swords with photoshop shine added in afterwards. | ARMADURAS ESPADAS DE FILMES | Pinterest | Swords, Phot…","http://pinterest.com/pin/create/button/?url=http%3A%2F%2Fwww.sword-buyers-guide.com%2Findex.html&media=https%3A%2F%2Fwww.sword-buyers-guide.com%2Fimages%2FGallery--home5a.jpg&description=A%20splayed%20collection%20of%20100%25%20Battle%20Ready%2C%20Functional%20Swords%20with%20photoshop%20shine%20added%20in%20afterwards.");
INSERT INTO Documents (guid, docFormat, author, dateModified, description, url) VALUES ("0929cc11-c5fd-4780-b89b-19f68d62a933","html","null",null,"A SERIOUS Functional Sword Collection if there ever was one. Battle ready Gladii, Katana, longswords, celtic swords - you name it - it is all here … | Pinteres…","http://pinterest.com/pin/create/button/?url=http%3A%2F%2Fwww.sword-buyers-guide.com%2Findex.html&media=https%3A%2F%2Fwww.sword-buyers-guide.com%2Fimages%2FGallery-home4.jpg&description=A%20SERIOUS%20Functional%20Sword%20Collection%20if%20there%20ever%20was%20one.%20Battle%20ready%20Gladii%2C%20Katana%2C%20longswords%2C%20celtic%20swords%20-%20you%20name%20it%20-%20it%20is%20all%20here%20and%20more!");
INSERT INTO Documents (guid, docFormat, author, dateModified, description, url) VALUES ("110c543b-ecdd-43fa-9021-f11c470e989a","html","null",null,"Every sword in this collection is functional. Most of these Katana, under US$300. Zombies beware! | Bushido | Pinterest | Katana, Swords and Zombies","http://pinterest.com/pin/create/button/?url=http%3A%2F%2Fwww.sword-buyers-guide.com%2Findex.html&media=https%3A%2F%2Fwww.sword-buyers-guide.com%2Fimages%2FGallery-home-3.jpg&description=Every%20sword%20in%20this%20collection%20is%20functional.%20Most%20of%20these%20Katana%2C%20under%20US%24300.%20Zombies%20beware!");
INSERT INTO Documents (guid, docFormat, author, dateModified, description, url) VALUES ("10039013-81cb-4365-bcc3-091070d0aef1","html","null",null,"Historical Costumes | Swords and Weapons - Museum Replicas","http://www.museumreplicas.com/default.aspx?affiliateID=10063");
INSERT INTO Documents (guid, docFormat, author, dateModified, description, url) VALUES ("f5cadf8b-1879-4dc3-90bd-5d5ac5f55f82","html","null",null,"A fantastic medieval sword collection displayed horizontally on sword racks adapted from use for Katana. Notice how the rear rack is used to hold t… | Pinteres…","http://pinterest.com/pin/create/button/?url=http%3A%2F%2Fwww.sword-buyers-guide.com%2Findex.html&media=https%3A%2F%2Fwww.sword-buyers-guide.com%2Fimages%2FGallery-home2.jpg&description=A%20fantastic%20medieval%20sword%20collection%20displayed%20horizontally%20on%20sword%20racks%20adapted%20from%20use%20for%20Katana.%20Notice%20how%20the%20rear%20rack%20is%20used%20to%20hold%20the%20sword%20in%20fronts'%20scabbard.");
INSERT INTO ParentTitle (pid, title) VALUES ("a59b38a8-c267-43b4-9596-c617067a16c6","sword-buyers-guide.com");
INSERT INTO ChildType (cid, type) VALUES ("fe22a710-2b47-4cbb-be90-269f927eea76","documents");
INSERT INTO ParentChild (pid, cid) VALUES ("a59b38a8-c267-43b4-9596-c617067a16c6","fe22a710-2b47-4cbb-be90-269f927eea76");
INSERT INTO ChildType (cid, type) VALUES ("ecfe0a03-dc23-4825-8ed1-3694fd61864a","documents");
INSERT INTO ParentChild (pid, cid) VALUES ("a59b38a8-c267-43b4-9596-c617067a16c6","ecfe0a03-dc23-4825-8ed1-3694fd61864a");
INSERT INTO ChildType (cid, type) VALUES ("c3c5d868-e1b9-4707-8421-e4baaf94d076","documents");
INSERT INTO ParentChild (pid, cid) VALUES ("a59b38a8-c267-43b4-9596-c617067a16c6","c3c5d868-e1b9-4707-8421-e4baaf94d076");
INSERT INTO ChildType (cid, type) VALUES ("19fe6315-8fbb-424e-a078-f7d2d0af80cd","documents");
INSERT INTO ParentChild (pid, cid) VALUES ("a59b38a8-c267-43b4-9596-c617067a16c6","19fe6315-8fbb-424e-a078-f7d2d0af80cd");
INSERT INTO ChildType (cid, type) VALUES ("be343391-b9b0-451c-9ca5-9915060cafbd","documents");
INSERT INTO ParentChild (pid, cid) VALUES ("a59b38a8-c267-43b4-9596-c617067a16c6","be343391-b9b0-451c-9ca5-9915060cafbd");
INSERT INTO ChildType (cid, type) VALUES ("4fdfd2c5-830b-4f80-ab2e-70f21eb079d8","documents");
INSERT INTO ParentChild (pid, cid) VALUES ("a59b38a8-c267-43b4-9596-c617067a16c6","4fdfd2c5-830b-4f80-ab2e-70f21eb079d8");
INSERT INTO ChildType (cid, type) VALUES ("7147ce63-804c-4535-945d-7f7f425a3b88","documents");
INSERT INTO ParentChild (pid, cid) VALUES ("a59b38a8-c267-43b4-9596-c617067a16c6","7147ce63-804c-4535-945d-7f7f425a3b88");
INSERT INTO ChildType (cid, type) VALUES ("f5216052-6311-4901-af31-47b7c6b31ba8","documents");
INSERT INTO ParentChild (pid, cid) VALUES ("a59b38a8-c267-43b4-9596-c617067a16c6","f5216052-6311-4901-af31-47b7c6b31ba8");
INSERT INTO ChildType (cid, type) VALUES ("f232d83f-d987-4088-adb9-7eba4d99341d","documents");
INSERT INTO ParentChild (pid, cid) VALUES ("a59b38a8-c267-43b4-9596-c617067a16c6","f232d83f-d987-4088-adb9-7eba4d99341d");
INSERT INTO ChildType (cid, type) VALUES ("8e4ad051-5cdf-421c-8b3c-15a023a5bf2b","documents");
INSERT INTO ParentChild (pid, cid) VALUES ("a59b38a8-c267-43b4-9596-c617067a16c6","8e4ad051-5cdf-421c-8b3c-15a023a5bf2b");
INSERT INTO ChildType (cid, type) VALUES ("c2149ca2-af12-4be5-90ce-6cc7586eead5","documents");
INSERT INTO ParentChild (pid, cid) VALUES ("a59b38a8-c267-43b4-9596-c617067a16c6","c2149ca2-af12-4be5-90ce-6cc7586eead5");
INSERT INTO ChildType (cid, type) VALUES ("0fc56b6f-023a-4c23-8155-fe8ce33c79ff","documents");
INSERT INTO ParentChild (pid, cid) VALUES ("a59b38a8-c267-43b4-9596-c617067a16c6","0fc56b6f-023a-4c23-8155-fe8ce33c79ff");
INSERT INTO ChildType (cid, type) VALUES ("757ed47f-15f9-430f-91be-1ebb551834e9","documents");
INSERT INTO ParentChild (pid, cid) VALUES ("a59b38a8-c267-43b4-9596-c617067a16c6","757ed47f-15f9-430f-91be-1ebb551834e9");
INSERT INTO ChildType (cid, type) VALUES ("df4d078f-dae9-4b12-ad3c-2a3e86ad2805","documents");
INSERT INTO ParentChild (pid, cid) VALUES ("a59b38a8-c267-43b4-9596-c617067a16c6","df4d078f-dae9-4b12-ad3c-2a3e86ad2805");
INSERT INTO ChildType (cid, type) VALUES ("2217ee56-8c8c-43db-8a31-143fe2cdc885","documents");
INSERT INTO ParentChild (pid, cid) VALUES ("a59b38a8-c267-43b4-9596-c617067a16c6","2217ee56-8c8c-43db-8a31-143fe2cdc885");
INSERT INTO ChildType (cid, type) VALUES ("e77b2bbc-9ec0-4584-a5c0-ee92782f46a3","documents");
INSERT INTO ParentChild (pid, cid) VALUES ("a59b38a8-c267-43b4-9596-c617067a16c6","e77b2bbc-9ec0-4584-a5c0-ee92782f46a3");
INSERT INTO ChildType (cid, type) VALUES ("71bbcbac-340a-4d20-86f6-89cef6176680","documents");
INSERT INTO ParentChild (pid, cid) VALUES ("a59b38a8-c267-43b4-9596-c617067a16c6","71bbcbac-340a-4d20-86f6-89cef6176680");
INSERT INTO ChildType (cid, type) VALUES ("3fe294d5-b3ec-423b-b2c2-538f5e3432fb","documents");
INSERT INTO ParentChild (pid, cid) VALUES ("a59b38a8-c267-43b4-9596-c617067a16c6","3fe294d5-b3ec-423b-b2c2-538f5e3432fb");
INSERT INTO ChildType (cid, type) VALUES ("3a8b021d-118e-4522-860c-1fe5d97742bd","documents");
INSERT INTO ParentChild (pid, cid) VALUES ("a59b38a8-c267-43b4-9596-c617067a16c6","3a8b021d-118e-4522-860c-1fe5d97742bd");
INSERT INTO ChildType (cid, type) VALUES ("a5f154a1-5b81-4537-b8b4-fe72f17e09da","documents");
INSERT INTO ParentChild (pid, cid) VALUES ("a59b38a8-c267-43b4-9596-c617067a16c6","a5f154a1-5b81-4537-b8b4-fe72f17e09da");
INSERT INTO ChildType (cid, type) VALUES ("8d3d8995-039c-46eb-b061-ae50821139fb","documents");
INSERT INTO ParentChild (pid, cid) VALUES ("a59b38a8-c267-43b4-9596-c617067a16c6","8d3d8995-039c-46eb-b061-ae50821139fb");
INSERT INTO ChildType (cid, type) VALUES ("f8798712-8481-443b-9870-b8f217bb39b2","documents");
INSERT INTO ParentChild (pid, cid) VALUES ("a59b38a8-c267-43b4-9596-c617067a16c6","f8798712-8481-443b-9870-b8f217bb39b2");
INSERT INTO ChildType (cid, type) VALUES ("7da19f66-ef72-447b-b46a-b80ca6d0121e","documents");
INSERT INTO ParentChild (pid, cid) VALUES ("a59b38a8-c267-43b4-9596-c617067a16c6","7da19f66-ef72-447b-b46a-b80ca6d0121e");
INSERT INTO ChildType (cid, type) VALUES ("0f2069d9-1175-40fe-8946-f67776671162","documents");
INSERT INTO ParentChild (pid, cid) VALUES ("a59b38a8-c267-43b4-9596-c617067a16c6","0f2069d9-1175-40fe-8946-f67776671162");
INSERT INTO ChildType (cid, type) VALUES ("6f3d8fac-8749-4341-8fcc-169e03f58166","documents");
INSERT INTO ParentChild (pid, cid) VALUES ("a59b38a8-c267-43b4-9596-c617067a16c6","6f3d8fac-8749-4341-8fcc-169e03f58166");
INSERT INTO ChildType (cid, type) VALUES ("77efec30-4fec-400e-874b-da6d1b6d504e","documents");
INSERT INTO ParentChild (pid, cid) VALUES ("a59b38a8-c267-43b4-9596-c617067a16c6","77efec30-4fec-400e-874b-da6d1b6d504e");
INSERT INTO ChildType (cid, type) VALUES ("8863aa17-55a0-4cd2-b9f5-341992e6fa8f","documents");
INSERT INTO ParentChild (pid, cid) VALUES ("a59b38a8-c267-43b4-9596-c617067a16c6","8863aa17-55a0-4cd2-b9f5-341992e6fa8f");
INSERT INTO ChildType (cid, type) VALUES ("2a5be955-9910-4a6a-9bf0-b8bdc557846a","documents");
INSERT INTO ParentChild (pid, cid) VALUES ("a59b38a8-c267-43b4-9596-c617067a16c6","2a5be955-9910-4a6a-9bf0-b8bdc557846a");
INSERT INTO ChildType (cid, type) VALUES ("5264e94b-ef7e-45a8-94b3-af96da3fee63","documents");
INSERT INTO ParentChild (pid, cid) VALUES ("a59b38a8-c267-43b4-9596-c617067a16c6","5264e94b-ef7e-45a8-94b3-af96da3fee63");
INSERT INTO ChildType (cid, type) VALUES ("6d8fae84-ab7c-4507-b74d-c9980673e042","documents");
INSERT INTO ParentChild (pid, cid) VALUES ("a59b38a8-c267-43b4-9596-c617067a16c6","6d8fae84-ab7c-4507-b74d-c9980673e042");
INSERT INTO ChildType (cid, type) VALUES ("da69cbd3-8165-4532-91d7-a1050c4d80af","documents");
INSERT INTO ParentChild (pid, cid) VALUES ("a59b38a8-c267-43b4-9596-c617067a16c6","da69cbd3-8165-4532-91d7-a1050c4d80af");
INSERT INTO ChildType (cid, type) VALUES ("f68be572-6065-4249-938a-8829adb99fa2","documents");
INSERT INTO ParentChild (pid, cid) VALUES ("a59b38a8-c267-43b4-9596-c617067a16c6","f68be572-6065-4249-938a-8829adb99fa2");
INSERT INTO ChildType (cid, type) VALUES ("dc8abb61-6390-412a-96de-2d58d9c2b71f","documents");
INSERT INTO ParentChild (pid, cid) VALUES ("a59b38a8-c267-43b4-9596-c617067a16c6","dc8abb61-6390-412a-96de-2d58d9c2b71f");
INSERT INTO ChildType (cid, type) VALUES ("20517440-1b6c-4225-a11a-4a39ccd5a1b1","documents");
INSERT INTO ParentChild (pid, cid) VALUES ("a59b38a8-c267-43b4-9596-c617067a16c6","20517440-1b6c-4225-a11a-4a39ccd5a1b1");
INSERT INTO ChildType (cid, type) VALUES ("5553a539-4bb2-461b-ab35-087e40a06fe9","documents");
INSERT INTO ParentChild (pid, cid) VALUES ("a59b38a8-c267-43b4-9596-c617067a16c6","5553a539-4bb2-461b-ab35-087e40a06fe9");
INSERT INTO ChildType (cid, type) VALUES ("c688492d-903f-4cf0-9802-977db997c99d","documents");
INSERT INTO ParentChild (pid, cid) VALUES ("a59b38a8-c267-43b4-9596-c617067a16c6","c688492d-903f-4cf0-9802-977db997c99d");
INSERT INTO ChildType (cid, type) VALUES ("ff5b7eef-c6d3-4bae-b1d9-26a0bc50bc84","documents");
INSERT INTO ParentChild (pid, cid) VALUES ("a59b38a8-c267-43b4-9596-c617067a16c6","ff5b7eef-c6d3-4bae-b1d9-26a0bc50bc84");
INSERT INTO ChildType (cid, type) VALUES ("13259eca-13c0-4ab0-b919-e72c4d4ca08f","documents");
INSERT INTO ParentChild (pid, cid) VALUES ("a59b38a8-c267-43b4-9596-c617067a16c6","13259eca-13c0-4ab0-b919-e72c4d4ca08f");
INSERT INTO ChildType (cid, type) VALUES ("110c543b-ecdd-43fa-9021-f11c470e989a","documents");
INSERT INTO ParentChild (pid, cid) VALUES ("a59b38a8-c267-43b4-9596-c617067a16c6","110c543b-ecdd-43fa-9021-f11c470e989a");
INSERT INTO ChildType (cid, type) VALUES ("42431456-750d-4ba2-8eb2-323a4fe3ff3e","documents");
INSERT INTO ParentChild (pid, cid) VALUES ("a59b38a8-c267-43b4-9596-c617067a16c6","42431456-750d-4ba2-8eb2-323a4fe3ff3e");
INSERT INTO ChildType (cid, type) VALUES ("d645778d-1274-4a4a-9d51-bac878e92a5b","documents");
INSERT INTO ParentChild (pid, cid) VALUES ("a59b38a8-c267-43b4-9596-c617067a16c6","d645778d-1274-4a4a-9d51-bac878e92a5b");
INSERT INTO ChildType (cid, type) VALUES ("37013221-b913-4faf-986e-650b43e09d2c","documents");
INSERT INTO ParentChild (pid, cid) VALUES ("a59b38a8-c267-43b4-9596-c617067a16c6","37013221-b913-4faf-986e-650b43e09d2c");
INSERT INTO ChildType (cid, type) VALUES ("0929cc11-c5fd-4780-b89b-19f68d62a933","documents");
INSERT INTO ParentChild (pid, cid) VALUES ("a59b38a8-c267-43b4-9596-c617067a16c6","0929cc11-c5fd-4780-b89b-19f68d62a933");
INSERT INTO ChildType (cid, type) VALUES ("529bae1f-21d3-4291-80ba-7f18e2abae0d","documents");
INSERT INTO ParentChild (pid, cid) VALUES ("a59b38a8-c267-43b4-9596-c617067a16c6","529bae1f-21d3-4291-80ba-7f18e2abae0d");
INSERT INTO ChildType (cid, type) VALUES ("f5cadf8b-1879-4dc3-90bd-5d5ac5f55f82","documents");
INSERT INTO ParentChild (pid, cid) VALUES ("a59b38a8-c267-43b4-9596-c617067a16c6","f5cadf8b-1879-4dc3-90bd-5d5ac5f55f82");
INSERT INTO ChildType (cid, type) VALUES ("53f5f51d-59f7-4fee-8df2-6b6211916021","documents");
INSERT INTO ParentChild (pid, cid) VALUES ("a59b38a8-c267-43b4-9596-c617067a16c6","53f5f51d-59f7-4fee-8df2-6b6211916021");
INSERT INTO ChildType (cid, type) VALUES ("d673d92e-2ec8-42a9-a837-34fe9c673360","documents");
INSERT INTO ParentChild (pid, cid) VALUES ("a59b38a8-c267-43b4-9596-c617067a16c6","d673d92e-2ec8-42a9-a837-34fe9c673360");
INSERT INTO ChildType (cid, type) VALUES ("5c700836-c018-41a8-a327-9347134b30ec","documents");
INSERT INTO ParentChild (pid, cid) VALUES ("a59b38a8-c267-43b4-9596-c617067a16c6","5c700836-c018-41a8-a327-9347134b30ec");
INSERT INTO ChildType (cid, type) VALUES ("9682e5ce-b9c3-4090-807d-3f407fa3a238","documents");
INSERT INTO ParentChild (pid, cid) VALUES ("a59b38a8-c267-43b4-9596-c617067a16c6","9682e5ce-b9c3-4090-807d-3f407fa3a238");
INSERT INTO ChildType (cid, type) VALUES ("120e54fa-52a7-4690-bfaf-56b7e4158618","documents");
INSERT INTO ParentChild (pid, cid) VALUES ("a59b38a8-c267-43b4-9596-c617067a16c6","120e54fa-52a7-4690-bfaf-56b7e4158618");
INSERT INTO ChildType (cid, type) VALUES ("f2e61bbf-97a6-4c4b-885a-6979c3b7a772","documents");
INSERT INTO ParentChild (pid, cid) VALUES ("a59b38a8-c267-43b4-9596-c617067a16c6","f2e61bbf-97a6-4c4b-885a-6979c3b7a772");
INSERT INTO ChildType (cid, type) VALUES ("fb25a05d-b2da-44ab-9200-8726f1256875","documents");
INSERT INTO ParentChild (pid, cid) VALUES ("a59b38a8-c267-43b4-9596-c617067a16c6","fb25a05d-b2da-44ab-9200-8726f1256875");
INSERT INTO ChildType (cid, type) VALUES ("1cd9be77-7d1e-473c-a37e-bd3114e8fe38","documents");
INSERT INTO ParentChild (pid, cid) VALUES ("a59b38a8-c267-43b4-9596-c617067a16c6","1cd9be77-7d1e-473c-a37e-bd3114e8fe38");
INSERT INTO ChildType (cid, type) VALUES ("db27c393-6415-4ea4-a8fc-a7fd61412938","documents");
INSERT INTO ParentChild (pid, cid) VALUES ("a59b38a8-c267-43b4-9596-c617067a16c6","db27c393-6415-4ea4-a8fc-a7fd61412938");
INSERT INTO ChildType (cid, type) VALUES ("3c3fdcb7-212b-4604-9120-b07f31dffcfe","documents");
INSERT INTO ParentChild (pid, cid) VALUES ("a59b38a8-c267-43b4-9596-c617067a16c6","3c3fdcb7-212b-4604-9120-b07f31dffcfe");
INSERT INTO ChildType (cid, type) VALUES ("772ee01e-ee39-4ed3-848e-a56933aaca6a","documents");
INSERT INTO ParentChild (pid, cid) VALUES ("a59b38a8-c267-43b4-9596-c617067a16c6","772ee01e-ee39-4ed3-848e-a56933aaca6a");
INSERT INTO ChildType (cid, type) VALUES ("10039013-81cb-4365-bcc3-091070d0aef1","documents");
INSERT INTO ParentChild (pid, cid) VALUES ("a59b38a8-c267-43b4-9596-c617067a16c6","10039013-81cb-4365-bcc3-091070d0aef1");
INSERT INTO ChildType (cid, type) VALUES ("07519812-bbd2-4011-a529-c0b776a0722d","documents");
INSERT INTO ParentChild (pid, cid) VALUES ("a59b38a8-c267-43b4-9596-c617067a16c6","07519812-bbd2-4011-a529-c0b776a0722d");
INSERT INTO ChildType (cid, type) VALUES ("e62fa984-b2ce-4641-b972-8528301c6ed7","documents");
INSERT INTO ParentChild (pid, cid) VALUES ("a59b38a8-c267-43b4-9596-c617067a16c6","e62fa984-b2ce-4641-b972-8528301c6ed7");
INSERT INTO ChildType (cid, type) VALUES ("aaf20918-690d-4110-b292-88cd2e436274","documents");
INSERT INTO ParentChild (pid, cid) VALUES ("a59b38a8-c267-43b4-9596-c617067a16c6","aaf20918-690d-4110-b292-88cd2e436274");
INSERT INTO ChildType (cid, type) VALUES ("e6fa1b1d-904e-4a28-9357-1ec48637b7d3","documents");
INSERT INTO ParentChild (pid, cid) VALUES ("a59b38a8-c267-43b4-9596-c617067a16c6","e6fa1b1d-904e-4a28-9357-1ec48637b7d3");
