INSERT INTO ParentTitle (pid, title) VALUES ("038f1964-74c1-4b6f-80d8-61f32c0c6858","C:\xampp\htdocs\DevDatabase\testdir");
hello.png
INSERT INTO Images (guid, imageWidth, imageHeight, format, author, dateModified, description, url) VALUES ("61e01b77-2ed9-4ab5-9792-e30ecc44555f",null,null,"png","Sahana",20171206,"null","C:\xampp\htdocs\DevDatabase\testdir\hello.png");
INSERT INTO ParentChild (pid, cid) VALUES ("038f1964-74c1-4b6f-80d8-61f32c0c6858","61e01b77-2ed9-4ab5-9792-e30ecc44555f");
INSERT INTO ChildType (cid, type) VALUES ("61e01b77-2ed9-4ab5-9792-e30ecc44555f","Image");
hello.txt
INSERT INTO Documents (guid, docFormat, author, dateModified, description, url) VALUES ("9a50553d-c709-4341-b78b-05da8819a097","txt","Sahana",20171206,"null","C:\xampp\htdocs\DevDatabase\testdir\hello.txt");
INSERT INTO ParentChild (pid, cid) VALUES ("038f1964-74c1-4b6f-80d8-61f32c0c6858","9a50553d-c709-4341-b78b-05da8819a097");
INSERT INTO ChildType (cid, type) VALUES ("9a50553d-c709-4341-b78b-05da8819a097","Document");
hello.wav
INSERT INTO Audio (guid, runningTime, format, author, dateModified, description, url) VALUES ("195856a0-57a7-49e3-9533-ac3045630ccf",null,"wav","Sahana",20171206,"null","C:\xampp\htdocs\DevDatabase\testdir\hello.wav");
INSERT INTO ParentChild (pid, cid) VALUES ("038f1964-74c1-4b6f-80d8-61f32c0c6858","195856a0-57a7-49e3-9533-ac3045630ccf");
INSERT INTO ChildType (cid, type) VALUES ("195856a0-57a7-49e3-9533-ac3045630ccf","Audio");
hello1.html
INSERT INTO Documents (guid, docFormat, author, dateModified, description, url) VALUES ("8770bed9-da9e-44d4-a730-e37b468f0dd2","html","Sahana",20171206,"null","C:\xampp\htdocs\DevDatabase\testdir\hello1.html");
INSERT INTO ParentChild (pid, cid) VALUES ("038f1964-74c1-4b6f-80d8-61f32c0c6858","8770bed9-da9e-44d4-a730-e37b468f0dd2");
INSERT INTO ChildType (cid, type) VALUES ("8770bed9-da9e-44d4-a730-e37b468f0dd2","Document");
hello1.mp3
INSERT INTO Audio (guid, runningTime, format, author, dateModified, description, url) VALUES ("af8502fb-fe0a-4cf9-af41-70d09fe5d77f",null,"mp3","Sahana",20171206,"null","C:\xampp\htdocs\DevDatabase\testdir\hello1.mp3");
INSERT INTO ParentChild (pid, cid) VALUES ("038f1964-74c1-4b6f-80d8-61f32c0c6858","af8502fb-fe0a-4cf9-af41-70d09fe5d77f");
INSERT INTO ChildType (cid, type) VALUES ("af8502fb-fe0a-4cf9-af41-70d09fe5d77f","Audio");
INSERT INTO ParentChild (pid, cid) VALUES ("038f1964-74c1-4b6f-80d8-61f32c0c6858","16c8924c-f205-430f-901e-e14df1d244e4");
INSERT INTO ChildType (cid, type) VALUES ("16c8924c-f205-430f-901e-e14df1d244e4","Directory");
INSERT INTO ParentTitle (pid, title) VALUES ("5fc09a1d-8cdd-4f7b-96ea-a0294892935a","C:\xampp\htdocs\DevDatabase\testdir\test2");
hello2.doc
INSERT INTO Documents (guid, docFormat, author, dateModified, description, url) VALUES ("c22d18e8-047e-42db-ba8c-56c055b591d3","doc","Sahana",20171206,"null","C:\xampp\htdocs\DevDatabase\testdir\test2\hello2.doc");
INSERT INTO ParentChild (pid, cid) VALUES ("5fc09a1d-8cdd-4f7b-96ea-a0294892935a","c22d18e8-047e-42db-ba8c-56c055b591d3");
INSERT INTO ChildType (cid, type) VALUES ("c22d18e8-047e-42db-ba8c-56c055b591d3","Document");
hello2.gif
INSERT INTO Images (guid, imageWidth, imageHeight, format, author, dateModified, description, url) VALUES ("e4e1bfe6-cbb3-4faa-bd98-158a5a0c2ecc",null,null,"gif","Sahana",20171206,"null","C:\xampp\htdocs\DevDatabase\testdir\test2\hello2.gif");
INSERT INTO ParentChild (pid, cid) VALUES ("5fc09a1d-8cdd-4f7b-96ea-a0294892935a","e4e1bfe6-cbb3-4faa-bd98-158a5a0c2ecc");
INSERT INTO ChildType (cid, type) VALUES ("e4e1bfe6-cbb3-4faa-bd98-158a5a0c2ecc","Image");
hello2.html
INSERT INTO Documents (guid, docFormat, author, dateModified, description, url) VALUES ("bbf9b3e0-2b32-42c2-a5e6-68f1792f7cd0","html","Sahana",20171206,"null","C:\xampp\htdocs\DevDatabase\testdir\test2\hello2.html");
INSERT INTO ParentChild (pid, cid) VALUES ("5fc09a1d-8cdd-4f7b-96ea-a0294892935a","bbf9b3e0-2b32-42c2-a5e6-68f1792f7cd0");
INSERT INTO ChildType (cid, type) VALUES ("bbf9b3e0-2b32-42c2-a5e6-68f1792f7cd0","Document");
hello2.txt
INSERT INTO Documents (guid, docFormat, author, dateModified, description, url) VALUES ("6d1b28a9-8087-49cc-a24b-cb530f889c90","txt","Sahana",20171206,"null","C:\xampp\htdocs\DevDatabase\testdir\test2\hello2.txt");
INSERT INTO ParentChild (pid, cid) VALUES ("5fc09a1d-8cdd-4f7b-96ea-a0294892935a","6d1b28a9-8087-49cc-a24b-cb530f889c90");
INSERT INTO ChildType (cid, type) VALUES ("6d1b28a9-8087-49cc-a24b-cb530f889c90","Document");
