INSERT INTO ParentTitle (pid, title) VALUES ("fe7330e2-95be-48ca-822c-48d0e991d36b","testdir");
INSERT INTO Images (guid, imageWidth, imageHeight, format, author, dateModified, description, url) VALUES ("179b61b3-3f4e-444d-b80f-8b25c7398543",null,null,"png","Sahana",20171206,"hello.png","./testdir\hello.png");
INSERT INTO ParentChild (pid, cid) VALUES ("fe7330e2-95be-48ca-822c-48d0e991d36b","179b61b3-3f4e-444d-b80f-8b25c7398543");
INSERT INTO ChildType (cid, type) VALUES ("179b61b3-3f4e-444d-b80f-8b25c7398543","images");
INSERT INTO Documents (guid, docFormat, author, dateModified, description, url) VALUES ("c79869e4-b4c7-42c9-8eaf-1d9fccccc92e","txt","Sahana",20171206,"hello.txt","./testdir\hello.txt");
INSERT INTO ParentChild (pid, cid) VALUES ("fe7330e2-95be-48ca-822c-48d0e991d36b","c79869e4-b4c7-42c9-8eaf-1d9fccccc92e");
INSERT INTO ChildType (cid, type) VALUES ("c79869e4-b4c7-42c9-8eaf-1d9fccccc92e","documents");
INSERT INTO Audio (guid, runningTime, format, author, dateModified, description, url) VALUES ("39056441-a2cb-4ef8-89fd-187c1125c15d",null,"wav","Sahana",20171206,"hello.wav","./testdir\hello.wav");
INSERT INTO ParentChild (pid, cid) VALUES ("fe7330e2-95be-48ca-822c-48d0e991d36b","39056441-a2cb-4ef8-89fd-187c1125c15d");
INSERT INTO ChildType (cid, type) VALUES ("39056441-a2cb-4ef8-89fd-187c1125c15d","audio");
INSERT INTO Documents (guid, docFormat, author, dateModified, description, url) VALUES ("02185674-59f2-4cf6-9338-e2973ff6768a","html","Sahana",20171206,"hello1.html","./testdir\hello1.html");
INSERT INTO ParentChild (pid, cid) VALUES ("fe7330e2-95be-48ca-822c-48d0e991d36b","02185674-59f2-4cf6-9338-e2973ff6768a");
INSERT INTO ChildType (cid, type) VALUES ("02185674-59f2-4cf6-9338-e2973ff6768a","documents");
INSERT INTO Audio (guid, runningTime, format, author, dateModified, description, url) VALUES ("372e524e-4ccd-44a1-84a3-0a9ecf062a19",null,"mp3","Sahana",20171206,"hello1.mp3","./testdir\hello1.mp3");
INSERT INTO ParentChild (pid, cid) VALUES ("fe7330e2-95be-48ca-822c-48d0e991d36b","372e524e-4ccd-44a1-84a3-0a9ecf062a19");
INSERT INTO ChildType (cid, type) VALUES ("372e524e-4ccd-44a1-84a3-0a9ecf062a19","audio");
INSERT INTO ParentChild (pid, cid) VALUES ("fe7330e2-95be-48ca-822c-48d0e991d36b","888a44bd-ef32-4d10-be19-4c7e7b6ef12d");
INSERT INTO ChildType (cid, type) VALUES ("888a44bd-ef32-4d10-be19-4c7e7b6ef12d","Directory");
INSERT INTO ParentTitle (pid, title) VALUES ("c521be12-a542-44ee-8267-2203e0393faa","testdir\test2");
INSERT INTO Documents (guid, docFormat, author, dateModified, description, url) VALUES ("3024e2aa-2fea-4ff7-a269-44a95ee30658","doc","Sahana",20171206,"hello2.doc","./testdir\test2\hello2.doc");
INSERT INTO ParentChild (pid, cid) VALUES ("c521be12-a542-44ee-8267-2203e0393faa","3024e2aa-2fea-4ff7-a269-44a95ee30658");
INSERT INTO ChildType (cid, type) VALUES ("3024e2aa-2fea-4ff7-a269-44a95ee30658","documents");
INSERT INTO Images (guid, imageWidth, imageHeight, format, author, dateModified, description, url) VALUES ("d7cce37a-4b38-4e4d-bb59-93e17a7bb830",null,null,"gif","Sahana",20171206,"hello2.gif","./testdir\test2\hello2.gif");
INSERT INTO ParentChild (pid, cid) VALUES ("c521be12-a542-44ee-8267-2203e0393faa","d7cce37a-4b38-4e4d-bb59-93e17a7bb830");
INSERT INTO ChildType (cid, type) VALUES ("d7cce37a-4b38-4e4d-bb59-93e17a7bb830","images");
INSERT INTO Documents (guid, docFormat, author, dateModified, description, url) VALUES ("559b1b46-9235-423b-8f6f-5e354aaa225c","html","Sahana",20171206,"hello2.html","./testdir\test2\hello2.html");
INSERT INTO ParentChild (pid, cid) VALUES ("c521be12-a542-44ee-8267-2203e0393faa","559b1b46-9235-423b-8f6f-5e354aaa225c");
INSERT INTO ChildType (cid, type) VALUES ("559b1b46-9235-423b-8f6f-5e354aaa225c","documents");
INSERT INTO Documents (guid, docFormat, author, dateModified, description, url) VALUES ("d0e879e1-2dc1-45c5-bbbd-3c0326ac8c3b","txt","Sahana",20171206,"hello2.txt","./testdir\test2\hello2.txt");
INSERT INTO ParentChild (pid, cid) VALUES ("c521be12-a542-44ee-8267-2203e0393faa","d0e879e1-2dc1-45c5-bbbd-3c0326ac8c3b");
INSERT INTO ChildType (cid, type) VALUES ("d0e879e1-2dc1-45c5-bbbd-3c0326ac8c3b","documents");
