INSERT INTO ParentTitle (pid, title) VALUES ("97366e8d-4604-4211-af7e-ebf91655657e","testdir");
INSERT INTO Documents (guid, docFormat, author, dateModified, description, url) VALUES ("41a0a207-36ad-496a-b01a-6a45e9cfa697","txt","doreagan",20171205,"hello.txt","testdir/hello.txt");
INSERT INTO ParentChild (pid, cid) VALUES ("97366e8d-4604-4211-af7e-ebf91655657e","41a0a207-36ad-496a-b01a-6a45e9cfa697");
INSERT INTO ChildType (cid, type) VALUES ("41a0a207-36ad-496a-b01a-6a45e9cfa697","documents");
INSERT INTO Documents (guid, docFormat, author, dateModified, description, url) VALUES ("e64fb7e1-e35f-4454-92af-480cdbf77a6c","html","doreagan",20171205,"hello1.html","testdir/hello1.html");
INSERT INTO ParentChild (pid, cid) VALUES ("97366e8d-4604-4211-af7e-ebf91655657e","e64fb7e1-e35f-4454-92af-480cdbf77a6c");
INSERT INTO ChildType (cid, type) VALUES ("e64fb7e1-e35f-4454-92af-480cdbf77a6c","documents");
INSERT INTO Images (guid, imageWidth, imageHeight, format, author, dateModified, description, url) VALUES ("2cae61cb-24de-40eb-84b4-4e6ad5b78bae",null,null,"png","doreagan",20171205,"hello.png","testdir/hello.png");
INSERT INTO ParentChild (pid, cid) VALUES ("97366e8d-4604-4211-af7e-ebf91655657e","2cae61cb-24de-40eb-84b4-4e6ad5b78bae");
INSERT INTO ChildType (cid, type) VALUES ("2cae61cb-24de-40eb-84b4-4e6ad5b78bae","images");
INSERT INTO Audio (guid, runningTime, format, author, dateModified, description, url) VALUES ("3254e11c-f7b1-452f-b934-ebbc73033789",null,"mp3","doreagan",20171205,"hello1.mp3","testdir/hello1.mp3");
INSERT INTO ParentChild (pid, cid) VALUES ("97366e8d-4604-4211-af7e-ebf91655657e","3254e11c-f7b1-452f-b934-ebbc73033789");
INSERT INTO ChildType (cid, type) VALUES ("3254e11c-f7b1-452f-b934-ebbc73033789","audio");
INSERT INTO Audio (guid, runningTime, format, author, dateModified, description, url) VALUES ("fa625bd4-40cd-47e7-a80b-595f66efa870",null,"wav","doreagan",20171205,"hello.wav","testdir/hello.wav");
INSERT INTO ParentChild (pid, cid) VALUES ("97366e8d-4604-4211-af7e-ebf91655657e","fa625bd4-40cd-47e7-a80b-595f66efa870");
INSERT INTO ChildType (cid, type) VALUES ("fa625bd4-40cd-47e7-a80b-595f66efa870","audio");
INSERT INTO ParentChild (pid, cid) VALUES ("97366e8d-4604-4211-af7e-ebf91655657e","fa625bd4-40cd-47e7-a80b-595f66efa870");
INSERT INTO ChildType (cid, type) VALUES ("fa625bd4-40cd-47e7-a80b-595f66efa870","Directory");
INSERT INTO ParentTitle (pid, title) VALUES ("fa625bd4-40cd-47e7-a80b-595f66efa870","test2");
INSERT INTO Documents (guid, docFormat, author, dateModified, description, url) VALUES ("88e50dee-061a-45ff-860d-cc3312a98963","txt","doreagan",20171205,"hello2.txt","testdir/test2/hello2.txt");
INSERT INTO ParentChild (pid, cid) VALUES ("fa625bd4-40cd-47e7-a80b-595f66efa870","88e50dee-061a-45ff-860d-cc3312a98963");
INSERT INTO ChildType (cid, type) VALUES ("88e50dee-061a-45ff-860d-cc3312a98963","documents");
INSERT INTO Documents (guid, docFormat, author, dateModified, description, url) VALUES ("3bee7458-eebf-40db-b364-7970ad48f508","html","doreagan",20171205,"hello2.html","testdir/test2/hello2.html");
INSERT INTO ParentChild (pid, cid) VALUES ("fa625bd4-40cd-47e7-a80b-595f66efa870","3bee7458-eebf-40db-b364-7970ad48f508");
INSERT INTO ChildType (cid, type) VALUES ("3bee7458-eebf-40db-b364-7970ad48f508","documents");
INSERT INTO Images (guid, imageWidth, imageHeight, format, author, dateModified, description, url) VALUES ("229fbe91-8cf4-48d6-a965-6e3c742649e8",null,null,"gif","doreagan",20171205,"hello2.gif","testdir/test2/hello2.gif");
INSERT INTO ParentChild (pid, cid) VALUES ("fa625bd4-40cd-47e7-a80b-595f66efa870","229fbe91-8cf4-48d6-a965-6e3c742649e8");
INSERT INTO ChildType (cid, type) VALUES ("229fbe91-8cf4-48d6-a965-6e3c742649e8","images");
INSERT INTO Documents (guid, docFormat, author, dateModified, description, url) VALUES ("82c70c97-62eb-4f18-925b-d06cb47ad528","doc","doreagan",20171205,"hello2.doc","testdir/test2/hello2.doc");
INSERT INTO ParentChild (pid, cid) VALUES ("fa625bd4-40cd-47e7-a80b-595f66efa870","82c70c97-62eb-4f18-925b-d06cb47ad528");
INSERT INTO ChildType (cid, type) VALUES ("82c70c97-62eb-4f18-925b-d06cb47ad528","documents");
