INSERT INTO ParentTitle (pid, title) VALUES ("8363a64d-5103-49d8-91bd-698ae19679d1","testdir");
INSERT INTO Documents (guid, docFormat, author, dateModified, description, url) VALUES ("97789a89-1fa6-4ea7-8b5f-cdef19194a23","txt","doreagan",20171205,"null","testdir/hello.txt");
INSERT INTO ParentChild (pid, cid) VALUES ("8363a64d-5103-49d8-91bd-698ae19679d1","97789a89-1fa6-4ea7-8b5f-cdef19194a23");
INSERT INTO ChildType (cid, type) VALUES ("97789a89-1fa6-4ea7-8b5f-cdef19194a23","97789a89-1fa6-4ea7-8b5f-cdef19194a23");
INSERT INTO Documents (guid, docFormat, author, dateModified, description, url) VALUES ("077ce883-5896-4944-a262-2a77a973a6fc","html","doreagan",20171205,"null","testdir/hello1.html");
INSERT INTO ParentChild (pid, cid) VALUES ("8363a64d-5103-49d8-91bd-698ae19679d1","077ce883-5896-4944-a262-2a77a973a6fc");
INSERT INTO ChildType (cid, type) VALUES ("077ce883-5896-4944-a262-2a77a973a6fc","077ce883-5896-4944-a262-2a77a973a6fc");
INSERT INTO Images (guid, imageWidth, imageHeight, format, author, dateModified, description, url) VALUES ("400f8b09-f5f2-4f90-81d9-46e439c91c4f",null,null,"png","doreagan",20171205,"null","testdir/hello.png");
INSERT INTO ParentChild (pid, cid) VALUES ("8363a64d-5103-49d8-91bd-698ae19679d1","400f8b09-f5f2-4f90-81d9-46e439c91c4f");
INSERT INTO ChildType (cid, type) VALUES ("400f8b09-f5f2-4f90-81d9-46e439c91c4f","400f8b09-f5f2-4f90-81d9-46e439c91c4f");
INSERT INTO Audio (guid, runningTime, format, author, dateModified, description, url) VALUES ("bf82e617-2d58-4aae-b38d-1e9a0362dca0",null,"mp3","doreagan",20171205,"null","testdir/hello1.mp3");
INSERT INTO ParentChild (pid, cid) VALUES ("8363a64d-5103-49d8-91bd-698ae19679d1","bf82e617-2d58-4aae-b38d-1e9a0362dca0");
INSERT INTO ChildType (cid, type) VALUES ("bf82e617-2d58-4aae-b38d-1e9a0362dca0","bf82e617-2d58-4aae-b38d-1e9a0362dca0");
INSERT INTO Audio (guid, runningTime, format, author, dateModified, description, url) VALUES ("e174e7c9-5fda-43f9-8cbd-609c91f95bb6",null,"wav","doreagan",20171205,"null","testdir/hello.wav");
INSERT INTO ParentChild (pid, cid) VALUES ("8363a64d-5103-49d8-91bd-698ae19679d1","e174e7c9-5fda-43f9-8cbd-609c91f95bb6");
INSERT INTO ChildType (cid, type) VALUES ("e174e7c9-5fda-43f9-8cbd-609c91f95bb6","e174e7c9-5fda-43f9-8cbd-609c91f95bb6");
INSERT INTO ParentChild (pid, cid) VALUES ("8363a64d-5103-49d8-91bd-698ae19679d1","6c0eaa3d-f383-4cf1-a2d9-bb966c9d02ed");
INSERT INTO ChildType (cid, type) VALUES ("6c0eaa3d-f383-4cf1-a2d9-bb966c9d02ed","6c0eaa3d-f383-4cf1-a2d9-bb966c9d02ed");
INSERT INTO ParentTitle (pid, title) VALUES ("c68141b5-6160-4251-acef-03b28dfc24f4","test2");
INSERT INTO Documents (guid, docFormat, author, dateModified, description, url) VALUES ("1423b45e-b98b-4c3a-9fda-71f08fee77f8","txt","doreagan",20171205,"null","testdir/test2/hello2.txt");
INSERT INTO ParentChild (pid, cid) VALUES ("c68141b5-6160-4251-acef-03b28dfc24f4","1423b45e-b98b-4c3a-9fda-71f08fee77f8");
INSERT INTO ChildType (cid, type) VALUES ("1423b45e-b98b-4c3a-9fda-71f08fee77f8","1423b45e-b98b-4c3a-9fda-71f08fee77f8");
INSERT INTO Documents (guid, docFormat, author, dateModified, description, url) VALUES ("3ce49e71-b8d7-4496-916f-56c08ba5a1bc","html","doreagan",20171205,"null","testdir/test2/hello2.html");
INSERT INTO ParentChild (pid, cid) VALUES ("c68141b5-6160-4251-acef-03b28dfc24f4","3ce49e71-b8d7-4496-916f-56c08ba5a1bc");
INSERT INTO ChildType (cid, type) VALUES ("3ce49e71-b8d7-4496-916f-56c08ba5a1bc","3ce49e71-b8d7-4496-916f-56c08ba5a1bc");
INSERT INTO Images (guid, imageWidth, imageHeight, format, author, dateModified, description, url) VALUES ("f31f71fd-be57-4364-8973-7db0dbc46e9e",null,null,"gif","doreagan",20171205,"null","testdir/test2/hello2.gif");
INSERT INTO ParentChild (pid, cid) VALUES ("c68141b5-6160-4251-acef-03b28dfc24f4","f31f71fd-be57-4364-8973-7db0dbc46e9e");
INSERT INTO ChildType (cid, type) VALUES ("f31f71fd-be57-4364-8973-7db0dbc46e9e","f31f71fd-be57-4364-8973-7db0dbc46e9e");
INSERT INTO Documents (guid, docFormat, author, dateModified, description, url) VALUES ("d7e90c07-b5c7-444e-89a4-d2ece9db8d95","doc","doreagan",20171205,"null","testdir/test2/hello2.doc");
INSERT INTO ParentChild (pid, cid) VALUES ("c68141b5-6160-4251-acef-03b28dfc24f4","d7e90c07-b5c7-444e-89a4-d2ece9db8d95");
INSERT INTO ChildType (cid, type) VALUES ("d7e90c07-b5c7-444e-89a4-d2ece9db8d95","d7e90c07-b5c7-444e-89a4-d2ece9db8d95");
