INSERT INTO ParentTitle (pid, title) VALUES ("7b303feb-e065-4ad1-8266-dc32640c0e0a","testdir");
INSERT INTO Documents (guid, docFormat, author, dateModified, description, url) VALUES ("6b75db84-abcb-40f4-b4cc-39a68e906485","txt","doreagan",20171205,"hello.txt","./testdir/hello.txt");
INSERT INTO ParentChild (pid, cid) VALUES ("7b303feb-e065-4ad1-8266-dc32640c0e0a","6b75db84-abcb-40f4-b4cc-39a68e906485");
INSERT INTO ChildType (cid, type) VALUES ("6b75db84-abcb-40f4-b4cc-39a68e906485","documents");
INSERT INTO Documents (guid, docFormat, author, dateModified, description, url) VALUES ("79ea4122-911a-4ffa-9292-57933b9378cf","html","doreagan",20171205,"hello1.html","./testdir/hello1.html");
INSERT INTO ParentChild (pid, cid) VALUES ("7b303feb-e065-4ad1-8266-dc32640c0e0a","79ea4122-911a-4ffa-9292-57933b9378cf");
INSERT INTO ChildType (cid, type) VALUES ("79ea4122-911a-4ffa-9292-57933b9378cf","documents");
INSERT INTO Images (guid, imageWidth, imageHeight, format, author, dateModified, description, url) VALUES ("d4f81515-e8d2-4690-bd17-f5f09e9970e9",null,null,"png","doreagan",20171205,"hello.png","./testdir/hello.png");
INSERT INTO ParentChild (pid, cid) VALUES ("7b303feb-e065-4ad1-8266-dc32640c0e0a","d4f81515-e8d2-4690-bd17-f5f09e9970e9");
INSERT INTO ChildType (cid, type) VALUES ("d4f81515-e8d2-4690-bd17-f5f09e9970e9","images");
INSERT INTO Audio (guid, runningTime, format, author, dateModified, description, url) VALUES ("e858196a-c668-4eb7-8b7b-cd9cee9b656c",null,"mp3","doreagan",20171205,"hello1.mp3","./testdir/hello1.mp3");
INSERT INTO ParentChild (pid, cid) VALUES ("7b303feb-e065-4ad1-8266-dc32640c0e0a","e858196a-c668-4eb7-8b7b-cd9cee9b656c");
INSERT INTO ChildType (cid, type) VALUES ("e858196a-c668-4eb7-8b7b-cd9cee9b656c","audio");
INSERT INTO Audio (guid, runningTime, format, author, dateModified, description, url) VALUES ("666dbf64-86c7-4b8d-8ad5-c5c60a8fcd90",null,"wav","doreagan",20171205,"hello.wav","./testdir/hello.wav");
INSERT INTO ParentChild (pid, cid) VALUES ("7b303feb-e065-4ad1-8266-dc32640c0e0a","666dbf64-86c7-4b8d-8ad5-c5c60a8fcd90");
INSERT INTO ChildType (cid, type) VALUES ("666dbf64-86c7-4b8d-8ad5-c5c60a8fcd90","audio");
INSERT INTO ParentChild (pid, cid) VALUES ("7b303feb-e065-4ad1-8266-dc32640c0e0a","e21668e1-4a17-4369-a4fa-4ec0a1eab03a");
INSERT INTO ChildType (cid, type) VALUES ("e21668e1-4a17-4369-a4fa-4ec0a1eab03a","Directory");
INSERT INTO ParentTitle (pid, title) VALUES ("e21668e1-4a17-4369-a4fa-4ec0a1eab03a","test2");
INSERT INTO Documents (guid, docFormat, author, dateModified, description, url) VALUES ("9a5b8a18-57d6-499a-a919-64b4bf3d8f47","txt","doreagan",20171205,"hello2.txt","./testdir/test2/hello2.txt");
INSERT INTO ParentChild (pid, cid) VALUES ("e21668e1-4a17-4369-a4fa-4ec0a1eab03a","9a5b8a18-57d6-499a-a919-64b4bf3d8f47");
INSERT INTO ChildType (cid, type) VALUES ("9a5b8a18-57d6-499a-a919-64b4bf3d8f47","documents");
INSERT INTO Documents (guid, docFormat, author, dateModified, description, url) VALUES ("a476dadb-e589-4916-8fdd-5517c0c84321","html","doreagan",20171205,"hello2.html","./testdir/test2/hello2.html");
INSERT INTO ParentChild (pid, cid) VALUES ("e21668e1-4a17-4369-a4fa-4ec0a1eab03a","a476dadb-e589-4916-8fdd-5517c0c84321");
INSERT INTO ChildType (cid, type) VALUES ("a476dadb-e589-4916-8fdd-5517c0c84321","documents");
INSERT INTO Images (guid, imageWidth, imageHeight, format, author, dateModified, description, url) VALUES ("fb625f28-5c5b-4349-bc2c-41b71deed1bb",null,null,"gif","doreagan",20171205,"hello2.gif","./testdir/test2/hello2.gif");
INSERT INTO ParentChild (pid, cid) VALUES ("e21668e1-4a17-4369-a4fa-4ec0a1eab03a","fb625f28-5c5b-4349-bc2c-41b71deed1bb");
INSERT INTO ChildType (cid, type) VALUES ("fb625f28-5c5b-4349-bc2c-41b71deed1bb","images");
INSERT INTO Documents (guid, docFormat, author, dateModified, description, url) VALUES ("d1677d70-c844-435e-9568-d31d05f9fa05","doc","doreagan",20171205,"hello2.doc","./testdir/test2/hello2.doc");
INSERT INTO ParentChild (pid, cid) VALUES ("e21668e1-4a17-4369-a4fa-4ec0a1eab03a","d1677d70-c844-435e-9568-d31d05f9fa05");
INSERT INTO ChildType (cid, type) VALUES ("d1677d70-c844-435e-9568-d31d05f9fa05","documents");
