INSERT INTO ParentTitle (pid, title) VALUES ("c8fa1ac5-cd14-4e69-aab7-2158a8ee4895","testdir");
INSERT INTO Documents (guid, docFormat, author, dateModified, description, url) VALUES ("351961a9-dc01-47da-8a4f-0fe0b98ccc53","txt","doreagan",20171205,"hello.txt","testdir/hello.txt");
INSERT INTO ParentChild (pid, cid) VALUES ("c8fa1ac5-cd14-4e69-aab7-2158a8ee4895","351961a9-dc01-47da-8a4f-0fe0b98ccc53");
INSERT INTO ChildType (cid, type) VALUES ("351961a9-dc01-47da-8a4f-0fe0b98ccc53","documents");
INSERT INTO Documents (guid, docFormat, author, dateModified, description, url) VALUES ("dcce7d73-9855-4fea-9173-99b0c62cf5c3","html","doreagan",20171205,"hello1.html","testdir/hello1.html");
INSERT INTO ParentChild (pid, cid) VALUES ("c8fa1ac5-cd14-4e69-aab7-2158a8ee4895","dcce7d73-9855-4fea-9173-99b0c62cf5c3");
INSERT INTO ChildType (cid, type) VALUES ("dcce7d73-9855-4fea-9173-99b0c62cf5c3","documents");
INSERT INTO Images (guid, imageWidth, imageHeight, format, author, dateModified, description, url) VALUES ("5a9d0984-f021-40ee-a374-6287ce455969",null,null,"png","doreagan",20171205,"hello.png","testdir/hello.png");
INSERT INTO ParentChild (pid, cid) VALUES ("c8fa1ac5-cd14-4e69-aab7-2158a8ee4895","5a9d0984-f021-40ee-a374-6287ce455969");
INSERT INTO ChildType (cid, type) VALUES ("5a9d0984-f021-40ee-a374-6287ce455969","images");
INSERT INTO Audio (guid, runningTime, format, author, dateModified, description, url) VALUES ("90e9d523-7778-40e3-9221-9aedb08ae48a",null,"mp3","doreagan",20171205,"hello1.mp3","testdir/hello1.mp3");
INSERT INTO ParentChild (pid, cid) VALUES ("c8fa1ac5-cd14-4e69-aab7-2158a8ee4895","90e9d523-7778-40e3-9221-9aedb08ae48a");
INSERT INTO ChildType (cid, type) VALUES ("90e9d523-7778-40e3-9221-9aedb08ae48a","audio");
INSERT INTO Audio (guid, runningTime, format, author, dateModified, description, url) VALUES ("2ba601db-ed58-4b39-94e0-1a48e5188455",null,"wav","doreagan",20171205,"hello.wav","testdir/hello.wav");
INSERT INTO ParentChild (pid, cid) VALUES ("c8fa1ac5-cd14-4e69-aab7-2158a8ee4895","2ba601db-ed58-4b39-94e0-1a48e5188455");
INSERT INTO ChildType (cid, type) VALUES ("2ba601db-ed58-4b39-94e0-1a48e5188455","audio");
INSERT INTO ParentChild (pid, cid) VALUES ("c8fa1ac5-cd14-4e69-aab7-2158a8ee4895","6073a2bb-82d4-4969-8552-18e1f4b37bee");
INSERT INTO ChildType (cid, type) VALUES ("6073a2bb-82d4-4969-8552-18e1f4b37bee","Directory");
INSERT INTO ParentTitle (pid, title) VALUES ("6073a2bb-82d4-4969-8552-18e1f4b37bee","test2");
INSERT INTO Documents (guid, docFormat, author, dateModified, description, url) VALUES ("60d189fc-155b-4d75-ae51-30c0e882b224","txt","doreagan",20171205,"hello2.txt","testdir/test2/hello2.txt");
INSERT INTO ParentChild (pid, cid) VALUES ("6073a2bb-82d4-4969-8552-18e1f4b37bee","60d189fc-155b-4d75-ae51-30c0e882b224");
INSERT INTO ChildType (cid, type) VALUES ("60d189fc-155b-4d75-ae51-30c0e882b224","documents");
INSERT INTO Documents (guid, docFormat, author, dateModified, description, url) VALUES ("645cdc1a-89f9-4264-95fc-65afa96757cc","html","doreagan",20171205,"hello2.html","testdir/test2/hello2.html");
INSERT INTO ParentChild (pid, cid) VALUES ("6073a2bb-82d4-4969-8552-18e1f4b37bee","645cdc1a-89f9-4264-95fc-65afa96757cc");
INSERT INTO ChildType (cid, type) VALUES ("645cdc1a-89f9-4264-95fc-65afa96757cc","documents");
INSERT INTO Images (guid, imageWidth, imageHeight, format, author, dateModified, description, url) VALUES ("72a19698-4086-4c95-ab7d-384456aa7364",null,null,"gif","doreagan",20171205,"hello2.gif","testdir/test2/hello2.gif");
INSERT INTO ParentChild (pid, cid) VALUES ("6073a2bb-82d4-4969-8552-18e1f4b37bee","72a19698-4086-4c95-ab7d-384456aa7364");
INSERT INTO ChildType (cid, type) VALUES ("72a19698-4086-4c95-ab7d-384456aa7364","images");
INSERT INTO Documents (guid, docFormat, author, dateModified, description, url) VALUES ("beb869f1-98f9-4e9e-8d31-edef20e9ded3","doc","doreagan",20171205,"hello2.doc","testdir/test2/hello2.doc");
INSERT INTO ParentChild (pid, cid) VALUES ("6073a2bb-82d4-4969-8552-18e1f4b37bee","beb869f1-98f9-4e9e-8d31-edef20e9ded3");
INSERT INTO ChildType (cid, type) VALUES ("beb869f1-98f9-4e9e-8d31-edef20e9ded3","documents");
