INSERT INTO ParentTitle (pid, title) VALUES ("e9439676-6525-43da-b5e3-e76f86e2f300","");
INSERT INTO Documents (guid, docFormat, author, dateModified, description, url) VALUES ("212bcbde-be3c-4d36-9a16-7a2a2e3c9641","txt","doreagan",20171205,"null","testdir/hello.txt");
INSERT INTO ParentChild (pid, cid) VALUES ("e9439676-6525-43da-b5e3-e76f86e2f300","212bcbde-be3c-4d36-9a16-7a2a2e3c9641");
INSERT INTO ChildType (cid, type) VALUES ("212bcbde-be3c-4d36-9a16-7a2a2e3c9641","Document");
INSERT INTO Documents (guid, docFormat, author, dateModified, description, url) VALUES ("48cdf9e5-0ec6-4f6c-b492-5ed44d28ae57","html","doreagan",20171205,"null","testdir/hello1.html");
INSERT INTO ParentChild (pid, cid) VALUES ("e9439676-6525-43da-b5e3-e76f86e2f300","48cdf9e5-0ec6-4f6c-b492-5ed44d28ae57");
INSERT INTO ChildType (cid, type) VALUES ("48cdf9e5-0ec6-4f6c-b492-5ed44d28ae57","Document");
INSERT INTO Images (guid, imageWidth, imageHeight, format, author, dateModified, description, url) VALUES ("78a514cf-a2a6-4215-8aa3-29e95f362eb8",null,null,"png","doreagan",20171205,"null","testdir/hello.png");
INSERT INTO ParentChild (pid, cid) VALUES ("e9439676-6525-43da-b5e3-e76f86e2f300","78a514cf-a2a6-4215-8aa3-29e95f362eb8");
INSERT INTO ChildType (cid, type) VALUES ("78a514cf-a2a6-4215-8aa3-29e95f362eb8","Image");
INSERT INTO Audio (guid, runningTime, format, author, dateModified, description, url) VALUES ("d6139699-bd55-416c-ad29-7137c693d9a6",null,"mp3","doreagan",20171205,"null","testdir/hello1.mp3");
INSERT INTO ParentChild (pid, cid) VALUES ("e9439676-6525-43da-b5e3-e76f86e2f300","d6139699-bd55-416c-ad29-7137c693d9a6");
INSERT INTO ChildType (cid, type) VALUES ("d6139699-bd55-416c-ad29-7137c693d9a6","Audio");
INSERT INTO Audio (guid, runningTime, format, author, dateModified, description, url) VALUES ("3de8d422-0390-4774-9ebe-2f551819e0de",null,"wav","doreagan",20171205,"null","testdir/hello.wav");
INSERT INTO ParentChild (pid, cid) VALUES ("e9439676-6525-43da-b5e3-e76f86e2f300","3de8d422-0390-4774-9ebe-2f551819e0de");
INSERT INTO ChildType (cid, type) VALUES ("3de8d422-0390-4774-9ebe-2f551819e0de","Audio");
INSERT INTO ParentChild (pid, cid) VALUES ("e9439676-6525-43da-b5e3-e76f86e2f300","159b6e8b-81de-4b2a-8a92-4dae7d2e277d");
INSERT INTO ChildType (cid, type) VALUES ("159b6e8b-81de-4b2a-8a92-4dae7d2e277d","Directory");
INSERT INTO ParentTitle (pid, title) VALUES ("b2697fda-5747-4706-9d35-41612f041609","test2");
INSERT INTO Documents (guid, docFormat, author, dateModified, description, url) VALUES ("8c16e272-66ed-495a-9258-af7d55396263","txt","doreagan",20171205,"null","testdir/test2/hello2.txt");
INSERT INTO ParentChild (pid, cid) VALUES ("b2697fda-5747-4706-9d35-41612f041609","8c16e272-66ed-495a-9258-af7d55396263");
INSERT INTO ChildType (cid, type) VALUES ("8c16e272-66ed-495a-9258-af7d55396263","Document");
INSERT INTO Documents (guid, docFormat, author, dateModified, description, url) VALUES ("9120e901-1300-4687-8828-a6f0552642cd","html","doreagan",20171205,"null","testdir/test2/hello2.html");
INSERT INTO ParentChild (pid, cid) VALUES ("b2697fda-5747-4706-9d35-41612f041609","9120e901-1300-4687-8828-a6f0552642cd");
INSERT INTO ChildType (cid, type) VALUES ("9120e901-1300-4687-8828-a6f0552642cd","Document");
INSERT INTO Images (guid, imageWidth, imageHeight, format, author, dateModified, description, url) VALUES ("88f5e603-47f7-448e-aa94-41d8e1152127",null,null,"gif","doreagan",20171205,"null","testdir/test2/hello2.gif");
INSERT INTO ParentChild (pid, cid) VALUES ("b2697fda-5747-4706-9d35-41612f041609","88f5e603-47f7-448e-aa94-41d8e1152127");
INSERT INTO ChildType (cid, type) VALUES ("88f5e603-47f7-448e-aa94-41d8e1152127","Image");
INSERT INTO Documents (guid, docFormat, author, dateModified, description, url) VALUES ("19cf1d96-ed52-4ebc-ba02-2a6aab010018","doc","doreagan",20171205,"null","testdir/test2/hello2.doc");
INSERT INTO ParentChild (pid, cid) VALUES ("b2697fda-5747-4706-9d35-41612f041609","19cf1d96-ed52-4ebc-ba02-2a6aab010018");
INSERT INTO ChildType (cid, type) VALUES ("19cf1d96-ed52-4ebc-ba02-2a6aab010018","Document");
