INSERT INTO ParentTitle (pid, title) VALUES ("eee9c0ad-96aa-4557-bf9d-fc8f1283b846","C:\xampp\htdocs\DevDatabase\testdir");
INSERT INTO Images (guid, imageWidth, imageHeight, format, author, dateModified, description, url) VALUES ("3c4b18a0-8d12-4362-92ea-c16224efad6b",null,null,"png","Sahana",20171206,"null","C:\xampp\htdocs\DevDatabase\testdir\hello.png");
INSERT INTO ParentChild (pid, cid) VALUES ("eee9c0ad-96aa-4557-bf9d-fc8f1283b846","3c4b18a0-8d12-4362-92ea-c16224efad6b");
INSERT INTO ChildType (cid, type) VALUES ("3c4b18a0-8d12-4362-92ea-c16224efad6b","Image");
INSERT INTO Documents (guid, docFormat, author, dateModified, description, url) VALUES ("fe816716-886f-401b-ab0a-504c07cf17cf","txt","Sahana",20171206,"null","C:\xampp\htdocs\DevDatabase\testdir\hello.txt");
INSERT INTO ParentChild (pid, cid) VALUES ("eee9c0ad-96aa-4557-bf9d-fc8f1283b846","fe816716-886f-401b-ab0a-504c07cf17cf");
INSERT INTO ChildType (cid, type) VALUES ("fe816716-886f-401b-ab0a-504c07cf17cf","Document");
INSERT INTO Audio (guid, runningTime, format, author, dateModified, description, url) VALUES ("1b7d6b59-d4a6-446b-8b15-6baefd208178",null,"wav","Sahana",20171206,"null","C:\xampp\htdocs\DevDatabase\testdir\hello.wav");
INSERT INTO ParentChild (pid, cid) VALUES ("eee9c0ad-96aa-4557-bf9d-fc8f1283b846","1b7d6b59-d4a6-446b-8b15-6baefd208178");
INSERT INTO ChildType (cid, type) VALUES ("1b7d6b59-d4a6-446b-8b15-6baefd208178","Audio");
INSERT INTO Documents (guid, docFormat, author, dateModified, description, url) VALUES ("ada43215-0a52-4387-8c15-63434ed3913c","html","Sahana",20171206,"null","C:\xampp\htdocs\DevDatabase\testdir\hello1.html");
INSERT INTO ParentChild (pid, cid) VALUES ("eee9c0ad-96aa-4557-bf9d-fc8f1283b846","ada43215-0a52-4387-8c15-63434ed3913c");
INSERT INTO ChildType (cid, type) VALUES ("ada43215-0a52-4387-8c15-63434ed3913c","Document");
INSERT INTO Audio (guid, runningTime, format, author, dateModified, description, url) VALUES ("486bd3eb-0507-4860-908b-b1d0814c86a8",null,"mp3","Sahana",20171206,"null","C:\xampp\htdocs\DevDatabase\testdir\hello1.mp3");
INSERT INTO ParentChild (pid, cid) VALUES ("eee9c0ad-96aa-4557-bf9d-fc8f1283b846","486bd3eb-0507-4860-908b-b1d0814c86a8");
INSERT INTO ChildType (cid, type) VALUES ("486bd3eb-0507-4860-908b-b1d0814c86a8","Audio");
INSERT INTO ParentChild (pid, cid) VALUES ("eee9c0ad-96aa-4557-bf9d-fc8f1283b846","d658632f-7689-4f4a-bf3a-8210a8368a13");
INSERT INTO ChildType (cid, type) VALUES ("d658632f-7689-4f4a-bf3a-8210a8368a13","Directory");
INSERT INTO ParentTitle (pid, title) VALUES ("7b2e0742-4c9b-4662-9c57-732ec30a2bb8","C:\xampp\htdocs\DevDatabase\testdir\test2");
INSERT INTO Documents (guid, docFormat, author, dateModified, description, url) VALUES ("e9b74590-826b-456f-8cdf-2aca6710b537","doc","Sahana",20171206,"null","C:\xampp\htdocs\DevDatabase\testdir\test2\hello2.doc");
INSERT INTO ParentChild (pid, cid) VALUES ("7b2e0742-4c9b-4662-9c57-732ec30a2bb8","e9b74590-826b-456f-8cdf-2aca6710b537");
INSERT INTO ChildType (cid, type) VALUES ("e9b74590-826b-456f-8cdf-2aca6710b537","Document");
INSERT INTO Images (guid, imageWidth, imageHeight, format, author, dateModified, description, url) VALUES ("29139155-3f35-454b-b6bb-190b114e221d",null,null,"gif","Sahana",20171206,"null","C:\xampp\htdocs\DevDatabase\testdir\test2\hello2.gif");
INSERT INTO ParentChild (pid, cid) VALUES ("7b2e0742-4c9b-4662-9c57-732ec30a2bb8","29139155-3f35-454b-b6bb-190b114e221d");
INSERT INTO ChildType (cid, type) VALUES ("29139155-3f35-454b-b6bb-190b114e221d","Image");
INSERT INTO Documents (guid, docFormat, author, dateModified, description, url) VALUES ("28e12bd2-5870-486f-8bae-34c6aac0d41f","html","Sahana",20171206,"null","C:\xampp\htdocs\DevDatabase\testdir\test2\hello2.html");
INSERT INTO ParentChild (pid, cid) VALUES ("7b2e0742-4c9b-4662-9c57-732ec30a2bb8","28e12bd2-5870-486f-8bae-34c6aac0d41f");
INSERT INTO ChildType (cid, type) VALUES ("28e12bd2-5870-486f-8bae-34c6aac0d41f","Document");
INSERT INTO Documents (guid, docFormat, author, dateModified, description, url) VALUES ("5c4e387b-14f4-45a4-8f6d-a0fb168aaf99","txt","Sahana",20171206,"null","C:\xampp\htdocs\DevDatabase\testdir\test2\hello2.txt");
INSERT INTO ParentChild (pid, cid) VALUES ("7b2e0742-4c9b-4662-9c57-732ec30a2bb8","5c4e387b-14f4-45a4-8f6d-a0fb168aaf99");
INSERT INTO ChildType (cid, type) VALUES ("5c4e387b-14f4-45a4-8f6d-a0fb168aaf99","Document");
"null","C:\xampp\htdocs\DevDatabase\testdir\hello.png");
INSERT INTO ParentChild (pid, cid) VALUES ("1c0f51b4-bd89-42de-967e-8dd914d46114","8d5a655e-0d3d-4f9a-b40e-c407a50c61ee");
INSERT INTO ChildType (cid, type) VALUES ("8d5a655e-0d3d-4f9a-b40e-c407a50c61ee","Image");
INSERT INTO Documents (guid, docFormat, author, dateModified, description, url) VALUES ("d3d5c69c-cb83-435f-9efd-04937d11c0b0","txt","Sahana",20171206,"null","C:\xampp\htdocs\DevDatabase\testdir\hello.txt");
INSERT INTO ParentChild (pid, cid) VALUES ("1c0f51b4-bd89-42de-967e-8dd914d46114","d3d5c69c-cb83-435f-9efd-04937d11c0b0");
INSERT INTO ChildType (cid, type) VALUES ("d3d5c69c-cb83-435f-9efd-04937d11c0b0","Document");
INSERT INTO Audio (guid, runningTime, format, author, dateModified, description, url) VALUES ("ea2646fb-c459-445b-979c-dd43276dc107",null,"wav","Sahana",20171206,"null","C:\xampp\htdocs\DevDatabase\testdir\hello.wav");
INSERT INTO ParentChild (pid, cid) VALUES ("1c0f51b4-bd89-42de-967e-8dd914d46114","ea2646fb-c459-445b-979c-dd43276dc107");
INSERT INTO ChildType (cid, type) VALUES ("ea2646fb-c459-445b-979c-dd43276dc107","Audio");
INSERT INTO Documents (guid, docFormat, author, dateModified, description, url) VALUES ("dea904a4-4d53-4ab2-87d1-e59fc5144571","html","Sahana",20171206,"null","C:\xampp\htdocs\DevDatabase\testdir\hello1.html");
INSERT INTO ParentChild (pid, cid) VALUES ("1c0f51b4-bd89-42de-967e-8dd914d46114","dea904a4-4d53-4ab2-87d1-e59fc5144571");
INSERT INTO ChildType (cid, type) VALUES ("dea904a4-4d53-4ab2-87d1-e59fc5144571","Document");
INSERT INTO Audio (guid, runningTime, format, author, dateModified, description, url) VALUES ("0c75ef01-8d43-4f47-8496-64f6f2db362c",null,"mp3","Sahana",20171206,"null","C:\xampp\htdocs\DevDatabase\testdir\hello1.mp3");
INSERT INTO ParentChild (pid, cid) VALUES ("1c0f51b4-bd89-42de-967e-8dd914d46114","0c75ef01-8d43-4f47-8496-64f6f2db362c");
INSERT INTO ChildType (cid, type) VALUES ("0c75ef01-8d43-4f47-8496-64f6f2db362c","Audio");
INSERT INTO ParentChild (pid, cid) VALUES ("1c0f51b4-bd89-42de-967e-8dd914d46114","d896303c-8e36-4ba9-ab1e-0eac90ee898c");
INSERT INTO ChildType (cid, type) VALUES ("d896303c-8e36-4ba9-ab1e-0eac90ee898c","Directory");
INSERT INTO ParentTitle (pid, title) VALUES ("0800eaf7-91ae-4058-b692-e7515ca0a089","C:\xampp\htdocs\DevDatabase\testdir\test2");
INSERT INTO Documents (guid, docFormat, author, dateModified, description, url) VALUES ("b0bcc943-1dc5-4968-89ef-60f1a41e56fd","doc","Sahana",20171206,"null","C:\xampp\htdocs\DevDatabase\testdir\test2\hello2.doc");
INSERT INTO ParentChild (pid, cid) VALUES ("0800eaf7-91ae-4058-b692-e7515ca0a089","b0bcc943-1dc5-4968-89ef-60f1a41e56fd");
INSERT INTO ChildType (cid, type) VALUES ("b0bcc943-1dc5-4968-89ef-60f1a41e56fd","Document");
INSERT INTO Images (guid, imageWidth, imageHeight, format, author, dateModified, description, url) VALUES ("5bcae752-edab-4603-b76e-f609bf9fc113",null,null,"gif","Sahana",20171206,"null","C:\xampp\htdocs\DevDatabase\testdir\test2\hello2.gif");
INSERT INTO ParentChild (pid, cid) VALUES ("0800eaf7-91ae-4058-b692-e7515ca0a089","5bcae752-edab-4603-b76e-f609bf9fc113");
INSERT INTO ChildType (cid, type) VALUES ("5bcae752-edab-4603-b76e-f609bf9fc113","Image");
INSERT INTO Documents (guid, docFormat, author, dateModified, description, url) VALUES ("44557864-35a2-4aad-8adc-456c8e3078b8","html","Sahana",20171206,"null","C:\xampp\htdocs\DevDatabase\testdir\test2\hello2.html");
INSERT INTO ParentChild (pid, cid) VALUES ("0800eaf7-91ae-4058-b692-e7515ca0a089","44557864-35a2-4aad-8adc-456c8e3078b8");
INSERT INTO ChildType (cid, type) VALUES ("44557864-35a2-4aad-8adc-456c8e3078b8","Document");
INSERT INTO Documents (guid, docFormat, author, dateModified, description, url) VALUES ("709d1ee6-e203-4953-ab5b-a4832b4fe99e","txt","Sahana",20171206,"null","C:\xampp\htdocs\DevDatabase\testdir\test2\hello2.txt");
INSERT INTO ParentChild (pid, cid) VALUES ("0800eaf7-91ae-4058-b692-e7515ca0a089","709d1ee6-e203-4953-ab5b-a4832b4fe99e");
INSERT INTO ChildType (cid, type) VALUES ("709d1ee6-e203-4953-ab5b-a4832b4fe99e","Document");
INSERT INTO ParentTitle (pid, title) VALUES ("86032967-0a4e-4031-afe8-5928a6511752","C:\xampp\htdocs\DevDatabase\testdir");
INSERT INTO Images (guid, imageWidth, imageHeight, format, author, dateModified, description, url) VALUES ("9c5cc226-64df-440f-86b4-cbe94a61d10a",null,null,"png","Sahana",20171206,"null","C:\xampp\htdocs\DevDatabase\testdir\hello.png");
INSERT INTO ParentChild (pid, cid) VALUES ("86032967-0a4e-4031-afe8-5928a6511752","9c5cc226-64df-440f-86b4-cbe94a61d10a");
INSERT INTO ChildType (cid, type) VALUES ("9c5cc226-64df-440f-86b4-cbe94a61d10a","Image");
INSERT INTO Documents (guid, docFormat, author, dateModified, description, url) VALUES ("be57f6f2-6d02-481f-bebb-2906def3883b","txt","Sahana",20171206,"null","C:\xampp\htdocs\DevDatabase\testdir\hello.txt");
INSERT INTO ParentChild (pid, cid) VALUES ("86032967-0a4e-4031-afe8-5928a6511752","be57f6f2-6d02-481f-bebb-2906def3883b");
INSERT INTO ChildType (cid, type) VALUES ("be57f6f2-6d02-481f-bebb-2906def3883b","Document");
INSERT INTO Audio (guid, runningTime, format, author, dateModified, description, url) VALUES ("22bc40ac-ed10-43c3-ab7b-58f3114de737",null,"wav","Sahana",20171206,"null","C:\xampp\htdocs\DevDatabase\testdir\hello.wav");
INSERT INTO ParentChild (pid, cid) VALUES ("86032967-0a4e-4031-afe8-5928a6511752","22bc40ac-ed10-43c3-ab7b-58f3114de737");
INSERT INTO ChildType (cid, type) VALUES ("22bc40ac-ed10-43c3-ab7b-58f3114de737","Audio");
INSERT INTO Documents (guid, docFormat, author, dateModified, description, url) VALUES ("285181dc-6b36-431b-b804-5f344284c01b","html","Sahana",20171206,"null","C:\xampp\htdocs\DevDatabase\testdir\hello1.html");
INSERT INTO ParentChild (pid, cid) VALUES ("86032967-0a4e-4031-afe8-5928a6511752","285181dc-6b36-431b-b804-5f344284c01b");
INSERT INTO ChildType (cid, type) VALUES ("285181dc-6b36-431b-b804-5f344284c01b","Document");
INSERT INTO Audio (guid, runningTime, format, author, dateModified, description, url) VALUES ("e3ea7260-28ea-49b4-90e7-d7a314b14e51",null,"mp3","Sahana",20171206,"null","C:\xampp\htdocs\DevDatabase\testdir\hello1.mp3");
INSERT INTO ParentChild (pid, cid) VALUES ("86032967-0a4e-4031-afe8-5928a6511752","e3ea7260-28ea-49b4-90e7-d7a314b14e51");
INSERT INTO ChildType (cid, type) VALUES ("e3ea7260-28ea-49b4-90e7-d7a314b14e51","Audio");
INSERT INTO ParentChild (pid, cid) VALUES ("86032967-0a4e-4031-afe8-5928a6511752","4e36bff0-2f9d-47eb-aece-866eb8053ea5");
INSERT INTO ChildType (cid, type) VALUES ("4e36bff0-2f9d-47eb-aece-866eb8053ea5","Directory");
INSERT INTO ParentTitle (pid, title) VALUES ("74a4efb2-6a6e-44b4-9580-bb76bd731ad8","C:\xampp\htdocs\DevDatabase\testdir\test2");
INSERT INTO Documents (guid, docFormat, author, dateModified, description, url) VALUES ("2ad39755-ebec-4c29-8ca2-ebf10d6c78e2","doc","Sahana",20171206,"null","C:\xampp\htdocs\DevDatabase\testdir\test2\hello2.doc");
INSERT INTO ParentChild (pid, cid) VALUES ("74a4efb2-6a6e-44b4-9580-bb76bd731ad8","2ad39755-ebec-4c29-8ca2-ebf10d6c78e2");
INSERT INTO ChildType (cid, type) VALUES ("2ad39755-ebec-4c29-8ca2-ebf10d6c78e2","Document");
INSERT INTO Images (guid, imageWidth, imageHeight, format, author, dateModified, description, url) VALUES ("04f01982-3b40-4029-ac8c-beaec088b4c3",null,null,"gif","Sahana",20171206,"null","C:\xampp\htdocs\DevDatabase\testdir\test2\hello2.gif");
INSERT INTO ParentChild (pid, cid) VALUES ("74a4efb2-6a6e-44b4-9580-bb76bd731ad8","04f01982-3b40-4029-ac8c-beaec088b4c3");
INSERT INTO ChildType (cid, type) VALUES ("04f01982-3b40-4029-ac8c-beaec088b4c3","Image");
INSERT INTO Documents (guid, docFormat, author, dateModified, description, url) VALUES ("8d16a801-9cac-4d0b-835a-a41d608d3136","html","Sahana",20171206,"null","C:\xampp\htdocs\DevDatabase\testdir\test2\hello2.html");
INSERT INTO ParentChild (pid, cid) VALUES ("74a4efb2-6a6e-44b4-9580-bb76bd731ad8","8d16a801-9cac-4d0b-835a-a41d608d3136");
INSERT INTO ChildType (cid, type) VALUES ("8d16a801-9cac-4d0b-835a-a41d608d3136","Document");
INSERT INTO Documents (guid, docFormat, author, dateModified, description, url) VALUES ("0780d973-db9c-499c-bd9b-ccc405933d1f","txt","Sahana",20171206,"null","C:\xampp\htdocs\DevDatabase\testdir\test2\hello2.txt");
INSERT INTO ParentChild (pid, cid) VALUES ("74a4efb2-6a6e-44b4-9580-bb76bd731ad8","0780d973-db9c-499c-bd9b-ccc405933d1f");
INSERT INTO ChildType (cid, type) VALUES ("0780d973-db9c-499c-bd9b-ccc405933d1f","Document");
INSERT INTO ParentTitle (pid, title) VALUES ("cb900bec-6c68-40b2-88a6-d829e79f5a02","C:\xampp\htdocs\DevDatabase\testdir");
INSERT INTO Images (guid, imageWidth, imageHeight, format, author, dateModified, description, url) VALUES ("e5db17e4-56d3-492e-bc19-491a883e0721",null,null,"png","Sahana",20171206,"null","C:\xampp\htdocs\DevDatabase\testdir\hello.png");
INSERT INTO ParentChild (pid, cid) VALUES ("cb900bec-6c68-40b2-88a6-d829e79f5a02","e5db17e4-56d3-492e-bc19-491a883e0721");
INSERT INTO ChildType (cid, type) VALUES ("e5db17e4-56d3-492e-bc19-491a883e0721","Image");
INSERT INTO Documents (guid, docFormat, author, dateModified, description, url) VALUES ("048ee690-6da7-4f92-aa1d-e4e2e8fb3f39","txt","Sahana",20171206,"null","C:\xampp\htdocs\DevDatabase\testdir\hello.txt");
INSERT INTO ParentChild (pid, cid) VALUES ("cb900bec-6c68-40b2-88a6-d829e79f5a02","048ee690-6da7-4f92-aa1d-e4e2e8fb3f39");
INSERT INTO ChildType (cid, type) VALUES ("048ee690-6da7-4f92-aa1d-e4e2e8fb3f39","Document");
INSERT INTO Audio (guid, runningTime, format, author, dateModified, description, url) VALUES ("c2b0297b-b283-44ab-92ac-d2820de24cbf",null,"wav","Sahana",20171206,"null","C:\xampp\htdocs\DevDatabase\testdir\hello.wav");
INSERT INTO ParentChild (pid, cid) VALUES ("cb900bec-6c68-40b2-88a6-d829e79f5a02","c2b0297b-b283-44ab-92ac-d2820de24cbf");
INSERT INTO ChildType (cid, type) VALUES ("c2b0297b-b283-44ab-92ac-d2820de24cbf","Audio");
INSERT INTO Documents (guid, docFormat, author, dateModified, description, url) VALUES ("bf865124-b12b-404c-ae8f-76d15c6e946b","html","Sahana",20171206,"null","C:\xampp\htdocs\DevDatabase\testdir\hello1.html");
INSERT INTO ParentChild (pid, cid) VALUES ("cb900bec-6c68-40b2-88a6-d829e79f5a02","bf865124-b12b-404c-ae8f-76d15c6e946b");
INSERT INTO ChildType (cid, type) VALUES ("bf865124-b12b-404c-ae8f-76d15c6e946b","Document");
INSERT INTO Audio (guid, runningTime, format, author, dateModified, description, url) VALUES ("25a57f92-4835-48f8-b4c9-bd0553dd181c",null,"mp3","Sahana",20171206,"null","C:\xampp\htdocs\DevDatabase\testdir\hello1.mp3");
INSERT INTO ParentChild (pid, cid) VALUES ("cb900bec-6c68-40b2-88a6-d829e79f5a02","25a57f92-4835-48f8-b4c9-bd0553dd181c");
INSERT INTO ChildType (cid, type) VALUES ("25a57f92-4835-48f8-b4c9-bd0553dd181c","Audio");
INSERT INTO ParentChild (pid, cid) VALUES ("cb900bec-6c68-40b2-88a6-d829e79f5a02","1b7547e7-462a-4325-bcee-420c3e1621ca");
INSERT INTO ChildType (cid, type) VALUES ("1b7547e7-462a-4325-bcee-420c3e1621ca","Directory");
INSERT INTO ParentTitle (pid, title) VALUES ("08ea8c82-1cf0-4edd-acc2-b4c0ecc0d294","C:\xampp\htdocs\DevDatabase\testdir\test2");
INSERT INTO Documents (guid, docFormat, author, dateModified, description, url) VALUES ("aae26425-fd89-4317-876c-db618510d178","doc","Sahana",20171206,"null","C:\xampp\htdocs\DevDatabase\testdir\test2\hello2.doc");
INSERT INTO ParentChild (pid, cid) VALUES ("08ea8c82-1cf0-4edd-acc2-b4c0ecc0d294","aae26425-fd89-4317-876c-db618510d178");
INSERT INTO ChildType (cid, type) VALUES ("aae26425-fd89-4317-876c-db618510d178","Document");
INSERT INTO Images (guid, imageWidth, imageHeight, format, author, dateModified, description, url) VALUES ("54532e88-0bbe-40c6-9c64-bb4b4ff3d909",null,null,"gif","Sahana",20171206,"null","C:\xampp\htdocs\DevDatabase\testdir\test2\hello2.gif");
INSERT INTO ParentChild (pid, cid) VALUES ("08ea8c82-1cf0-4edd-acc2-b4c0ecc0d294","54532e88-0bbe-40c6-9c64-bb4b4ff3d909");
INSERT INTO ChildType (cid, type) VALUES ("54532e88-0bbe-40c6-9c64-bb4b4ff3d909","Image");
INSERT INTO Documents (guid, docFormat, author, dateModified, description, url) VALUES ("041be04f-5609-407c-8646-dd7607532e84","html","Sahana",20171206,"null","C:\xampp\htdocs\DevDatabase\testdir\test2\hello2.html");
INSERT INTO ParentChild (pid, cid) VALUES ("08ea8c82-1cf0-4edd-acc2-b4c0ecc0d294","041be04f-5609-407c-8646-dd7607532e84");
INSERT INTO ChildType (cid, type) VALUES ("041be04f-5609-407c-8646-dd7607532e84","Document");
INSERT INTO Documents (guid, docFormat, author, dateModified, description, url) VALUES ("0ae3626f-7392-4b57-915e-724cc7c3b231","txt","Sahana",20171206,"null","C:\xampp\htdocs\DevDatabase\testdir\test2\hello2.txt");
INSERT INTO ParentChild (pid, cid) VALUES ("08ea8c82-1cf0-4edd-acc2-b4c0ecc0d294","0ae3626f-7392-4b57-915e-724cc7c3b231");
INSERT INTO ChildType (cid, type) VALUES ("0ae3626f-7392-4b57-915e-724cc7c3b231","Document");
INSERT INTO ParentTitle (pid, title) VALUES ("03cca602-e894-4a65-bb1c-50485fb966d0","C:\xampp\htdocs\DevDatabase\testdir");
INSERT INTO Images (guid, imageWidth, imageHeight, format, author, dateModified, description, url) VALUES ("0fc74b2c-c220-4897-b63f-fded30247160",null,null,"png","Sahana",20171206,"null","C:\xampp\htdocs\DevDatabase\testdir\hello.png");
INSERT INTO ParentChild (pid, cid) VALUES ("03cca602-e894-4a65-bb1c-50485fb966d0","0fc74b2c-c220-4897-b63f-fded30247160");
INSERT INTO ChildType (cid, type) VALUES ("0fc74b2c-c220-4897-b63f-fded30247160","Image");
INSERT INTO Documents (guid, docFormat, author, dateModified, description, url) VALUES ("7eb89538-ff85-424c-8b39-32b57deca2a0","txt","Sahana",20171206,"null","C:\xampp\htdocs\DevDatabase\testdir\hello.txt");
INSERT INTO ParentChild (pid, cid) VALUES ("03cca602-e894-4a65-bb1c-50485fb966d0","7eb89538-ff85-424c-8b39-32b57deca2a0");
INSERT INTO ChildType (cid, type) VALUES ("7eb89538-ff85-424c-8b39-32b57deca2a0","Document");
INSERT INTO Audio (guid, runningTime, format, author, dateModified, description, url) VALUES ("664c61d4-2a98-4d1d-81cc-3ed8af8cd14d",null,"wav","Sahana",20171206,"null","C:\xampp\htdocs\DevDatabase\testdir\hello.wav");
INSERT INTO ParentChild (pid, cid) VALUES ("03cca602-e894-4a65-bb1c-50485fb966d0","664c61d4-2a98-4d1d-81cc-3ed8af8cd14d");
INSERT INTO ChildType (cid, type) VALUES ("664c61d4-2a98-4d1d-81cc-3ed8af8cd14d","Audio");
INSERT INTO Documents (guid, docFormat, author, dateModified, description, url) VALUES ("4c0a78f3-d0b6-440a-85b7-e464eb64c0d5","html","Sahana",20171206,"null","C:\xampp\htdocs\DevDatabase\testdir\hello1.html");
INSERT INTO ParentChild (pid, cid) VALUES ("03cca602-e894-4a65-bb1c-50485fb966d0","4c0a78f3-d0b6-440a-85b7-e464eb64c0d5");
INSERT INTO ChildType (cid, type) VALUES ("4c0a78f3-d0b6-440a-85b7-e464eb64c0d5","Document");
INSERT INTO Audio (guid, runningTime, format, author, dateModified, description, url) VALUES ("50c69e95-c85a-41b3-8418-334fe5a04387",null,"mp3","Sahana",20171206,"null","C:\xampp\htdocs\DevDatabase\testdir\hello1.mp3");
INSERT INTO ParentChild (pid, cid) VALUES ("03cca602-e894-4a65-bb1c-50485fb966d0","50c69e95-c85a-41b3-8418-334fe5a04387");
INSERT INTO ChildType (cid, type) VALUES ("50c69e95-c85a-41b3-8418-334fe5a04387","Audio");
INSERT INTO ParentChild (pid, cid) VALUES ("03cca602-e894-4a65-bb1c-50485fb966d0","85016a34-e909-42e9-8f77-cae2c850cf66");
INSERT INTO ChildType (cid, type) VALUES ("85016a34-e909-42e9-8f77-cae2c850cf66","Directory");
INSERT INTO ParentTitle (pid, title) VALUES ("2e8b3278-c7bb-400b-a58d-60c4381b2aec","C:\xampp\htdocs\DevDatabase\testdir\test2");
INSERT INTO Documents (guid, docFormat, author, dateModified, description, url) VALUES ("6c9479dd-cf33-4037-827b-646c79838eda","doc","Sahana",20171206,"null","C:\xampp\htdocs\DevDatabase\testdir\test2\hello2.doc");
INSERT INTO ParentChild (pid, cid) VALUES ("2e8b3278-c7bb-400b-a58d-60c4381b2aec","6c9479dd-cf33-4037-827b-646c79838eda");
INSERT INTO ChildType (cid, type) VALUES ("6c9479dd-cf33-4037-827b-646c79838eda","Document");
INSERT INTO Images (guid, imageWidth, imageHeight, format, author, dateModified, description, url) VALUES ("628ee1da-58c6-4668-bd94-b9f85602f5e2",null,null,"gif","Sahana",20171206,"null","C:\xampp\htdocs\DevDatabase\testdir\test2\hello2.gif");
INSERT INTO ParentChild (pid, cid) VALUES ("2e8b3278-c7bb-400b-a58d-60c4381b2aec","628ee1da-58c6-4668-bd94-b9f85602f5e2");
INSERT INTO ChildType (cid, type) VALUES ("628ee1da-58c6-4668-bd94-b9f85602f5e2","Image");
INSERT INTO Documents (guid, docFormat, author, dateModified, description, url) VALUES ("c9c5f886-a36f-4bff-a023-0eead4a5eed8","html","Sahana",20171206,"null","C:\xampp\htdocs\DevDatabase\testdir\test2\hello2.html");
INSERT INTO ParentChild (pid, cid) VALUES ("2e8b3278-c7bb-400b-a58d-60c4381b2aec","c9c5f886-a36f-4bff-a023-0eead4a5eed8");
INSERT INTO ChildType (cid, type) VALUES ("c9c5f886-a36f-4bff-a023-0eead4a5eed8","Document");
INSERT INTO Documents (guid, docFormat, author, dateModified, description, url) VALUES ("9884beda-e6fc-4cab-84c0-3a12add8d894","txt","Sahana",20171206,"null","C:\xampp\htdocs\DevDatabase\testdir\test2\hello2.txt");
INSERT INTO ParentChild (pid, cid) VALUES ("2e8b3278-c7bb-400b-a58d-60c4381b2aec","9884beda-e6fc-4cab-84c0-3a12add8d894");
INSERT INTO ChildType (cid, type) VALUES ("9884beda-e6fc-4cab-84c0-3a12add8d894","Document");
INSERT INTO ParentTitle (pid, title) VALUES ("4b329d70-f42a-4ea6-9638-c22a75ec491e","C:\xampp\htdocs\DevDatabase\testdir");
INSERT INTO Images (guid, imageWidth, imageHeight, format, author, dateModified, description, url) VALUES ("5a166d3c-571a-4471-92da-9772edc49c1e",null,null,"png","Sahana",20171206,"null","C:\xampp\htdocs\DevDatabase\testdir\hello.png");
INSERT INTO ParentChild (pid, cid) VALUES ("4b329d70-f42a-4ea6-9638-c22a75ec491e","5a166d3c-571a-4471-92da-9772edc49c1e");
INSERT INTO ChildType (cid, type) VALUES ("5a166d3c-571a-4471-92da-9772edc49c1e","Image");
INSERT INTO Documents (guid, docFormat, author, dateModified, description, url) VALUES ("d32b538d-58c1-40f7-a14f-0a1756dbee63","txt","Sahana",20171206,"null","C:\xampp\htdocs\DevDatabase\testdir\hello.txt");
INSERT INTO ParentChild (pid, cid) VALUES ("4b329d70-f42a-4ea6-9638-c22a75ec491e","d32b538d-58c1-40f7-a14f-0a1756dbee63");
INSERT INTO ChildType (cid, type) VALUES ("d32b538d-58c1-40f7-a14f-0a1756dbee63","Document");
INSERT INTO Audio (guid, runningTime, format, author, dateModified, description, url) VALUES ("30eb861a-a8e4-46d2-a4f0-7e4bba1410d8",null,"wav","Sahana",20171206,"null","C:\xampp\htdocs\DevDatabase\testdir\hello.wav");
INSERT INTO ParentChild (pid, cid) VALUES ("4b329d70-f42a-4ea6-9638-c22a75ec491e","30eb861a-a8e4-46d2-a4f0-7e4bba1410d8");
INSERT INTO ChildType (cid, type) VALUES ("30eb861a-a8e4-46d2-a4f0-7e4bba1410d8","Audio");
INSERT INTO Documents (guid, docFormat, author, dateModified, description, url) VALUES ("efac39cf-cd67-4dc3-9c99-d5c1cb12d556","html","Sahana",20171206,"null","C:\xampp\htdocs\DevDatabase\testdir\hello1.html");
INSERT INTO ParentChild (pid, cid) VALUES ("4b329d70-f42a-4ea6-9638-c22a75ec491e","efac39cf-cd67-4dc3-9c99-d5c1cb12d556");
INSERT INTO ChildType (cid, type) VALUES ("efac39cf-cd67-4dc3-9c99-d5c1cb12d556","Document");
INSERT INTO Audio (guid, runningTime, format, author, dateModified, description, url) VALUES ("107fbc79-7c75-4143-a615-f120498af1e3",null,"mp3","Sahana",20171206,"null","C:\xampp\htdocs\DevDatabase\testdir\hello1.mp3");
INSERT INTO ParentChild (pid, cid) VALUES ("4b329d70-f42a-4ea6-9638-c22a75ec491e","107fbc79-7c75-4143-a615-f120498af1e3");
INSERT INTO ChildType (cid, type) VALUES ("107fbc79-7c75-4143-a615-f120498af1e3","Audio");
INSERT INTO ParentChild (pid, cid) VALUES ("4b329d70-f42a-4ea6-9638-c22a75ec491e","0e799909-ed00-4f66-9c82-1a686cbf6609");
INSERT INTO ChildType (cid, type) VALUES ("0e799909-ed00-4f66-9c82-1a686cbf6609","Directory");
INSERT INTO ParentTitle (pid, title) VALUES ("4413e584-b85d-473c-842c-9afaf3130e56","C:\xampp\htdocs\DevDatabase\testdir\test2");
INSERT INTO Documents (guid, docFormat, author, dateModified, description, url) VALUES ("6597ae81-30cd-4d33-99bf-14ea2abf8cb9","doc","Sahana",20171206,"null","C:\xampp\htdocs\DevDatabase\testdir\test2\hello2.doc");
INSERT INTO ParentChild (pid, cid) VALUES ("4413e584-b85d-473c-842c-9afaf3130e56","6597ae81-30cd-4d33-99bf-14ea2abf8cb9");
INSERT INTO ChildType (cid, type) VALUES ("6597ae81-30cd-4d33-99bf-14ea2abf8cb9","Document");
INSERT INTO Images (guid, imageWidth, imageHeight, format, author, dateModified, description, url) VALUES ("73e64552-78a9-4805-a86b-22c7aacb4ef8",null,null,"gif","Sahana",20171206,"null","C:\xampp\htdocs\DevDatabase\testdir\test2\hello2.gif");
INSERT INTO ParentChild (pid, cid) VALUES ("4413e584-b85d-473c-842c-9afaf3130e56","73e64552-78a9-4805-a86b-22c7aacb4ef8");
INSERT INTO ChildType (cid, type) VALUES ("73e64552-78a9-4805-a86b-22c7aacb4ef8","Image");
INSERT INTO Documents (guid, docFormat, author, dateModified, description, url) VALUES ("3e2325a8-a633-42e3-86a9-2d739c259345","html","Sahana",20171206,"null","C:\xampp\htdocs\DevDatabase\testdir\test2\hello2.html");
INSERT INTO ParentChild (pid, cid) VALUES ("4413e584-b85d-473c-842c-9afaf3130e56","3e2325a8-a633-42e3-86a9-2d739c259345");
INSERT INTO ChildType (cid, type) VALUES ("3e2325a8-a633-42e3-86a9-2d739c259345","Document");
INSERT INTO Documents (guid, docFormat, author, dateModified, description, url) VALUES ("8be715a6-ce4d-4c03-b6a5-e80dcfe50cb9","txt","Sahana",20171206,"null","C:\xampp\htdocs\DevDatabase\testdir\test2\hello2.txt");
INSERT INTO ParentChild (pid, cid) VALUES ("4413e584-b85d-473c-842c-9afaf3130e56","8be715a6-ce4d-4c03-b6a5-e80dcfe50cb9");
INSERT INTO ChildType (cid, type) VALUES ("8be715a6-ce4d-4c03-b6a5-e80dcfe50cb9","Document");
INSERT INTO ParentTitle (pid, title) VALUES ("bfb34591-1321-4148-9c62-d7fced869423","C:\xampp\htdocs\DevDatabase\testdir");
INSERT INTO Images (guid, imageWidth, imageHeight, format, author, dateModified, description, url) VALUES ("eed7e06e-086f-4914-9fe3-9da0b63f0d2b",null,null,"png","Sahana",20171206,"null","C:\xampp\htdocs\DevDatabase\testdir\hello.png");
INSERT INTO ParentChild (pid, cid) VALUES ("bfb34591-1321-4148-9c62-d7fced869423","eed7e06e-086f-4914-9fe3-9da0b63f0d2b");
INSERT INTO ChildType (cid, type) VALUES ("eed7e06e-086f-4914-9fe3-9da0b63f0d2b","Image");
INSERT INTO Documents (guid, docFormat, author, dateModified, description, url) VALUES ("e78b2e94-a7b6-429c-9977-e9a2cd8c7169","txt","Sahana",20171206,"null","C:\xampp\htdocs\DevDatabase\testdir\hello.txt");
INSERT INTO ParentChild (pid, cid) VALUES ("bfb34591-1321-4148-9c62-d7fced869423","e78b2e94-a7b6-429c-9977-e9a2cd8c7169");
INSERT INTO ChildType (cid, type) VALUES ("e78b2e94-a7b6-429c-9977-e9a2cd8c7169","Document");
INSERT INTO Audio (guid, runningTime, format, author, dateModified, description, url) VALUES ("f7c3dcf7-f228-4e52-ba1b-18072318f652",null,"wav","Sahana",20171206,"null","C:\xampp\htdocs\DevDatabase\testdir\hello.wav");
INSERT INTO ParentChild (pid, cid) VALUES ("bfb34591-1321-4148-9c62-d7fced869423","f7c3dcf7-f228-4e52-ba1b-18072318f652");
INSERT INTO ChildType (cid, type) VALUES ("f7c3dcf7-f228-4e52-ba1b-18072318f652","Audio");
INSERT INTO Documents (guid, docFormat, author, dateModified, description, url) VALUES ("ce5fd36b-0da2-4e89-9ef4-2463ae40c48c","html","Sahana",20171206,"null","C:\xampp\htdocs\DevDatabase\testdir\hello1.html");
INSERT INTO ParentChild (pid, cid) VALUES ("bfb34591-1321-4148-9c62-d7fced869423","ce5fd36b-0da2-4e89-9ef4-2463ae40c48c");
INSERT INTO ChildType (cid, type) VALUES ("ce5fd36b-0da2-4e89-9ef4-2463ae40c48c","Document");
INSERT INTO Audio (guid, runningTime, format, author, dateModified, description, url) VALUES ("67a49920-dcbe-41b8-b1ea-250aee46abbd",null,"mp3","Sahana",20171206,"null","C:\xampp\htdocs\DevDatabase\testdir\hello1.mp3");
INSERT INTO ParentChild (pid, cid) VALUES ("bfb34591-1321-4148-9c62-d7fced869423","67a49920-dcbe-41b8-b1ea-250aee46abbd");
INSERT INTO ChildType (cid, type) VALUES ("67a49920-dcbe-41b8-b1ea-250aee46abbd","Audio");
INSERT INTO ParentChild (pid, cid) VALUES ("bfb34591-1321-4148-9c62-d7fced869423","11a0aaab-b1b4-49a7-8960-f20d56dfc398");
INSERT INTO ChildType (cid, type) VALUES ("11a0aaab-b1b4-49a7-8960-f20d56dfc398","Directory");
INSERT INTO ParentTitle (pid, title) VALUES ("d21599ed-96d6-4955-9380-5dc1ba7ee21b","C:\xampp\htdocs\DevDatabase\testdir\test2");
INSERT INTO Documents (guid, docFormat, author, dateModified, description, url) VALUES ("8fd13fb8-53eb-47eb-847e-65e1f8da728c","doc","Sahana",20171206,"null","C:\xampp\htdocs\DevDatabase\testdir\test2\hello2.doc");
INSERT INTO ParentChild (pid, cid) VALUES ("d21599ed-96d6-4955-9380-5dc1ba7ee21b","8fd13fb8-53eb-47eb-847e-65e1f8da728c");
INSERT INTO ChildType (cid, type) VALUES ("8fd13fb8-53eb-47eb-847e-65e1f8da728c","Document");
INSERT INTO Images (guid, imageWidth, imageHeight, format, author, dateModified, description, url) VALUES ("2383caeb-d011-49c4-b36e-74c096124254",null,null,"gif","Sahana",20171206,"null","C:\xampp\htdocs\DevDatabase\testdir\test2\hello2.gif");
INSERT INTO ParentChild (pid, cid) VALUES ("d21599ed-96d6-4955-9380-5dc1ba7ee21b","2383caeb-d011-49c4-b36e-74c096124254");
INSERT INTO ChildType (cid, type) VALUES ("2383caeb-d011-49c4-b36e-74c096124254","Image");
INSERT INTO Documents (guid, docFormat, author, dateModified, description, url) VALUES ("678d3efc-680f-4687-9c50-c06f88afa2a6","html","Sahana",20171206,"null","C:\xampp\htdocs\DevDatabase\testdir\test2\hello2.html");
INSERT INTO ParentChild (pid, cid) VALUES ("d21599ed-96d6-4955-9380-5dc1ba7ee21b","678d3efc-680f-4687-9c50-c06f88afa2a6");
INSERT INTO ChildType (cid, type) VALUES ("678d3efc-680f-4687-9c50-c06f88afa2a6","Document");
INSERT INTO Documents (guid, docFormat, author, dateModified, description, url) VALUES ("d0a19220-a4ce-4272-bb01-929da75f7648","txt","Sahana",20171206,"null","C:\xampp\htdocs\DevDatabase\testdir\test2\hello2.txt");
INSERT INTO ParentChild (pid, cid) VALUES ("d21599ed-96d6-4955-9380-5dc1ba7ee21b","d0a19220-a4ce-4272-bb01-929da75f7648");
INSERT INTO ChildType (cid, type) VALUES ("d0a19220-a4ce-4272-bb01-929da75f7648","Document");
INSERT INTO ParentTitle (pid, title) VALUES ("038f1964-74c1-4b6f-80d8-61f32c0c6858","C:\xampp\htdocs\DevDatabase\testdir");
INSERT INTO Images (guid, imageWidth, imageHeight, format, author, dateModified, description, url) VALUES ("61e01b77-2ed9-4ab5-9792-e30ecc44555f",null,null,"png","Sahana",20171206,"null","C:\xampp\htdocs\DevDatabase\testdir\hello.png");
INSERT INTO ParentChild (pid, cid) VALUES ("038f1964-74c1-4b6f-80d8-61f32c0c6858","61e01b77-2ed9-4ab5-9792-e30ecc44555f");
INSERT INTO ChildType (cid, type) VALUES ("61e01b77-2ed9-4ab5-9792-e30ecc44555f","Image");
INSERT INTO Documents (guid, docFormat, author, dateModified, description, url) VALUES ("9a50553d-c709-4341-b78b-05da8819a097","txt","Sahana",20171206,"null","C:\xampp\htdocs\DevDatabase\testdir\hello.txt");
INSERT INTO ParentChild (pid, cid) VALUES ("038f1964-74c1-4b6f-80d8-61f32c0c6858","9a50553d-c709-4341-b78b-05da8819a097");
INSERT INTO ChildType (cid, type) VALUES ("9a50553d-c709-4341-b78b-05da8819a097","Document");
INSERT INTO Audio (guid, runningTime, format, author, dateModified, description, url) VALUES ("195856a0-57a7-49e3-9533-ac3045630ccf",null,"wav","Sahana",20171206,"null","C:\xampp\htdocs\DevDatabase\testdir\hello.wav");
INSERT INTO ParentChild (pid, cid) VALUES ("038f1964-74c1-4b6f-80d8-61f32c0c6858","195856a0-57a7-49e3-9533-ac3045630ccf");
INSERT INTO ChildType (cid, type) VALUES ("195856a0-57a7-49e3-9533-ac3045630ccf","Audio");
INSERT INTO Documents (guid, docFormat, author, dateModified, description, url) VALUES ("8770bed9-da9e-44d4-a730-e37b468f0dd2","html","Sahana",20171206,"null","C:\xampp\htdocs\DevDatabase\testdir\hello1.html");
INSERT INTO ParentChild (pid, cid) VALUES ("038f1964-74c1-4b6f-80d8-61f32c0c6858","8770bed9-da9e-44d4-a730-e37b468f0dd2");
INSERT INTO ChildType (cid, type) VALUES ("8770bed9-da9e-44d4-a730-e37b468f0dd2","Document");
INSERT INTO Audio (guid, runningTime, format, author, dateModified, description, url) VALUES ("af8502fb-fe0a-4cf9-af41-70d09fe5d77f",null,"mp3","Sahana",20171206,"null","C:\xampp\htdocs\DevDatabase\testdir\hello1.mp3");
INSERT INTO ParentChild (pid, cid) VALUES ("038f1964-74c1-4b6f-80d8-61f32c0c6858","af8502fb-fe0a-4cf9-af41-70d09fe5d77f");
INSERT INTO ChildType (cid, type) VALUES ("af8502fb-fe0a-4cf9-af41-70d09fe5d77f","Audio");
INSERT INTO ParentChild (pid, cid) VALUES ("038f1964-74c1-4b6f-80d8-61f32c0c6858","16c8924c-f205-430f-901e-e14df1d244e4");
INSERT INTO ChildType (cid, type) VALUES ("16c8924c-f205-430f-901e-e14df1d244e4","Directory");
INSERT INTO ParentTitle (pid, title) VALUES ("5fc09a1d-8cdd-4f7b-96ea-a0294892935a","C:\xampp\htdocs\DevDatabase\testdir\test2");
INSERT INTO Documents (guid, docFormat, author, dateModified, description, url) VALUES ("c22d18e8-047e-42db-ba8c-56c055b591d3","doc","Sahana",20171206,"null","C:\xampp\htdocs\DevDatabase\testdir\test2\hello2.doc");
INSERT INTO ParentChild (pid, cid) VALUES ("5fc09a1d-8cdd-4f7b-96ea-a0294892935a","c22d18e8-047e-42db-ba8c-56c055b591d3");
INSERT INTO ChildType (cid, type) VALUES ("c22d18e8-047e-42db-ba8c-56c055b591d3","Document");
INSERT INTO Images (guid, imageWidth, imageHeight, format, author, dateModified, description, url) VALUES ("e4e1bfe6-cbb3-4faa-bd98-158a5a0c2ecc",null,null,"gif","Sahana",20171206,"null","C:\xampp\htdocs\DevDatabase\testdir\test2\hello2.gif");
INSERT INTO ParentChild (pid, cid) VALUES ("5fc09a1d-8cdd-4f7b-96ea-a0294892935a","e4e1bfe6-cbb3-4faa-bd98-158a5a0c2ecc");
INSERT INTO ChildType (cid, type) VALUES ("e4e1bfe6-cbb3-4faa-bd98-158a5a0c2ecc","Image");
INSERT INTO Documents (guid, docFormat, author, dateModified, description, url) VALUES ("bbf9b3e0-2b32-42c2-a5e6-68f1792f7cd0","html","Sahana",20171206,"null","C:\xampp\htdocs\DevDatabase\testdir\test2\hello2.html");
INSERT INTO ParentChild (pid, cid) VALUES ("5fc09a1d-8cdd-4f7b-96ea-a0294892935a","bbf9b3e0-2b32-42c2-a5e6-68f1792f7cd0");
INSERT INTO ChildType (cid, type) VALUES ("bbf9b3e0-2b32-42c2-a5e6-68f1792f7cd0","Document");
INSERT INTO Documents (guid, docFormat, author, dateModified, description, url) VALUES ("6d1b28a9-8087-49cc-a24b-cb530f889c90","txt","Sahana",20171206,"null","C:\xampp\htdocs\DevDatabase\testdir\test2\hello2.txt");
INSERT INTO ParentChild (pid, cid) VALUES ("5fc09a1d-8cdd-4f7b-96ea-a0294892935a","6d1b28a9-8087-49cc-a24b-cb530f889c90");
INSERT INTO ChildType (cid, type) VALUES ("6d1b28a9-8087-49cc-a24b-cb530f889c90","Document");
INSERT INTO ParentTitle (pid, title) VALUES ("75899060-a124-42e1-b323-b8e4df59b8e0","C:\xampp\htdocs\DevDatabase\testdir");
INSERT INTO Images (guid, imageWidth, imageHeight, format, author, dateModified, description, url) VALUES ("2377c6fa-1c99-48b4-bb5b-d1323e05fc09",null,null,"png","Sahana",20171206,"null","C:\xampp\htdocs\DevDatabase\testdir\hello.png");
INSERT INTO ParentChild (pid, cid) VALUES ("75899060-a124-42e1-b323-b8e4df59b8e0","2377c6fa-1c99-48b4-bb5b-d1323e05fc09");
INSERT INTO ChildType (cid, type) VALUES ("2377c6fa-1c99-48b4-bb5b-d1323e05fc09","Image");
INSERT INTO Documents (guid, docFormat, author, dateModified, description, url) VALUES ("68789d65-8015-4e0e-8410-aa4655f732f2","txt","Sahana",20171206,"null","C:\xampp\htdocs\DevDatabase\testdir\hello.txt");
INSERT INTO ParentChild (pid, cid) VALUES ("75899060-a124-42e1-b323-b8e4df59b8e0","68789d65-8015-4e0e-8410-aa4655f732f2");
INSERT INTO ChildType (cid, type) VALUES ("68789d65-8015-4e0e-8410-aa4655f732f2","Document");
INSERT INTO Audio (guid, runningTime, format, author, dateModified, description, url) VALUES ("e75d2f35-5122-4207-acb3-4be9eb08d7b8",null,"wav","Sahana",20171206,"null","C:\xampp\htdocs\DevDatabase\testdir\hello.wav");
INSERT INTO ParentChild (pid, cid) VALUES ("75899060-a124-42e1-b323-b8e4df59b8e0","e75d2f35-5122-4207-acb3-4be9eb08d7b8");
INSERT INTO ChildType (cid, type) VALUES ("e75d2f35-5122-4207-acb3-4be9eb08d7b8","Audio");
INSERT INTO Documents (guid, docFormat, author, dateModified, description, url) VALUES ("46b6b3e6-b262-42ba-8df1-a4a43a58c451","html","Sahana",20171206,"null","C:\xampp\htdocs\DevDatabase\testdir\hello1.html");
INSERT INTO ParentChild (pid, cid) VALUES ("75899060-a124-42e1-b323-b8e4df59b8e0","46b6b3e6-b262-42ba-8df1-a4a43a58c451");
INSERT INTO ChildType (cid, type) VALUES ("46b6b3e6-b262-42ba-8df1-a4a43a58c451","Document");
INSERT INTO Audio (guid, runningTime, format, author, dateModified, description, url) VALUES ("67c62b8e-929d-4489-b515-1f0eed11bb37",null,"mp3","Sahana",20171206,"null","C:\xampp\htdocs\DevDatabase\testdir\hello1.mp3");
INSERT INTO ParentChild (pid, cid) VALUES ("75899060-a124-42e1-b323-b8e4df59b8e0","67c62b8e-929d-4489-b515-1f0eed11bb37");
INSERT INTO ChildType (cid, type) VALUES ("67c62b8e-929d-4489-b515-1f0eed11bb37","Audio");
INSERT INTO ParentChild (pid, cid) VALUES ("75899060-a124-42e1-b323-b8e4df59b8e0","56adcdbd-5c42-43ae-9666-9ba05c60a12b");
INSERT INTO ChildType (cid, type) VALUES ("56adcdbd-5c42-43ae-9666-9ba05c60a12b","Directory");
INSERT INTO ParentTitle (pid, title) VALUES ("6c65eb48-0f2f-404e-8486-c774820e2a15","C:\xampp\htdocs\DevDatabase\testdir\test2");
INSERT INTO Documents (guid, docFormat, author, dateModified, description, url) VALUES ("7fa9fbbc-32d9-4049-9a2c-e160288a7196","doc","Sahana",20171206,"null","C:\xampp\htdocs\DevDatabase\testdir\test2\hello2.doc");
INSERT INTO ParentChild (pid, cid) VALUES ("6c65eb48-0f2f-404e-8486-c774820e2a15","7fa9fbbc-32d9-4049-9a2c-e160288a7196");
INSERT INTO ChildType (cid, type) VALUES ("7fa9fbbc-32d9-4049-9a2c-e160288a7196","Document");
INSERT INTO Images (guid, imageWidth, imageHeight, format, author, dateModified, description, url) VALUES ("6aa516dd-b003-4706-8c65-9f7e08f9c24e",null,null,"gif","Sahana",20171206,"null","C:\xampp\htdocs\DevDatabase\testdir\test2\hello2.gif");
INSERT INTO ParentChild (pid, cid) VALUES ("6c65eb48-0f2f-404e-8486-c774820e2a15","6aa516dd-b003-4706-8c65-9f7e08f9c24e");
INSERT INTO ChildType (cid, type) VALUES ("6aa516dd-b003-4706-8c65-9f7e08f9c24e","Image");
INSERT INTO Documents (guid, docFormat, author, dateModified, description, url) VALUES ("76b1d423-6dda-48cd-ba50-f97191966574","html","Sahana",20171206,"null","C:\xampp\htdocs\DevDatabase\testdir\test2\hello2.html");
INSERT INTO ParentChild (pid, cid) VALUES ("6c65eb48-0f2f-404e-8486-c774820e2a15","76b1d423-6dda-48cd-ba50-f97191966574");
INSERT INTO ChildType (cid, type) VALUES ("76b1d423-6dda-48cd-ba50-f97191966574","Document");
INSERT INTO Documents (guid, docFormat, author, dateModified, description, url) VALUES ("f6001ce1-ab66-4158-8005-514e6158f52a","txt","Sahana",20171206,"null","C:\xampp\htdocs\DevDatabase\testdir\test2\hello2.txt");
INSERT INTO ParentChild (pid, cid) VALUES ("6c65eb48-0f2f-404e-8486-c774820e2a15","f6001ce1-ab66-4158-8005-514e6158f52a");
INSERT INTO ChildType (cid, type) VALUES ("f6001ce1-ab66-4158-8005-514e6158f52a","Document");
INSERT INTO ParentTitle (pid, title) VALUES ("16442b70-2b56-415c-8ed4-75a3f9f10695","C:\xampp\htdocs\DevDatabase\testdir");
INSERT INTO Images (guid, imageWidth, imageHeight, format, author, dateModified, description, url) VALUES ("9384fdec-9e2e-4e6c-a7b7-9e41f68ee07c",null,null,"png","Sahana",20171206,"null","C:\xampp\htdocs\DevDatabase\testdir\hello.png");
INSERT INTO ParentChild (pid, cid) VALUES ("16442b70-2b56-415c-8ed4-75a3f9f10695","9384fdec-9e2e-4e6c-a7b7-9e41f68ee07c");
INSERT INTO ChildType (cid, type) VALUES ("9384fdec-9e2e-4e6c-a7b7-9e41f68ee07c","Image");
INSERT INTO Documents (guid, docFormat, author, dateModified, description, url) VALUES ("462b26a9-1a26-4cec-853d-35863c086214","txt","Sahana",20171206,"null","C:\xampp\htdocs\DevDatabase\testdir\hello.txt");
INSERT INTO ParentChild (pid, cid) VALUES ("16442b70-2b56-415c-8ed4-75a3f9f10695","462b26a9-1a26-4cec-853d-35863c086214");
INSERT INTO ChildType (cid, type) VALUES ("462b26a9-1a26-4cec-853d-35863c086214","Document");
INSERT INTO Audio (guid, runningTime, format, author, dateModified, description, url) VALUES ("b6d3c745-6d2a-4e34-8cc9-8ddf98ebe8da",null,"wav","Sahana",20171206,"null","C:\xampp\htdocs\DevDatabase\testdir\hello.wav");
INSERT INTO ParentChild (pid, cid) VALUES ("16442b70-2b56-415c-8ed4-75a3f9f10695","b6d3c745-6d2a-4e34-8cc9-8ddf98ebe8da");
INSERT INTO ChildType (cid, type) VALUES ("b6d3c745-6d2a-4e34-8cc9-8ddf98ebe8da","Audio");
INSERT INTO Documents (guid, docFormat, author, dateModified, description, url) VALUES ("3d07394f-9bad-4463-9513-c3a5f83bd263","html","Sahana",20171206,"null","C:\xampp\htdocs\DevDatabase\testdir\hello1.html");
INSERT INTO ParentChild (pid, cid) VALUES ("16442b70-2b56-415c-8ed4-75a3f9f10695","3d07394f-9bad-4463-9513-c3a5f83bd263");
INSERT INTO ChildType (cid, type) VALUES ("3d07394f-9bad-4463-9513-c3a5f83bd263","Document");
INSERT INTO Audio (guid, runningTime, format, author, dateModified, description, url) VALUES ("26be89d4-f4c6-47f3-9c27-a4086e187d4e",null,"mp3","Sahana",20171206,"null","C:\xampp\htdocs\DevDatabase\testdir\hello1.mp3");
INSERT INTO ParentChild (pid, cid) VALUES ("16442b70-2b56-415c-8ed4-75a3f9f10695","26be89d4-f4c6-47f3-9c27-a4086e187d4e");
INSERT INTO ChildType (cid, type) VALUES ("26be89d4-f4c6-47f3-9c27-a4086e187d4e","Audio");
INSERT INTO ParentChild (pid, cid) VALUES ("16442b70-2b56-415c-8ed4-75a3f9f10695","f0634ccb-496f-48ac-8672-90ac925651c9");
INSERT INTO ChildType (cid, type) VALUES ("f0634ccb-496f-48ac-8672-90ac925651c9","Directory");
INSERT INTO ParentTitle (pid, title) VALUES ("40f44667-7149-451b-b027-98c503cf5cd4","C:\xampp\htdocs\DevDatabase\testdir\test2");
INSERT INTO Documents (guid, docFormat, author, dateModified, description, url) VALUES ("bb001bec-02aa-4db4-b317-e4ddffa8ab05","doc","Sahana",20171206,"null","C:\xampp\htdocs\DevDatabase\testdir\test2\hello2.doc");
INSERT INTO ParentChild (pid, cid) VALUES ("40f44667-7149-451b-b027-98c503cf5cd4","bb001bec-02aa-4db4-b317-e4ddffa8ab05");
INSERT INTO ChildType (cid, type) VALUES ("bb001bec-02aa-4db4-b317-e4ddffa8ab05","Document");
INSERT INTO Images (guid, imageWidth, imageHeight, format, author, dateModified, description, url) VALUES ("1bbf9093-b995-4b7a-9c02-9a69728f9dd6",null,null,"gif","Sahana",20171206,"null","C:\xampp\htdocs\DevDatabase\testdir\test2\hello2.gif");
INSERT INTO ParentChild (pid, cid) VALUES ("40f44667-7149-451b-b027-98c503cf5cd4","1bbf9093-b995-4b7a-9c02-9a69728f9dd6");
INSERT INTO ChildType (cid, type) VALUES ("1bbf9093-b995-4b7a-9c02-9a69728f9dd6","Image");
INSERT INTO Documents (guid, docFormat, author, dateModified, description, url) VALUES ("42cf8b37-efe4-485d-b255-1f11df0ded62","html","Sahana",20171206,"null","C:\xampp\htdocs\DevDatabase\testdir\test2\hello2.html");
INSERT INTO ParentChild (pid, cid) VALUES ("40f44667-7149-451b-b027-98c503cf5cd4","42cf8b37-efe4-485d-b255-1f11df0ded62");
INSERT INTO ChildType (cid, type) VALUES ("42cf8b37-efe4-485d-b255-1f11df0ded62","Document");
INSERT INTO Documents (guid, docFormat, author, dateModified, description, url) VALUES ("63bd8a3a-27ab-4075-afc8-d6fce2022fc3","txt","Sahana",20171206,"null","C:\xampp\htdocs\DevDatabase\testdir\test2\hello2.txt");
INSERT INTO ParentChild (pid, cid) VALUES ("40f44667-7149-451b-b027-98c503cf5cd4","63bd8a3a-27ab-4075-afc8-d6fce2022fc3");
INSERT INTO ChildType (cid, type) VALUES ("63bd8a3a-27ab-4075-afc8-d6fce2022fc3","Document");
INSERT INTO ParentTitle (pid, title) VALUES ("ce3556e1-c890-4b24-bef3-1a2e7a860465","C:\xampp\htdocs\DevDatabase\testdir");
INSERT INTO Images (guid, imageWidth, imageHeight, format, author, dateModified, description, url) VALUES ("71efdf2d-ac02-46f9-b7c6-30ce58c02f5d",null,null,"png","Sahana",20171206,"null","C:\xampp\htdocs\DevDatabase\testdir\hello.png");
INSERT INTO ParentChild (pid, cid) VALUES ("ce3556e1-c890-4b24-bef3-1a2e7a860465","71efdf2d-ac02-46f9-b7c6-30ce58c02f5d");
INSERT INTO ChildType (cid, type) VALUES ("71efdf2d-ac02-46f9-b7c6-30ce58c02f5d","Image");
INSERT INTO Documents (guid, docFormat, author, dateModified, description, url) VALUES ("45e370a1-d6be-4dde-b631-7053940092a9","txt","Sahana",20171206,"null","C:\xampp\htdocs\DevDatabase\testdir\hello.txt");
INSERT INTO ParentChild (pid, cid) VALUES ("ce3556e1-c890-4b24-bef3-1a2e7a860465","45e370a1-d6be-4dde-b631-7053940092a9");
INSERT INTO ChildType (cid, type) VALUES ("45e370a1-d6be-4dde-b631-7053940092a9","Document");
INSERT INTO Audio (guid, runningTime, format, author, dateModified, description, url) VALUES ("abfbfe82-44ef-48de-b6ec-53c821fea752",null,"wav","Sahana",20171206,"null","C:\xampp\htdocs\DevDatabase\testdir\hello.wav");
INSERT INTO ParentChild (pid, cid) VALUES ("ce3556e1-c890-4b24-bef3-1a2e7a860465","abfbfe82-44ef-48de-b6ec-53c821fea752");
INSERT INTO ChildType (cid, type) VALUES ("abfbfe82-44ef-48de-b6ec-53c821fea752","Audio");
INSERT INTO Documents (guid, docFormat, author, dateModified, description, url) VALUES ("6b6049e4-3ebf-48a9-916e-f1e3b3ce0873","html","Sahana",20171206,"null","C:\xampp\htdocs\DevDatabase\testdir\hello1.html");
INSERT INTO ParentChild (pid, cid) VALUES ("ce3556e1-c890-4b24-bef3-1a2e7a860465","6b6049e4-3ebf-48a9-916e-f1e3b3ce0873");
INSERT INTO ChildType (cid, type) VALUES ("6b6049e4-3ebf-48a9-916e-f1e3b3ce0873","Document");
INSERT INTO Audio (guid, runningTime, format, author, dateModified, description, url) VALUES ("b1e3b650-38a7-437a-b3d8-5a9844e5b55f",null,"mp3","Sahana",20171206,"null","C:\xampp\htdocs\DevDatabase\testdir\hello1.mp3");
INSERT INTO ParentChild (pid, cid) VALUES ("ce3556e1-c890-4b24-bef3-1a2e7a860465","b1e3b650-38a7-437a-b3d8-5a9844e5b55f");
INSERT INTO ChildType (cid, type) VALUES ("b1e3b650-38a7-437a-b3d8-5a9844e5b55f","Audio");
INSERT INTO ParentChild (pid, cid) VALUES ("ce3556e1-c890-4b24-bef3-1a2e7a860465","53b4886a-94f1-492b-9fc3-79ae820704cd");
INSERT INTO ChildType (cid, type) VALUES ("53b4886a-94f1-492b-9fc3-79ae820704cd","Directory");
INSERT INTO ParentTitle (pid, title) VALUES ("285ba9a7-ba4e-4cb5-b8e3-af101ec01e63","C:\xampp\htdocs\DevDatabase\testdir\test2");
INSERT INTO Documents (guid, docFormat, author, dateModified, description, url) VALUES ("29058c50-fa8b-41c2-b75f-d0fe37e1eb1f","doc","Sahana",20171206,"null","C:\xampp\htdocs\DevDatabase\testdir\test2\hello2.doc");
INSERT INTO ParentChild (pid, cid) VALUES ("285ba9a7-ba4e-4cb5-b8e3-af101ec01e63","29058c50-fa8b-41c2-b75f-d0fe37e1eb1f");
INSERT INTO ChildType (cid, type) VALUES ("29058c50-fa8b-41c2-b75f-d0fe37e1eb1f","Document");
INSERT INTO Images (guid, imageWidth, imageHeight, format, author, dateModified, description, url) VALUES ("27253d93-4e69-41b0-a32f-310d83e9dae1",null,null,"gif","Sahana",20171206,"null","C:\xampp\htdocs\DevDatabase\testdir\test2\hello2.gif");
INSERT INTO ParentChild (pid, cid) VALUES ("285ba9a7-ba4e-4cb5-b8e3-af101ec01e63","27253d93-4e69-41b0-a32f-310d83e9dae1");
INSERT INTO ChildType (cid, type) VALUES ("27253d93-4e69-41b0-a32f-310d83e9dae1","Image");
INSERT INTO Documents (guid, docFormat, author, dateModified, description, url) VALUES ("2483a9ba-23e6-4895-94f0-6613be74a084","html","Sahana",20171206,"null","C:\xampp\htdocs\DevDatabase\testdir\test2\hello2.html");
INSERT INTO ParentChild (pid, cid) VALUES ("285ba9a7-ba4e-4cb5-b8e3-af101ec01e63","2483a9ba-23e6-4895-94f0-6613be74a084");
INSERT INTO ChildType (cid, type) VALUES ("2483a9ba-23e6-4895-94f0-6613be74a084","Document");
INSERT INTO Documents (guid, docFormat, author, dateModified, description, url) VALUES ("dbfba5ac-3770-46fc-897d-912dff336beb","txt","Sahana",20171206,"null","C:\xampp\htdocs\DevDatabase\testdir\test2\hello2.txt");
INSERT INTO ParentChild (pid, cid) VALUES ("285ba9a7-ba4e-4cb5-b8e3-af101ec01e63","dbfba5ac-3770-46fc-897d-912dff336beb");
INSERT INTO ChildType (cid, type) VALUES ("dbfba5ac-3770-46fc-897d-912dff336beb","Document");
INSERT INTO ParentTitle (pid, title) VALUES ("c719c84a-866b-4ef1-bc92-c7c5544b5a59","C:\xampp\htdocs\DevDatabase\testdir");
INSERT INTO Images (guid, imageWidth, imageHeight, format, author, dateModified, description, url) VALUES ("db085d81-2786-4e1e-a01a-f937b2d19699",null,null,"png","Sahana",20171206,"null","C:\xampp\htdocs\DevDatabase\testdir\hello.png");
INSERT INTO ParentChild (pid, cid) VALUES ("c719c84a-866b-4ef1-bc92-c7c5544b5a59","db085d81-2786-4e1e-a01a-f937b2d19699");
INSERT INTO ChildType (cid, type) VALUES ("db085d81-2786-4e1e-a01a-f937b2d19699","Image");
INSERT INTO Documents (guid, docFormat, author, dateModified, description, url) VALUES ("116e7925-ba22-4174-99e9-9c8e6b9aae9b","txt","Sahana",20171206,"null","C:\xampp\htdocs\DevDatabase\testdir\hello.txt");
INSERT INTO ParentChild (pid, cid) VALUES ("c719c84a-866b-4ef1-bc92-c7c5544b5a59","116e7925-ba22-4174-99e9-9c8e6b9aae9b");
INSERT INTO ChildType (cid, type) VALUES ("116e7925-ba22-4174-99e9-9c8e6b9aae9b","Document");
INSERT INTO Audio (guid, runningTime, format, author, dateModified, description, url) VALUES ("274df4c3-ea2e-4303-be36-537a0979b8cc",null,"wav","Sahana",20171206,"null","C:\xampp\htdocs\DevDatabase\testdir\hello.wav");
INSERT INTO ParentChild (pid, cid) VALUES ("c719c84a-866b-4ef1-bc92-c7c5544b5a59","274df4c3-ea2e-4303-be36-537a0979b8cc");
INSERT INTO ChildType (cid, type) VALUES ("274df4c3-ea2e-4303-be36-537a0979b8cc","Audio");
INSERT INTO Documents (guid, docFormat, author, dateModified, description, url) VALUES ("4c05a958-c7e4-4473-b9e8-abe2129967d5","html","Sahana",20171206,"null","C:\xampp\htdocs\DevDatabase\testdir\hello1.html");
INSERT INTO ParentChild (pid, cid) VALUES ("c719c84a-866b-4ef1-bc92-c7c5544b5a59","4c05a958-c7e4-4473-b9e8-abe2129967d5");
INSERT INTO ChildType (cid, type) VALUES ("4c05a958-c7e4-4473-b9e8-abe2129967d5","Document");
INSERT INTO Audio (guid, runningTime, format, author, dateModified, description, url) VALUES ("b3a2e658-d39c-4ba7-9cac-7b7638826b7a",null,"mp3","Sahana",20171206,"null","C:\xampp\htdocs\DevDatabase\testdir\hello1.mp3");
INSERT INTO ParentChild (pid, cid) VALUES ("c719c84a-866b-4ef1-bc92-c7c5544b5a59","b3a2e658-d39c-4ba7-9cac-7b7638826b7a");
INSERT INTO ChildType (cid, type) VALUES ("b3a2e658-d39c-4ba7-9cac-7b7638826b7a","Audio");
INSERT INTO ParentChild (pid, cid) VALUES ("c719c84a-866b-4ef1-bc92-c7c5544b5a59","1357b0c7-4c00-4b55-90f1-a0e0ec739e95");
INSERT INTO ChildType (cid, type) VALUES ("1357b0c7-4c00-4b55-90f1-a0e0ec739e95","Directory");
INSERT INTO ParentTitle (pid, title) VALUES ("b6f38d84-fbc8-4a5b-b941-193b7b221b00","C:\xampp\htdocs\DevDatabase\testdir\test2");
INSERT INTO Documents (guid, docFormat, author, dateModified, description, url) VALUES ("7b3d9873-6f73-433a-b7b2-f9f317eb0d28","doc","Sahana",20171206,"null","C:\xampp\htdocs\DevDatabase\testdir\test2\hello2.doc");
INSERT INTO ParentChild (pid, cid) VALUES ("b6f38d84-fbc8-4a5b-b941-193b7b221b00","7b3d9873-6f73-433a-b7b2-f9f317eb0d28");
INSERT INTO ChildType (cid, type) VALUES ("7b3d9873-6f73-433a-b7b2-f9f317eb0d28","Document");
INSERT INTO Images (guid, imageWidth, imageHeight, format, author, dateModified, description, url) VALUES ("575f135d-6780-44bf-bc7a-af3b0f91baad",null,null,"gif","Sahana",20171206,"null","C:\xampp\htdocs\DevDatabase\testdir\test2\hello2.gif");
INSERT INTO ParentChild (pid, cid) VALUES ("b6f38d84-fbc8-4a5b-b941-193b7b221b00","575f135d-6780-44bf-bc7a-af3b0f91baad");
INSERT INTO ChildType (cid, type) VALUES ("575f135d-6780-44bf-bc7a-af3b0f91baad","Image");
INSERT INTO Documents (guid, docFormat, author, dateModified, description, url) VALUES ("4a54f20d-c004-4019-9058-62dbea961119","html","Sahana",20171206,"null","C:\xampp\htdocs\DevDatabase\testdir\test2\hello2.html");
INSERT INTO ParentChild (pid, cid) VALUES ("b6f38d84-fbc8-4a5b-b941-193b7b221b00","4a54f20d-c004-4019-9058-62dbea961119");
INSERT INTO ChildType (cid, type) VALUES ("4a54f20d-c004-4019-9058-62dbea961119","Document");
INSERT INTO Documents (guid, docFormat, author, dateModified, description, url) VALUES ("e5eb21bf-c1cf-45e2-8b3b-6cde34fadfdb","txt","Sahana",20171206,"null","C:\xampp\htdocs\DevDatabase\testdir\test2\hello2.txt");
INSERT INTO ParentChild (pid, cid) VALUES ("b6f38d84-fbc8-4a5b-b941-193b7b221b00","e5eb21bf-c1cf-45e2-8b3b-6cde34fadfdb");
INSERT INTO ChildType (cid, type) VALUES ("e5eb21bf-c1cf-45e2-8b3b-6cde34fadfdb","Document");
INSERT INTO ParentTitle (pid, title) VALUES ("b36a6174-5b02-4623-a1ea-f45d4e1d7dc6","C:\xampp\htdocs\DevDatabase\testdir");
INSERT INTO Images (guid, imageWidth, imageHeight, format, author, dateModified, description, url) VALUES ("10427ebe-3761-438b-bed1-15004c0ec598",null,null,"png","Sahana",20171206,"null","C:\xampp\htdocs\DevDatabase\testdir\hello.png");
INSERT INTO ParentChild (pid, cid) VALUES ("b36a6174-5b02-4623-a1ea-f45d4e1d7dc6","10427ebe-3761-438b-bed1-15004c0ec598");
INSERT INTO ChildType (cid, type) VALUES ("10427ebe-3761-438b-bed1-15004c0ec598","Image");
INSERT INTO Documents (guid, docFormat, author, dateModified, description, url) VALUES ("7027e372-0f65-4226-bf6a-878232ed9720","txt","Sahana",20171206,"null","C:\xampp\htdocs\DevDatabase\testdir\hello.txt");
INSERT INTO ParentChild (pid, cid) VALUES ("b36a6174-5b02-4623-a1ea-f45d4e1d7dc6","7027e372-0f65-4226-bf6a-878232ed9720");
INSERT INTO ChildType (cid, type) VALUES ("7027e372-0f65-4226-bf6a-878232ed9720","Document");
INSERT INTO Audio (guid, runningTime, format, author, dateModified, description, url) VALUES ("0a660c7f-eab4-4d3c-8641-efc836178f8a",null,"wav","Sahana",20171206,"null","C:\xampp\htdocs\DevDatabase\testdir\hello.wav");
INSERT INTO ParentChild (pid, cid) VALUES ("b36a6174-5b02-4623-a1ea-f45d4e1d7dc6","0a660c7f-eab4-4d3c-8641-efc836178f8a");
INSERT INTO ChildType (cid, type) VALUES ("0a660c7f-eab4-4d3c-8641-efc836178f8a","Audio");
INSERT INTO Documents (guid, docFormat, author, dateModified, description, url) VALUES ("f3e6b9f1-d2f3-452f-b26b-92e3e0cc58d8","html","Sahana",20171206,"null","C:\xampp\htdocs\DevDatabase\testdir\hello1.html");
INSERT INTO ParentChild (pid, cid) VALUES ("b36a6174-5b02-4623-a1ea-f45d4e1d7dc6","f3e6b9f1-d2f3-452f-b26b-92e3e0cc58d8");
INSERT INTO ChildType (cid, type) VALUES ("f3e6b9f1-d2f3-452f-b26b-92e3e0cc58d8","Document");
INSERT INTO Audio (guid, runningTime, format, author, dateModified, description, url) VALUES ("a38adb08-d6f2-4a94-808a-ebab25c366f9",null,"mp3","Sahana",20171206,"null","C:\xampp\htdocs\DevDatabase\testdir\hello1.mp3");
INSERT INTO ParentChild (pid, cid) VALUES ("b36a6174-5b02-4623-a1ea-f45d4e1d7dc6","a38adb08-d6f2-4a94-808a-ebab25c366f9");
INSERT INTO ChildType (cid, type) VALUES ("a38adb08-d6f2-4a94-808a-ebab25c366f9","Audio");
INSERT INTO ParentChild (pid, cid) VALUES ("b36a6174-5b02-4623-a1ea-f45d4e1d7dc6","5b99b805-2e34-40ad-9607-7a54b7ce7242");
INSERT INTO ChildType (cid, type) VALUES ("5b99b805-2e34-40ad-9607-7a54b7ce7242","Directory");
INSERT INTO ParentTitle (pid, title) VALUES ("1f19c339-0a1b-43e1-8d32-1e05f435fbbb","C:\xampp\htdocs\DevDatabase\testdir\test2");
INSERT INTO Documents (guid, docFormat, author, dateModified, description, url) VALUES ("284c03ed-1aff-4ffc-892e-5639b74c60b7","doc","Sahana",20171206,"null","C:\xampp\htdocs\DevDatabase\testdir\test2\hello2.doc");
INSERT INTO ParentChild (pid, cid) VALUES ("1f19c339-0a1b-43e1-8d32-1e05f435fbbb","284c03ed-1aff-4ffc-892e-5639b74c60b7");
INSERT INTO ChildType (cid, type) VALUES ("284c03ed-1aff-4ffc-892e-5639b74c60b7","Document");
INSERT INTO Images (guid, imageWidth, imageHeight, format, author, dateModified, description, url) VALUES ("d4df5dc3-a199-4385-b78d-e32670711b23",null,null,"gif","Sahana",20171206,"null","C:\xampp\htdocs\DevDatabase\testdir\test2\hello2.gif");
INSERT INTO ParentChild (pid, cid) VALUES ("1f19c339-0a1b-43e1-8d32-1e05f435fbbb","d4df5dc3-a199-4385-b78d-e32670711b23");
INSERT INTO ChildType (cid, type) VALUES ("d4df5dc3-a199-4385-b78d-e32670711b23","Image");
INSERT INTO Documents (guid, docFormat, author, dateModified, description, url) VALUES ("cf034a2c-6628-4e2b-87bc-d3c82859b6e2","html","Sahana",20171206,"null","C:\xampp\htdocs\DevDatabase\testdir\test2\hello2.html");
INSERT INTO ParentChild (pid, cid) VALUES ("1f19c339-0a1b-43e1-8d32-1e05f435fbbb","cf034a2c-6628-4e2b-87bc-d3c82859b6e2");
INSERT INTO ChildType (cid, type) VALUES ("cf034a2c-6628-4e2b-87bc-d3c82859b6e2","Document");
INSERT INTO Documents (guid, docFormat, author, dateModified, description, url) VALUES ("79e100a3-722e-404d-9ebe-696215649152","txt","Sahana",20171206,"null","C:\xampp\htdocs\DevDatabase\testdir\test2\hello2.txt");
INSERT INTO ParentChild (pid, cid) VALUES ("1f19c339-0a1b-43e1-8d32-1e05f435fbbb","79e100a3-722e-404d-9ebe-696215649152");
INSERT INTO ChildType (cid, type) VALUES ("79e100a3-722e-404d-9ebe-696215649152","Document");
INSERT INTO ParentTitle (pid, title) VALUES ("60a51b24-f04e-41a3-82db-a9134e353cdd","C:\xampp\htdocs\DevDatabase\testdir");
INSERT INTO Images (guid, imageWidth, imageHeight, format, author, dateModified, description, url) VALUES ("e6a1e94d-acba-4710-9b76-b615dafcfb59",null,null,"png","Sahana",20171206,"null","C:\xampp\htdocs\DevDatabase\testdir\hello.png");
INSERT INTO ParentChild (pid, cid) VALUES ("60a51b24-f04e-41a3-82db-a9134e353cdd","e6a1e94d-acba-4710-9b76-b615dafcfb59");
INSERT INTO ChildType (cid, type) VALUES ("e6a1e94d-acba-4710-9b76-b615dafcfb59","Image");
INSERT INTO Documents (guid, docFormat, author, dateModified, description, url) VALUES ("bdc14100-0f92-497d-849f-1a33a54c56f4","txt","Sahana",20171206,"null","C:\xampp\htdocs\DevDatabase\testdir\hello.txt");
INSERT INTO ParentChild (pid, cid) VALUES ("60a51b24-f04e-41a3-82db-a9134e353cdd","bdc14100-0f92-497d-849f-1a33a54c56f4");
INSERT INTO ChildType (cid, type) VALUES ("bdc14100-0f92-497d-849f-1a33a54c56f4","Document");
INSERT INTO Audio (guid, runningTime, format, author, dateModified, description, url) VALUES ("7e38a6d7-cb80-456b-82c6-13d1f8c7e4f6",null,"wav","Sahana",20171206,"null","C:\xampp\htdocs\DevDatabase\testdir\hello.wav");
INSERT INTO ParentChild (pid, cid) VALUES ("60a51b24-f04e-41a3-82db-a9134e353cdd","7e38a6d7-cb80-456b-82c6-13d1f8c7e4f6");
INSERT INTO ChildType (cid, type) VALUES ("7e38a6d7-cb80-456b-82c6-13d1f8c7e4f6","Audio");
INSERT INTO Documents (guid, docFormat, author, dateModified, description, url) VALUES ("9776c3f4-4f8f-4adb-9949-73b5b9b0fb9a","html","Sahana",20171206,"null","C:\xampp\htdocs\DevDatabase\testdir\hello1.html");
INSERT INTO ParentChild (pid, cid) VALUES ("60a51b24-f04e-41a3-82db-a9134e353cdd","9776c3f4-4f8f-4adb-9949-73b5b9b0fb9a");
INSERT INTO ChildType (cid, type) VALUES ("9776c3f4-4f8f-4adb-9949-73b5b9b0fb9a","Document");
INSERT INTO Audio (guid, runningTime, format, author, dateModified, description, url) VALUES ("01e50cc3-c9d4-49cf-8aac-d82096c32f2d",null,"mp3","Sahana",20171206,"null","C:\xampp\htdocs\DevDatabase\testdir\hello1.mp3");
INSERT INTO ParentChild (pid, cid) VALUES ("60a51b24-f04e-41a3-82db-a9134e353cdd","01e50cc3-c9d4-49cf-8aac-d82096c32f2d");
INSERT INTO ChildType (cid, type) VALUES ("01e50cc3-c9d4-49cf-8aac-d82096c32f2d","Audio");
INSERT INTO ParentChild (pid, cid) VALUES ("60a51b24-f04e-41a3-82db-a9134e353cdd","4d6da09c-a9a5-4400-b947-2e2408f02fb1");
INSERT INTO ChildType (cid, type) VALUES ("4d6da09c-a9a5-4400-b947-2e2408f02fb1","Directory");
INSERT INTO ParentTitle (pid, title) VALUES ("0e704fb5-6ccf-4821-b8a9-5f747ee73efe","C:\xampp\htdocs\DevDatabase\testdir\test2");
INSERT INTO Documents (guid, docFormat, author, dateModified, description, url) VALUES ("baf99e59-ca03-443b-8d3c-31c72065c5f4","doc","Sahana",20171206,"null","C:\xampp\htdocs\DevDatabase\testdir\test2\hello2.doc");
INSERT INTO ParentChild (pid, cid) VALUES ("0e704fb5-6ccf-4821-b8a9-5f747ee73efe","baf99e59-ca03-443b-8d3c-31c72065c5f4");
INSERT INTO ChildType (cid, type) VALUES ("baf99e59-ca03-443b-8d3c-31c72065c5f4","Document");
INSERT INTO Images (guid, imageWidth, imageHeight, format, author, dateModified, description, url) VALUES ("5a1a71ed-d329-48db-b4e4-1ae4bed80a6b",null,null,"gif","Sahana",20171206,"null","C:\xampp\htdocs\DevDatabase\testdir\test2\hello2.gif");
INSERT INTO ParentChild (pid, cid) VALUES ("0e704fb5-6ccf-4821-b8a9-5f747ee73efe","5a1a71ed-d329-48db-b4e4-1ae4bed80a6b");
INSERT INTO ChildType (cid, type) VALUES ("5a1a71ed-d329-48db-b4e4-1ae4bed80a6b","Image");
INSERT INTO Documents (guid, docFormat, author, dateModified, description, url) VALUES ("df2282b0-160b-4fc2-9521-ac52bea81ab5","html","Sahana",20171206,"null","C:\xampp\htdocs\DevDatabase\testdir\test2\hello2.html");
INSERT INTO ParentChild (pid, cid) VALUES ("0e704fb5-6ccf-4821-b8a9-5f747ee73efe","df2282b0-160b-4fc2-9521-ac52bea81ab5");
INSERT INTO ChildType (cid, type) VALUES ("df2282b0-160b-4fc2-9521-ac52bea81ab5","Document");
INSERT INTO Documents (guid, docFormat, author, dateModified, description, url) VALUES ("d73b451e-0aa7-4156-9874-c10c3ea30d3a","txt","Sahana",20171206,"null","C:\xampp\htdocs\DevDatabase\testdir\test2\hello2.txt");
INSERT INTO ParentChild (pid, cid) VALUES ("0e704fb5-6ccf-4821-b8a9-5f747ee73efe","d73b451e-0aa7-4156-9874-c10c3ea30d3a");
INSERT INTO ChildType (cid, type) VALUES ("d73b451e-0aa7-4156-9874-c10c3ea30d3a","Document");