INSERT INTO ParentTitle (pid, title) VALUES ("14adb948-6851-4e9c-8538-2a3e55912201","testdir");
INSERT INTO Images (guid, imageWidth, imageHeight, format, author, dateModified, description, url) VALUES ("fdeb0121-3610-4c8c-8b23-07feb96ceced",null,null,"png","Sahana",20171206,"hello.png","./testdir\hello.png");
INSERT INTO ParentChild (pid, cid) VALUES ("14adb948-6851-4e9c-8538-2a3e55912201","fdeb0121-3610-4c8c-8b23-07feb96ceced");
INSERT INTO ChildType (cid, type) VALUES ("fdeb0121-3610-4c8c-8b23-07feb96ceced","images");
INSERT INTO Documents (guid, docFormat, author, dateModified, description, url) VALUES ("8c3eabde-e4e8-411d-a568-ccca548a5e4a","txt","Sahana",20171206,"hello.txt","./testdir\hello.txt");
INSERT INTO ParentChild (pid, cid) VALUES ("14adb948-6851-4e9c-8538-2a3e55912201","8c3eabde-e4e8-411d-a568-ccca548a5e4a");
INSERT INTO ChildType (cid, type) VALUES ("8c3eabde-e4e8-411d-a568-ccca548a5e4a","documents");
INSERT INTO Audio (guid, runningTime, format, author, dateModified, description, url) VALUES ("ca9deeee-e373-4133-a274-9e4524e834e6",null,"wav","Sahana",20171206,"hello.wav","./testdir\hello.wav");
INSERT INTO ParentChild (pid, cid) VALUES ("14adb948-6851-4e9c-8538-2a3e55912201","ca9deeee-e373-4133-a274-9e4524e834e6");
INSERT INTO ChildType (cid, type) VALUES ("ca9deeee-e373-4133-a274-9e4524e834e6","audio");
INSERT INTO Documents (guid, docFormat, author, dateModified, description, url) VALUES ("dc0fc3d8-87d7-4755-a27b-bd8ab28ca6da","html","Sahana",20171206,"hello1.html","./testdir\hello1.html");
INSERT INTO ParentChild (pid, cid) VALUES ("14adb948-6851-4e9c-8538-2a3e55912201","dc0fc3d8-87d7-4755-a27b-bd8ab28ca6da");
INSERT INTO ChildType (cid, type) VALUES ("dc0fc3d8-87d7-4755-a27b-bd8ab28ca6da","documents");
INSERT INTO Audio (guid, runningTime, format, author, dateModified, description, url) VALUES ("148e5510-2eec-44e9-88bd-d4dd8ccd977c",null,"mp3","Sahana",20171206,"hello1.mp3","./testdir\hello1.mp3");
INSERT INTO ParentChild (pid, cid) VALUES ("14adb948-6851-4e9c-8538-2a3e55912201","148e5510-2eec-44e9-88bd-d4dd8ccd977c");
INSERT INTO ChildType (cid, type) VALUES ("148e5510-2eec-44e9-88bd-d4dd8ccd977c","audio");
INSERT INTO ParentChild (pid, cid) VALUES ("14adb948-6851-4e9c-8538-2a3e55912201","3f37c3b5-da46-4794-989d-c6a4916e108e");
INSERT INTO ChildType (cid, type) VALUES ("3f37c3b5-da46-4794-989d-c6a4916e108e","Directory");
INSERT INTO ParentTitle (pid, title) VALUES ("b48db3c9-7741-436d-a051-344ffecbea33","testdir\test2");
INSERT INTO Documents (guid, docFormat, author, dateModified, description, url) VALUES ("0cb55853-8373-4110-a3bc-770e98adf888","doc","Sahana",20171206,"hello2.doc","./testdir\test2\hello2.doc");
INSERT INTO ParentChild (pid, cid) VALUES ("b48db3c9-7741-436d-a051-344ffecbea33","0cb55853-8373-4110-a3bc-770e98adf888");
INSERT INTO ChildType (cid, type) VALUES ("0cb55853-8373-4110-a3bc-770e98adf888","documents");
INSERT INTO Images (guid, imageWidth, imageHeight, format, author, dateModified, description, url) VALUES ("58e39e41-3e20-463d-a937-d7cc25daef75",null,null,"gif","Sahana",20171206,"hello2.gif","./testdir\test2\hello2.gif");
INSERT INTO ParentChild (pid, cid) VALUES ("b48db3c9-7741-436d-a051-344ffecbea33","58e39e41-3e20-463d-a937-d7cc25daef75");
INSERT INTO ChildType (cid, type) VALUES ("58e39e41-3e20-463d-a937-d7cc25daef75","images");
INSERT INTO Documents (guid, docFormat, author, dateModified, description, url) VALUES ("6676535e-ceca-4e70-a2db-ef2451f56b41","html","Sahana",20171206,"hello2.html","./testdir\test2\hello2.html");
INSERT INTO ParentChild (pid, cid) VALUES ("b48db3c9-7741-436d-a051-344ffecbea33","6676535e-ceca-4e70-a2db-ef2451f56b41");
INSERT INTO ChildType (cid, type) VALUES ("6676535e-ceca-4e70-a2db-ef2451f56b41","documents");
INSERT INTO Documents (guid, docFormat, author, dateModified, description, url) VALUES ("59266794-bd5c-4f0b-9565-923bd24e7bc2","txt","Sahana",20171206,"hello2.txt","./testdir\test2\hello2.txt");
INSERT INTO ParentChild (pid, cid) VALUES ("b48db3c9-7741-436d-a051-344ffecbea33","59266794-bd5c-4f0b-9565-923bd24e7bc2");
INSERT INTO ChildType (cid, type) VALUES ("59266794-bd5c-4f0b-9565-923bd24e7bc2","documents");
