INSERT INTO ParentTitle (pid, title) VALUES ("56fd6c72-4629-4b6b-bda8-73d63e64eeb4","TechCrunch Pages");
INSERT INTO Documents (guid, docFormat, author, dateModified, description, url) VALUES ("56fd6c72-4629-4b6b-bda8-73d63e64eeb4","html","TechCrunch",20171205,"TechCrunch homepage","https://techcrunch.com/");
INSERT INTO Documents (guid, docFormat, author, dateModified, description, url) VALUES ("1bc9f2c5-c11f-4bed-902f-8095123b1c34","html","Pranav Deshpande",20171205,"


Why America could miss out big time on
by Pranav Deshpande

","https://techcrunch.com/2017/12/05/why-america-could-miss-out-big-time-on-indias-fintech-revolution/");
INSERT INTO ParentChild (pid, cid) VALUES ("56fd6c72-4629-4b6b-bda8-73d63e64eeb4","1bc9f2c5-c11f-4bed-902f-8095123b1c34");
INSERT INTO ChildType (cid, type) VALUES ("1bc9f2c5-c11f-4bed-902f-8095123b1c34","Document");
INSERT INTO Documents (guid, docFormat, author, dateModified, description, url) VALUES ("f97e0c6f-6476-458e-a664-4dab3a0b7a7b","html","Brian Heater",20171205,"


The Snapdragon 845 is Qualcomm’s next
by Brian Heater

","https://techcrunch.com/2017/12/05/the-snapdragon-845-is-qualcomms-next-flagship-processor/");
INSERT INTO ParentChild (pid, cid) VALUES ("56fd6c72-4629-4b6b-bda8-73d63e64eeb4","f97e0c6f-6476-458e-a664-4dab3a0b7a7b");
INSERT INTO ChildType (cid, type) VALUES ("f97e0c6f-6476-458e-a664-4dab3a0b7a7b","Document");
INSERT INTO Documents (guid, docFormat, author, dateModified, description, url) VALUES ("76a91074-4fc0-41bd-a25d-583c6557cad6","html","Brian Heater",20171205,"


Microsoft’s collaborative Whiteboard app is
by Brian Heater

","https://techcrunch.com/2017/12/05/microsofts-collaborative-whiteboard-app-is-now-available-for-windows-10-users/");
INSERT INTO ParentChild (pid, cid) VALUES ("56fd6c72-4629-4b6b-bda8-73d63e64eeb4","76a91074-4fc0-41bd-a25d-583c6557cad6");
INSERT INTO ChildType (cid, type) VALUES ("76a91074-4fc0-41bd-a25d-583c6557cad6","Document");
INSERT INTO Documents (guid, docFormat, author, dateModified, description, url) VALUES ("eb22171e-81d1-4ca7-9de0-1b29d4a929c1","html","Matthew Lynley",20171205,"


Foursquare VP of business development Mike
by Matthew Lynley

","https://techcrunch.com/2017/12/05/foursquare-vp-of-business-development-mike-harkey-has-left-for-google/");
INSERT INTO ParentChild (pid, cid) VALUES ("56fd6c72-4629-4b6b-bda8-73d63e64eeb4","eb22171e-81d1-4ca7-9de0-1b29d4a929c1");
INSERT INTO ChildType (cid, type) VALUES ("eb22171e-81d1-4ca7-9de0-1b29d4a929c1","Document");
INSERT INTO Documents (guid, docFormat, author, dateModified, description, url) VALUES ("d44f5461-edac-4c85-aacb-af7c1558d08f","html","Lucas Matney",20171205,"Microsoft shows off Windows PCs that run on Qualcomm chips","https://techcrunch.com/2017/12/05/microsoft-shows-off-windows-pcs-that-run-on-qualcomm-chips/");
INSERT INTO ParentChild (pid, cid) VALUES ("56fd6c72-4629-4b6b-bda8-73d63e64eeb4","d44f5461-edac-4c85-aacb-af7c1558d08f");
INSERT INTO ChildType (cid, type) VALUES ("d44f5461-edac-4c85-aacb-af7c1558d08f","Document");
INSERT INTO Documents (guid, docFormat, author, dateModified, description, url) VALUES ("64eda8f4-4acb-4943-bc58-fade8b81cc7f","html","Pranav Deshpande",20171205,"Why America could miss out big time on India’s fintech revolution","https://techcrunch.com/2017/12/05/why-america-could-miss-out-big-time-on-indias-fintech-revolution/");
INSERT INTO ParentChild (pid, cid) VALUES ("56fd6c72-4629-4b6b-bda8-73d63e64eeb4","64eda8f4-4acb-4943-bc58-fade8b81cc7f");
INSERT INTO ChildType (cid, type) VALUES ("64eda8f4-4acb-4943-bc58-fade8b81cc7f","Document");
INSERT INTO Documents (guid, docFormat, author, dateModified, description, url) VALUES ("626442cf-b764-4fa3-9cd1-f6e52a69aa50","html","Brian Heater",20171205,"The Snapdragon 845 is Qualcomm’s next flagship processor","https://techcrunch.com/2017/12/05/the-snapdragon-845-is-qualcomms-next-flagship-processor/");
INSERT INTO ParentChild (pid, cid) VALUES ("56fd6c72-4629-4b6b-bda8-73d63e64eeb4","626442cf-b764-4fa3-9cd1-f6e52a69aa50");
INSERT INTO ChildType (cid, type) VALUES ("626442cf-b764-4fa3-9cd1-f6e52a69aa50","Document");
INSERT INTO Documents (guid, docFormat, author, dateModified, description, url) VALUES ("b76501a4-343d-47f9-86c4-084da26b34ee","html","Brian Heater",20171205,"Microsoft’s collaborative Whiteboard app is now available for Windows 10 users","https://techcrunch.com/2017/12/05/microsofts-collaborative-whiteboard-app-is-now-available-for-windows-10-users/");
INSERT INTO ParentChild (pid, cid) VALUES ("56fd6c72-4629-4b6b-bda8-73d63e64eeb4","b76501a4-343d-47f9-86c4-084da26b34ee");
INSERT INTO ChildType (cid, type) VALUES ("b76501a4-343d-47f9-86c4-084da26b34ee","Document");
INSERT INTO Documents (guid, docFormat, author, dateModified, description, url) VALUES ("981873f1-1b13-4499-87c2-4f1d3a576d4b","html","Matthew Lynley",20171205,"Foursquare VP of business development Mike Harkey has left for Google","https://techcrunch.com/2017/12/05/foursquare-vp-of-business-development-mike-harkey-has-left-for-google/");
INSERT INTO ParentChild (pid, cid) VALUES ("56fd6c72-4629-4b6b-bda8-73d63e64eeb4","981873f1-1b13-4499-87c2-4f1d3a576d4b");
INSERT INTO ChildType (cid, type) VALUES ("981873f1-1b13-4499-87c2-4f1d3a576d4b","Document");
INSERT INTO Documents (guid, docFormat, author, dateModified, description, url) VALUES ("af3fb853-e662-4759-8ac6-4cd038821d0b","html","Danny Crichton",20171205,"Intuit’s ‘rise of the rest’ M&A strategy means large paydays outside the Valley","https://techcrunch.com/2017/12/05/intuits-rise-of-the-rest-ma-strategy-means-large-paydays-outside-the-valley/");
INSERT INTO ParentChild (pid, cid) VALUES ("56fd6c72-4629-4b6b-bda8-73d63e64eeb4","af3fb853-e662-4759-8ac6-4cd038821d0b");
INSERT INTO ChildType (cid, type) VALUES ("af3fb853-e662-4759-8ac6-4cd038821d0b","Document");
INSERT INTO Documents (guid, docFormat, author, dateModified, description, url) VALUES ("7db81fea-cc98-4453-ba1f-a1840f4c94eb","html","Lucas Matney",20171205,"As tbh popularity wanes, Facebook launches ‘Did You Know’ social questionnaire","https://techcrunch.com/2017/12/05/as-tbh-popularity-wanes-facebook-launches-did-you-know-social-questionnaire/");
INSERT INTO ParentChild (pid, cid) VALUES ("56fd6c72-4629-4b6b-bda8-73d63e64eeb4","7db81fea-cc98-4453-ba1f-a1840f4c94eb");
INSERT INTO ChildType (cid, type) VALUES ("7db81fea-cc98-4453-ba1f-a1840f4c94eb","Document");
INSERT INTO Documents (guid, docFormat, author, dateModified, description, url) VALUES ("fc8f27d3-8dbe-4432-93c8-3187fb47d486","html","Sarah Perez",20171205,"Apple introduces a new pay-per-install ad product called Search Ads Basic","https://techcrunch.com/2017/12/05/apple-introduces-a-new-pay-per-install-ad-product-called-search-ads-basic/");
INSERT INTO ParentChild (pid, cid) VALUES ("56fd6c72-4629-4b6b-bda8-73d63e64eeb4","fc8f27d3-8dbe-4432-93c8-3187fb47d486");
INSERT INTO ChildType (cid, type) VALUES ("fc8f27d3-8dbe-4432-93c8-3187fb47d486","Document");
INSERT INTO Documents (guid, docFormat, author, dateModified, description, url) VALUES ("856cdb02-3d62-4070-bb04-6e6017f5094a","html","Frederic Lardinois",20171205,"Microsoft launches Windows 10 on ARM, with HP and ASUS promising 20+ hours of battery life","https://techcrunch.com/2017/12/05/windows-10-on-arm-is-here-always-connected-devices/");
INSERT INTO ParentChild (pid, cid) VALUES ("56fd6c72-4629-4b6b-bda8-73d63e64eeb4","856cdb02-3d62-4070-bb04-6e6017f5094a");
INSERT INTO ChildType (cid, type) VALUES ("856cdb02-3d62-4070-bb04-6e6017f5094a","Document");
INSERT INTO Documents (guid, docFormat, author, dateModified, description, url) VALUES ("69c00bfd-6e39-4219-86c8-b64b50635769","html","Sarah Perez",20171205,"Google is pulling YouTube from Echo Show and Fire TV, as feud with Amazon continues","https://techcrunch.com/2017/12/05/google-is-pulling-youtube-from-echo-show-and-fire-tv-as-feud-with-amazon-continues/");
INSERT INTO ParentChild (pid, cid) VALUES ("56fd6c72-4629-4b6b-bda8-73d63e64eeb4","69c00bfd-6e39-4219-86c8-b64b50635769");
INSERT INTO ChildType (cid, type) VALUES ("69c00bfd-6e39-4219-86c8-b64b50635769","Document");
INSERT INTO Documents (guid, docFormat, author, dateModified, description, url) VALUES ("9763f29d-175a-4915-b39d-222b24d5ea80","html","Brian Heater",20171205,"‘Wolverine: The Long Night’ is Marvel’s first scripted podcast","https://techcrunch.com/2017/12/05/wolverine-the-long-night-is-marvels-first-scripted-podcast/");
INSERT INTO ParentChild (pid, cid) VALUES ("56fd6c72-4629-4b6b-bda8-73d63e64eeb4","9763f29d-175a-4915-b39d-222b24d5ea80");
INSERT INTO ChildType (cid, type) VALUES ("9763f29d-175a-4915-b39d-222b24d5ea80","Document");
INSERT INTO Documents (guid, docFormat, author, dateModified, description, url) VALUES ("5c54f539-132b-43d7-9b09-8c747d2926a2","html","Sarah Buhr",20171205,"Mashable laying off 50 people as it refocuses toward tech news after fire sale to Ziff Davis","https://techcrunch.com/2017/12/05/mashable-laying-off-50-people-as-it-refocuses-toward-tech-news-after-fire-sale-to-ziff-davis/");
INSERT INTO ParentChild (pid, cid) VALUES ("56fd6c72-4629-4b6b-bda8-73d63e64eeb4","5c54f539-132b-43d7-9b09-8c747d2926a2");
INSERT INTO ChildType (cid, type) VALUES ("5c54f539-132b-43d7-9b09-8c747d2926a2","Document");
INSERT INTO Documents (guid, docFormat, author, dateModified, description, url) VALUES ("6aa19c7d-e37e-4894-91e9-243904f8683c","html","Megan Rose Dickey",20171205,"Shervin Pishevar takes immediate leave of absence from Hyperloop One and Sherpa Capital","https://techcrunch.com/2017/12/05/shervin-pishevar-takes-immediate-leave-of-absence-from-hyperloop-one-and-sherpa-capital/");
INSERT INTO ParentChild (pid, cid) VALUES ("56fd6c72-4629-4b6b-bda8-73d63e64eeb4","6aa19c7d-e37e-4894-91e9-243904f8683c");
INSERT INTO ChildType (cid, type) VALUES ("6aa19c7d-e37e-4894-91e9-243904f8683c","Document");
INSERT INTO Documents (guid, docFormat, author, dateModified, description, url) VALUES ("e9c806db-330e-4b36-afd4-81f6a6f0823c","html","Matthew Lynley",20171205,"Pinterest integrates deeper with Facebook with a new bot and messenger extension","https://techcrunch.com/2017/12/05/pinterest-integrates-deeper-with-facebook-with-a-new-bot-and-messenger-extension/");
INSERT INTO ParentChild (pid, cid) VALUES ("56fd6c72-4629-4b6b-bda8-73d63e64eeb4","e9c806db-330e-4b36-afd4-81f6a6f0823c");
INSERT INTO ChildType (cid, type) VALUES ("e9c806db-330e-4b36-afd4-81f6a6f0823c","Document");
INSERT INTO Documents (guid, docFormat, author, dateModified, description, url) VALUES ("de48ad56-9af5-4321-8657-25b902bf2e82","html","Darrell Etherington",20171205,"Lyft increases latest funding round by $500M to $1.5B","https://techcrunch.com/2017/12/05/lyft-increases-latest-funding-round-by-500m-to-1-5b/");
INSERT INTO ParentChild (pid, cid) VALUES ("56fd6c72-4629-4b6b-bda8-73d63e64eeb4","de48ad56-9af5-4321-8657-25b902bf2e82");
INSERT INTO ChildType (cid, type) VALUES ("de48ad56-9af5-4321-8657-25b902bf2e82","Document");
INSERT INTO Documents (guid, docFormat, author, dateModified, description, url) VALUES ("a13344f8-493a-4308-be31-86abd7810bbb","html","Steve O'Hear",20171205,"Rico-owned Henchman acquires Jinn’s app, will rebrand to ‘new on-demand concierge’ early next year","https://techcrunch.com/2017/12/05/jinn-henchman/");
INSERT INTO ParentChild (pid, cid) VALUES ("56fd6c72-4629-4b6b-bda8-73d63e64eeb4","a13344f8-493a-4308-be31-86abd7810bbb");
INSERT INTO ChildType (cid, type) VALUES ("a13344f8-493a-4308-be31-86abd7810bbb","Document");
INSERT INTO Documents (guid, docFormat, author, dateModified, description, url) VALUES ("876a480f-ea06-41fa-b8aa-5f439be0ad37","html","Brian Heater",20171205,"Apple buys podcast search startup Pop Up Archive","https://techcrunch.com/2017/12/05/apple-buys-podcast-search-startup-pop-up-archive/");
INSERT INTO ParentChild (pid, cid) VALUES ("56fd6c72-4629-4b6b-bda8-73d63e64eeb4","876a480f-ea06-41fa-b8aa-5f439be0ad37");
INSERT INTO ChildType (cid, type) VALUES ("876a480f-ea06-41fa-b8aa-5f439be0ad37","Document");
INSERT INTO Documents (guid, docFormat, author, dateModified, description, url) VALUES ("afc853f3-3cf6-4744-9bf7-3c5909d3837a","html","Ron Miller",20171205,"Pivotal has something for everyone in the latest Cloud Foundry Platform release","https://techcrunch.com/2017/12/05/pivotal-has-something-for-everyone-in-the-latest-cloud-foundry-platform-release/");
INSERT INTO ParentChild (pid, cid) VALUES ("56fd6c72-4629-4b6b-bda8-73d63e64eeb4","afc853f3-3cf6-4744-9bf7-3c5909d3837a");
INSERT INTO ChildType (cid, type) VALUES ("afc853f3-3cf6-4744-9bf7-3c5909d3837a","Document");
INSERT INTO Documents (guid, docFormat, author, dateModified, description, url) VALUES ("96cd52d3-a941-4bf9-99b8-dfb604ba7377","html","Anthony Ha",20171205,"Amagi launches its cloud-based TV delivery platform in the U.S.","https://techcrunch.com/2017/12/05/amagi-launches-its-cloud-based-tv-delivery-platform-in-the-u-s/");
INSERT INTO ParentChild (pid, cid) VALUES ("56fd6c72-4629-4b6b-bda8-73d63e64eeb4","96cd52d3-a941-4bf9-99b8-dfb604ba7377");
INSERT INTO ChildType (cid, type) VALUES ("96cd52d3-a941-4bf9-99b8-dfb604ba7377","Document");
INSERT INTO Documents (guid, docFormat, author, dateModified, description, url) VALUES ("e2725969-b432-464d-ab59-9c3f5a12624d","html","Josh Constine",20171205,"Watch Ultrahaptics use ultrasound to let you feel imaginary objects","https://techcrunch.com/2017/12/05/ultrahaptics/");
INSERT INTO ParentChild (pid, cid) VALUES ("56fd6c72-4629-4b6b-bda8-73d63e64eeb4","e2725969-b432-464d-ab59-9c3f5a12624d");
INSERT INTO ChildType (cid, type) VALUES ("e2725969-b432-464d-ab59-9c3f5a12624d","Document");
INSERT INTO Documents (guid, docFormat, author, dateModified, description, url) VALUES ("3aeb461c-bff6-45f4-ab7a-00933e871e4c","html","Lucas Matney",20171205,"

								Microsoft shows off Windows PCs that run on Qualcomm chips							

								5 hours ago by Lucas Matney							
","https://techcrunch.com/2017/12/05/microsoft-shows-off-windows-pcs-that-run-on-qualcomm-chips/?ncid=mobilenavtrend");
INSERT INTO ParentChild (pid, cid) VALUES ("56fd6c72-4629-4b6b-bda8-73d63e64eeb4","3aeb461c-bff6-45f4-ab7a-00933e871e4c");
INSERT INTO ChildType (cid, type) VALUES ("3aeb461c-bff6-45f4-ab7a-00933e871e4c","Document");
INSERT INTO Documents (guid, docFormat, author, dateModified, description, url) VALUES ("0f20a026-35bb-4f95-bb34-92293df54e83","html","Pranav Deshpande",20171205,"

								Why America could miss out big time on India’s fintech revolution							

								5 hours ago by Pranav Deshpande							
","https://techcrunch.com/2017/12/05/why-america-could-miss-out-big-time-on-indias-fintech-revolution/?ncid=mobilenavtrend");
INSERT INTO ParentChild (pid, cid) VALUES ("56fd6c72-4629-4b6b-bda8-73d63e64eeb4","0f20a026-35bb-4f95-bb34-92293df54e83");
INSERT INTO ChildType (cid, type) VALUES ("0f20a026-35bb-4f95-bb34-92293df54e83","Document");
INSERT INTO Documents (guid, docFormat, author, dateModified, description, url) VALUES ("e6b08301-0b90-4bbc-b131-091650832415","html","Brian Heater",20171205,"

								The Snapdragon 845 is Qualcomm’s next flagship processor							

								6 hours ago by Brian Heater							
","https://techcrunch.com/2017/12/05/the-snapdragon-845-is-qualcomms-next-flagship-processor/?ncid=mobilenavtrend");
INSERT INTO ParentChild (pid, cid) VALUES ("56fd6c72-4629-4b6b-bda8-73d63e64eeb4","e6b08301-0b90-4bbc-b131-091650832415");
INSERT INTO ChildType (cid, type) VALUES ("e6b08301-0b90-4bbc-b131-091650832415","Document");
INSERT INTO Documents (guid, docFormat, author, dateModified, description, url) VALUES ("a6a80bb8-a905-4b00-87a8-9c22a90edee2","html","Brian Heater",20171205,"

								Microsoft’s collaborative Whiteboard app is now available for Windows 10 users							

								6 hours ago by Brian Heater							
","https://techcrunch.com/2017/12/05/microsofts-collaborative-whiteboard-app-is-now-available-for-windows-10-users/?ncid=mobilenavtrend");
INSERT INTO ParentChild (pid, cid) VALUES ("56fd6c72-4629-4b6b-bda8-73d63e64eeb4","a6a80bb8-a905-4b00-87a8-9c22a90edee2");
INSERT INTO ChildType (cid, type) VALUES ("a6a80bb8-a905-4b00-87a8-9c22a90edee2","Document");
INSERT INTO Documents (guid, docFormat, author, dateModified, description, url) VALUES ("80827a92-c6d1-40d3-848d-b285ab746e28","html","Matthew Lynley",20171205,"

								Foursquare VP of business development Mike Harkey has left for Google							

								7 hours ago by Matthew Lynley							
","https://techcrunch.com/2017/12/05/foursquare-vp-of-business-development-mike-harkey-has-left-for-google/?ncid=mobilenavtrend");
INSERT INTO ParentChild (pid, cid) VALUES ("56fd6c72-4629-4b6b-bda8-73d63e64eeb4","80827a92-c6d1-40d3-848d-b285ab746e28");
INSERT INTO ChildType (cid, type) VALUES ("80827a92-c6d1-40d3-848d-b285ab746e28","Document");
INSERT INTO Documents (guid, docFormat, author, dateModified, description, url) VALUES ("4361a0ef-2d95-4256-8d9f-054654b77fc3","html","Danny Crichton",20171205,"

								Intuit’s ‘rise of the rest’ M&A strategy means large paydays outside the Valley							

								7 hours ago by Danny Crichton							
","https://techcrunch.com/2017/12/05/intuits-rise-of-the-rest-ma-strategy-means-large-paydays-outside-the-valley/?ncid=mobilenavtrend");
INSERT INTO ParentChild (pid, cid) VALUES ("56fd6c72-4629-4b6b-bda8-73d63e64eeb4","4361a0ef-2d95-4256-8d9f-054654b77fc3");
INSERT INTO ChildType (cid, type) VALUES ("4361a0ef-2d95-4256-8d9f-054654b77fc3","Document");
INSERT INTO Documents (guid, docFormat, author, dateModified, description, url) VALUES ("6bd0227a-76ce-4110-9976-1a06e4d114d1","html","Lucas Matney",20171205,"

								As tbh popularity wanes, Facebook launches ‘Did You Know’ social questionnaire							

								8 hours ago by Lucas Matney							
","https://techcrunch.com/2017/12/05/as-tbh-popularity-wanes-facebook-launches-did-you-know-social-questionnaire/?ncid=mobilenavtrend");
INSERT INTO ParentChild (pid, cid) VALUES ("56fd6c72-4629-4b6b-bda8-73d63e64eeb4","6bd0227a-76ce-4110-9976-1a06e4d114d1");
INSERT INTO ChildType (cid, type) VALUES ("6bd0227a-76ce-4110-9976-1a06e4d114d1","Document");
INSERT INTO Documents (guid, docFormat, author, dateModified, description, url) VALUES ("012fce80-3f5f-46e1-93f2-ce67fc4957e4","html","Sarah Perez",20171205,"

								Apple introduces a new pay-per-install ad product called Search Ads Basic							

								8 hours ago by Sarah Perez							
","https://techcrunch.com/2017/12/05/apple-introduces-a-new-pay-per-install-ad-product-called-search-ads-basic/?ncid=mobilenavtrend");
INSERT INTO ParentChild (pid, cid) VALUES ("56fd6c72-4629-4b6b-bda8-73d63e64eeb4","012fce80-3f5f-46e1-93f2-ce67fc4957e4");
INSERT INTO ChildType (cid, type) VALUES ("012fce80-3f5f-46e1-93f2-ce67fc4957e4","Document");
INSERT INTO Documents (guid, docFormat, author, dateModified, description, url) VALUES ("95763c75-693f-486e-99fc-25489aed6a28","html","Frederic Lardinois",20171205,"

								Microsoft launches Windows 10 on ARM, with HP and ASUS promising 20+ hours of battery life							

								8 hours ago by Frederic Lardinois							
","https://techcrunch.com/2017/12/05/windows-10-on-arm-is-here-always-connected-devices/?ncid=mobilenavtrend");
INSERT INTO ParentChild (pid, cid) VALUES ("56fd6c72-4629-4b6b-bda8-73d63e64eeb4","95763c75-693f-486e-99fc-25489aed6a28");
INSERT INTO ChildType (cid, type) VALUES ("95763c75-693f-486e-99fc-25489aed6a28","Document");
INSERT INTO Documents (guid, docFormat, author, dateModified, description, url) VALUES ("36ac7966-cf96-4a01-a760-ade5ba5ce98a","html","Sarah Perez",20171205,"

								Google is pulling YouTube from Echo Show and Fire TV, as feud with Amazon continues							

								9 hours ago by Sarah Perez							
","https://techcrunch.com/2017/12/05/google-is-pulling-youtube-from-echo-show-and-fire-tv-as-feud-with-amazon-continues/?ncid=mobilenavtrend");
INSERT INTO ParentChild (pid, cid) VALUES ("56fd6c72-4629-4b6b-bda8-73d63e64eeb4","36ac7966-cf96-4a01-a760-ade5ba5ce98a");
INSERT INTO ChildType (cid, type) VALUES ("36ac7966-cf96-4a01-a760-ade5ba5ce98a","Document");
