INSERT INTO ParentTitle (pid, title) VALUES ("8e4b59bf-6fcb-492d-8975-231aaef2baec","TechCrunch Pages");
INSERT INTO Documents (guid, docFormat, author, dateModified, description, url) VALUES ("8e4b59bf-6fcb-492d-8975-231aaef2baec","html","TechCrunch",20171207,"TechCrunch homepage","https://techcrunch.com/");
INSERT INTO Documents (guid, docFormat, author, dateModified, description, url) VALUES ("b051d54b-bb2c-4500-b634-b237f4fb0ec9","html","Catherine Shu",20171207,"
 
Patreon's fee changes spur creator concerns
by Catherine Shu

","https://techcrunch.com/2017/12/07/patreons-new-service-fee-spurs-concern-that-creators-will-lose-patrons/");
INSERT INTO ParentChild (pid, cid) VALUES ("8e4b59bf-6fcb-492d-8975-231aaef2baec","b051d54b-bb2c-4500-b634-b237f4fb0ec9");
INSERT INTO ChildType (cid, type) VALUES ("b051d54b-bb2c-4500-b634-b237f4fb0ec9","documents");
INSERT INTO Documents (guid, docFormat, author, dateModified, description, url) VALUES ("eadbdeb2-ba19-469c-9d3f-2b8d26be99d4","html","Jon Russell",20171206,"
 
Bitcoin mining site NiceHash hacked
by Jon Russell

","https://techcrunch.com/2017/12/06/nicehash-hack/");
INSERT INTO ParentChild (pid, cid) VALUES ("8e4b59bf-6fcb-492d-8975-231aaef2baec","eadbdeb2-ba19-469c-9d3f-2b8d26be99d4");
INSERT INTO ChildType (cid, type) VALUES ("eadbdeb2-ba19-469c-9d3f-2b8d26be99d4","documents");
INSERT INTO Documents (guid, docFormat, author, dateModified, description, url) VALUES ("4b2baa15-6f46-47cc-9db5-1b09657e172f","html","Brian Heater",20171206,"
 
Qualcomm Snapdragon 845 focuses on AI, VR
by Brian Heater

","https://techcrunch.com/2017/12/06/qualcomms-snapdragon-845-focuses-on-ai-vr-and-battery-life/");
INSERT INTO ParentChild (pid, cid) VALUES ("8e4b59bf-6fcb-492d-8975-231aaef2baec","4b2baa15-6f46-47cc-9db5-1b09657e172f");
INSERT INTO ChildType (cid, type) VALUES ("4b2baa15-6f46-47cc-9db5-1b09657e172f","documents");
INSERT INTO Documents (guid, docFormat, author, dateModified, description, url) VALUES ("3159fc62-72d2-4e32-ade2-57125c1f3460","html","Danny Crichton",20171206,"
 
The Valley confronts rising internet tyranny
by Danny Crichton

","https://techcrunch.com/2017/12/06/as-cook-and-pichai-leave-china-valley-confronts-rising-internet-tyranny-in-worlds-second-largest-market/");
INSERT INTO ParentChild (pid, cid) VALUES ("8e4b59bf-6fcb-492d-8975-231aaef2baec","3159fc62-72d2-4e32-ade2-57125c1f3460");
INSERT INTO ChildType (cid, type) VALUES ("3159fc62-72d2-4e32-ade2-57125c1f3460","documents");
INSERT INTO Documents (guid, docFormat, author, dateModified, description, url) VALUES ("1d3a1e96-64e4-4dbc-8a73-4ae334d75e28","html","Ron Miller",20171207,"PullRequest pulls in $2.3M seed round led by Google’s Gradient Ventures","https://techcrunch.com/2017/12/07/pullrequest-pulls-in-2-3m-seed-round-led-by-googles-gradient-ventures/");
INSERT INTO ParentChild (pid, cid) VALUES ("8e4b59bf-6fcb-492d-8975-231aaef2baec","1d3a1e96-64e4-4dbc-8a73-4ae334d75e28");
INSERT INTO ChildType (cid, type) VALUES ("1d3a1e96-64e4-4dbc-8a73-4ae334d75e28","documents");
INSERT INTO Documents (guid, docFormat, author, dateModified, description, url) VALUES ("10f51d20-f591-4f55-9620-a69d22cb5420","html","Ingrid Lunden",20171207,"Compass gets $450M from SoftBank; real estate portal now valued at $2.2B","https://techcrunch.com/2017/12/07/compass-gets-450m-from-softbank-real-estate-portal-now-valued-at-2-2b/");
INSERT INTO ParentChild (pid, cid) VALUES ("8e4b59bf-6fcb-492d-8975-231aaef2baec","10f51d20-f591-4f55-9620-a69d22cb5420");
INSERT INTO ChildType (cid, type) VALUES ("10f51d20-f591-4f55-9620-a69d22cb5420","documents");
INSERT INTO Documents (guid, docFormat, author, dateModified, description, url) VALUES ("bab96c8a-c5ba-4821-b224-7adbd0c3d36b","html","John Biggs",20171207,"Echofin is Slack for financial professionals","https://techcrunch.com/2017/12/07/echofin-is-slack-for-financial-professionals/");
INSERT INTO ParentChild (pid, cid) VALUES ("8e4b59bf-6fcb-492d-8975-231aaef2baec","bab96c8a-c5ba-4821-b224-7adbd0c3d36b");
INSERT INTO ChildType (cid, type) VALUES ("bab96c8a-c5ba-4821-b224-7adbd0c3d36b","documents");
INSERT INTO Documents (guid, docFormat, author, dateModified, description, url) VALUES ("35b8c183-e08d-406a-97c8-7c1d72cad93d","html","Katie Roof",20171207,"Prose raises $5.2 million for custom shampoo","https://techcrunch.com/2017/12/07/prose-raises-5-2-million-for-custom-shampoo/");
INSERT INTO ParentChild (pid, cid) VALUES ("8e4b59bf-6fcb-492d-8975-231aaef2baec","35b8c183-e08d-406a-97c8-7c1d72cad93d");
INSERT INTO ChildType (cid, type) VALUES ("35b8c183-e08d-406a-97c8-7c1d72cad93d","documents");
INSERT INTO Documents (guid, docFormat, author, dateModified, description, url) VALUES ("4e01ea7c-5520-43df-85d8-d69fe52e050d","html","Jonathan Shieber",20171207,"Naspers, Innova Capital invest $82 million more for Movile’s iFood delivery business","https://techcrunch.com/2017/12/07/naspers-innova-capital-invest-82-million-more-for-moviles-ifood-delivery-business/");
INSERT INTO ParentChild (pid, cid) VALUES ("8e4b59bf-6fcb-492d-8975-231aaef2baec","4e01ea7c-5520-43df-85d8-d69fe52e050d");
INSERT INTO ChildType (cid, type) VALUES ("4e01ea7c-5520-43df-85d8-d69fe52e050d","documents");
INSERT INTO Documents (guid, docFormat, author, dateModified, description, url) VALUES ("873ef64b-e2ef-4b5b-be95-af93a179df1b","html","Jon Russell",20171207,"Honda is working with Chinese AI unicorn SenseTime on self-driving car tech","https://techcrunch.com/2017/12/07/honda-sensetime-self-driving-car/");
INSERT INTO ParentChild (pid, cid) VALUES ("8e4b59bf-6fcb-492d-8975-231aaef2baec","873ef64b-e2ef-4b5b-be95-af93a179df1b");
INSERT INTO ChildType (cid, type) VALUES ("873ef64b-e2ef-4b5b-be95-af93a179df1b","documents");
INSERT INTO Documents (guid, docFormat, author, dateModified, description, url) VALUES ("77e50f4b-f448-4a6b-bce7-975ae096c459","html","Catherine Shu",20171207,"Syte.ai’s new API makes visual search accessible to more online fashion retailers","https://techcrunch.com/2017/12/07/syte-ais-new-api-makes-visual-search-accessible-to-more-online-fashion-retailers/");
INSERT INTO ParentChild (pid, cid) VALUES ("8e4b59bf-6fcb-492d-8975-231aaef2baec","77e50f4b-f448-4a6b-bce7-975ae096c459");
INSERT INTO ChildType (cid, type) VALUES ("77e50f4b-f448-4a6b-bce7-975ae096c459","documents");
INSERT INTO Documents (guid, docFormat, author, dateModified, description, url) VALUES ("6123111d-10b5-4a76-bd73-19e3daf0690c","html","Jon Russell",20171207,"Ford recruits Alibaba to help break into China’s electric vehicle industry","https://techcrunch.com/2017/12/07/ford-alibaba-china-partnership/");
INSERT INTO ParentChild (pid, cid) VALUES ("8e4b59bf-6fcb-492d-8975-231aaef2baec","6123111d-10b5-4a76-bd73-19e3daf0690c");
INSERT INTO ChildType (cid, type) VALUES ("6123111d-10b5-4a76-bd73-19e3daf0690c","documents");
INSERT INTO Documents (guid, docFormat, author, dateModified, description, url) VALUES ("db9bd3fd-d753-4525-9d56-ca246387fe7c","html","Steve O'Hear",20171207,"Chattermill raises £600K to use ‘deep learning’ to help companies make sense of customer feedback","https://techcrunch.com/2017/12/07/chattermill/");
INSERT INTO ParentChild (pid, cid) VALUES ("8e4b59bf-6fcb-492d-8975-231aaef2baec","db9bd3fd-d753-4525-9d56-ca246387fe7c");
INSERT INTO ChildType (cid, type) VALUES ("db9bd3fd-d753-4525-9d56-ca246387fe7c","documents");
INSERT INTO Documents (guid, docFormat, author, dateModified, description, url) VALUES ("461c20c7-d32f-45d3-851f-1bdc63a12b20","html","Catherine Shu",20171207,"Patreon’s new service fee spurs concern that creators will lose patrons","https://techcrunch.com/2017/12/07/patreons-new-service-fee-spurs-concern-that-creators-will-lose-patrons/");
INSERT INTO ParentChild (pid, cid) VALUES ("8e4b59bf-6fcb-492d-8975-231aaef2baec","461c20c7-d32f-45d3-851f-1bdc63a12b20");
INSERT INTO ChildType (cid, type) VALUES ("461c20c7-d32f-45d3-851f-1bdc63a12b20","documents");
INSERT INTO Documents (guid, docFormat, author, dateModified, description, url) VALUES ("4fb612aa-d4b7-4c59-8279-6427fa838f8d","html","Jon Russell",20171206,"Facebook co-founder’s B Capital leads $10M investment in Indian payment startup Mswipe","https://techcrunch.com/2017/12/06/b-capital-mswipe/");
INSERT INTO ParentChild (pid, cid) VALUES ("8e4b59bf-6fcb-492d-8975-231aaef2baec","4fb612aa-d4b7-4c59-8279-6427fa838f8d");
INSERT INTO ChildType (cid, type) VALUES ("4fb612aa-d4b7-4c59-8279-6427fa838f8d","documents");
INSERT INTO Documents (guid, docFormat, author, dateModified, description, url) VALUES ("e5b6f4d0-00e6-41ca-860b-5479571a14ee","html","Ingrid Lunden",20171206,"WorldRemit nabs $40M at a $670M valuation to boost its money transfer business","https://techcrunch.com/2017/12/06/worldremit-nabs-40m-at-a-670m-valuation-to-boost-its-money-transfer-business/");
INSERT INTO ParentChild (pid, cid) VALUES ("8e4b59bf-6fcb-492d-8975-231aaef2baec","e5b6f4d0-00e6-41ca-860b-5479571a14ee");
INSERT INTO ChildType (cid, type) VALUES ("e5b6f4d0-00e6-41ca-860b-5479571a14ee","documents");
INSERT INTO Documents (guid, docFormat, author, dateModified, description, url) VALUES ("944b10b7-ea7d-4beb-90fc-af237cfb2c04","html","Jon Russell",20171206,"Bitcoin mining marketplace NiceHash loses tens of millions of dollars following hack","https://techcrunch.com/2017/12/06/nicehash-hack/");
INSERT INTO ParentChild (pid, cid) VALUES ("8e4b59bf-6fcb-492d-8975-231aaef2baec","944b10b7-ea7d-4beb-90fc-af237cfb2c04");
INSERT INTO ChildType (cid, type) VALUES ("944b10b7-ea7d-4beb-90fc-af237cfb2c04","documents");
INSERT INTO Documents (guid, docFormat, author, dateModified, description, url) VALUES ("00bf8071-4808-4355-b42a-70425e94aacd","html","Katie Roof",20171206,"Okta reports earnings, moves headquarters and launches free service for startups","https://techcrunch.com/2017/12/06/okta-reports-earnings-moves-headquarters-and-launches-free-service-for-startups/");
INSERT INTO ParentChild (pid, cid) VALUES ("8e4b59bf-6fcb-492d-8975-231aaef2baec","00bf8071-4808-4355-b42a-70425e94aacd");
INSERT INTO ChildType (cid, type) VALUES ("00bf8071-4808-4355-b42a-70425e94aacd","documents");
INSERT INTO Documents (guid, docFormat, author, dateModified, description, url) VALUES ("4bb8d127-1893-4a74-aae5-b889b3b906cc","html","Brian Heater",20171206,"Qualcomm’s Snapdragon 845 focuses on AI, VR and battery life","https://techcrunch.com/2017/12/06/qualcomms-snapdragon-845-focuses-on-ai-vr-and-battery-life/");
INSERT INTO ParentChild (pid, cid) VALUES ("8e4b59bf-6fcb-492d-8975-231aaef2baec","4bb8d127-1893-4a74-aae5-b889b3b906cc");
INSERT INTO ChildType (cid, type) VALUES ("4bb8d127-1893-4a74-aae5-b889b3b906cc","documents");
INSERT INTO Documents (guid, docFormat, author, dateModified, description, url) VALUES ("97874575-b5d3-4160-8aff-fa0fbb74e288","html","Taylor Hatmaker",20171206,"ProtonMail encrypted mail service adds support for Apple Mail, Outlook and Thunderbird","https://techcrunch.com/2017/12/06/protonmail-adds-apple-mail-outlook-and-thunderbird-smpt-imap/");
INSERT INTO ParentChild (pid, cid) VALUES ("8e4b59bf-6fcb-492d-8975-231aaef2baec","97874575-b5d3-4160-8aff-fa0fbb74e288");
INSERT INTO ChildType (cid, type) VALUES ("97874575-b5d3-4160-8aff-fa0fbb74e288","documents");
INSERT INTO Documents (guid, docFormat, author, dateModified, description, url) VALUES ("b0a5aef3-56a2-4f2b-ad7d-f5f5b966641d","html","Lucas Matney",20171206,"Facebook’s former Oculus Story Studio team isn’t done quite yet","https://techcrunch.com/2017/12/06/facebooks-former-oculus-story-studio-team-isnt-done-quite-yet/");
INSERT INTO ParentChild (pid, cid) VALUES ("8e4b59bf-6fcb-492d-8975-231aaef2baec","b0a5aef3-56a2-4f2b-ad7d-f5f5b966641d");
INSERT INTO ChildType (cid, type) VALUES ("b0a5aef3-56a2-4f2b-ad7d-f5f5b966641d","documents");
INSERT INTO Documents (guid, docFormat, author, dateModified, description, url) VALUES ("b19c8b4a-9d62-469d-9d54-fc772f6881b4","html","Danny Crichton",20171206,"As Cook and Pichai leave China, Valley confronts rising internet tyranny in world’s second largest market","https://techcrunch.com/2017/12/06/as-cook-and-pichai-leave-china-valley-confronts-rising-internet-tyranny-in-worlds-second-largest-market/");
INSERT INTO ParentChild (pid, cid) VALUES ("8e4b59bf-6fcb-492d-8975-231aaef2baec","b19c8b4a-9d62-469d-9d54-fc772f6881b4");
INSERT INTO ChildType (cid, type) VALUES ("b19c8b4a-9d62-469d-9d54-fc772f6881b4","documents");
INSERT INTO Documents (guid, docFormat, author, dateModified, description, url) VALUES ("083f4541-e0b5-4f98-b2cd-e3f0c6c8fc06","html","Taylor Hatmaker",20171206,"New Homeland Security Secretary Kirstjen Nielsen brings her cybersecurity focus to domestic defense","https://techcrunch.com/2017/12/06/kirstjen-nielsen-dhs-secretary-cybersecurity/");
INSERT INTO ParentChild (pid, cid) VALUES ("8e4b59bf-6fcb-492d-8975-231aaef2baec","083f4541-e0b5-4f98-b2cd-e3f0c6c8fc06");
INSERT INTO ChildType (cid, type) VALUES ("083f4541-e0b5-4f98-b2cd-e3f0c6c8fc06","documents");
INSERT INTO Documents (guid, docFormat, author, dateModified, description, url) VALUES ("0be8e4c8-89d5-4b48-97b8-c9208aeddf15","html","Sarah Buhr",20171206,"Leesa mattresses are now in Pottery Barn","https://techcrunch.com/2017/12/06/leesa-mattresses-are-now-in-pottery-barn/");
INSERT INTO ParentChild (pid, cid) VALUES ("8e4b59bf-6fcb-492d-8975-231aaef2baec","0be8e4c8-89d5-4b48-97b8-c9208aeddf15");
INSERT INTO ChildType (cid, type) VALUES ("0be8e4c8-89d5-4b48-97b8-c9208aeddf15","documents");
INSERT INTO Documents (guid, docFormat, author, dateModified, description, url) VALUES ("9dbade4a-5db6-4af1-b7f8-feac03287803","html","Ron Miller",20171207,"

								PullRequest pulls in $2.3M seed round led by Google’s Gradient Ventures							

								10 minutes ago by Ron Miller							
","https://techcrunch.com/2017/12/07/pullrequest-pulls-in-2-3m-seed-round-led-by-googles-gradient-ventures/?ncid=mobilenavtrend");
INSERT INTO ParentChild (pid, cid) VALUES ("8e4b59bf-6fcb-492d-8975-231aaef2baec","9dbade4a-5db6-4af1-b7f8-feac03287803");
INSERT INTO ChildType (cid, type) VALUES ("9dbade4a-5db6-4af1-b7f8-feac03287803","documents");
INSERT INTO Documents (guid, docFormat, author, dateModified, description, url) VALUES ("46936e00-8773-4a6b-a239-fa4e8be598b3","html","Ingrid Lunden",20171207,"

								Compass gets $450M from SoftBank; real estate portal now valued at $2.2B							

								55 minutes ago by Ingrid Lunden							
","https://techcrunch.com/2017/12/07/compass-gets-450m-from-softbank-real-estate-portal-now-valued-at-2-2b/?ncid=mobilenavtrend");
INSERT INTO ParentChild (pid, cid) VALUES ("8e4b59bf-6fcb-492d-8975-231aaef2baec","46936e00-8773-4a6b-a239-fa4e8be598b3");
INSERT INTO ChildType (cid, type) VALUES ("46936e00-8773-4a6b-a239-fa4e8be598b3","documents");
INSERT INTO Documents (guid, docFormat, author, dateModified, description, url) VALUES ("80e5f82d-7b09-4be6-a014-a648fe76de1e","html","John Biggs",20171207,"

								Echofin is Slack for financial professionals							

								1 hour ago by John Biggs							
","https://techcrunch.com/2017/12/07/echofin-is-slack-for-financial-professionals/?ncid=mobilenavtrend");
INSERT INTO ParentChild (pid, cid) VALUES ("8e4b59bf-6fcb-492d-8975-231aaef2baec","80e5f82d-7b09-4be6-a014-a648fe76de1e");
INSERT INTO ChildType (cid, type) VALUES ("80e5f82d-7b09-4be6-a014-a648fe76de1e","documents");
INSERT INTO Documents (guid, docFormat, author, dateModified, description, url) VALUES ("90aa4c8e-9cbd-4943-8aec-7187dc9bfcd7","html","Katie Roof",20171207,"

								Prose raises $5.2 million for custom shampoo							

								2 hours ago by Katie Roof							
","https://techcrunch.com/2017/12/07/prose-raises-5-2-million-for-custom-shampoo/?ncid=mobilenavtrend");
INSERT INTO ParentChild (pid, cid) VALUES ("8e4b59bf-6fcb-492d-8975-231aaef2baec","90aa4c8e-9cbd-4943-8aec-7187dc9bfcd7");
INSERT INTO ChildType (cid, type) VALUES ("90aa4c8e-9cbd-4943-8aec-7187dc9bfcd7","documents");
INSERT INTO Documents (guid, docFormat, author, dateModified, description, url) VALUES ("f5a7a049-da74-4a7f-99a6-36a95499a11d","html","Jonathan Shieber",20171207,"

								Naspers, Innova Capital invest $82 million more for Movile’s iFood delivery business							

								3 hours ago by Jonathan Shieber							
","https://techcrunch.com/2017/12/07/naspers-innova-capital-invest-82-million-more-for-moviles-ifood-delivery-business/?ncid=mobilenavtrend");
INSERT INTO ParentChild (pid, cid) VALUES ("8e4b59bf-6fcb-492d-8975-231aaef2baec","f5a7a049-da74-4a7f-99a6-36a95499a11d");
INSERT INTO ChildType (cid, type) VALUES ("f5a7a049-da74-4a7f-99a6-36a95499a11d","documents");
INSERT INTO Documents (guid, docFormat, author, dateModified, description, url) VALUES ("f93d3379-aa2d-4539-8413-a0b553285d49","html","Jon Russell",20171207,"

								Honda is working with Chinese AI unicorn SenseTime on self-driving car tech							

								3 hours ago by Jon Russell							
","https://techcrunch.com/2017/12/07/honda-sensetime-self-driving-car/?ncid=mobilenavtrend");
INSERT INTO ParentChild (pid, cid) VALUES ("8e4b59bf-6fcb-492d-8975-231aaef2baec","f93d3379-aa2d-4539-8413-a0b553285d49");
INSERT INTO ChildType (cid, type) VALUES ("f93d3379-aa2d-4539-8413-a0b553285d49","documents");
INSERT INTO Documents (guid, docFormat, author, dateModified, description, url) VALUES ("c50de1ae-66ec-44f4-a38d-2094539e844a","html","Catherine Shu",20171207,"

								Syte.ai’s new API makes visual search accessible to more online fashion retailers							

								3 hours ago by Catherine Shu							
","https://techcrunch.com/2017/12/07/syte-ais-new-api-makes-visual-search-accessible-to-more-online-fashion-retailers/?ncid=mobilenavtrend");
INSERT INTO ParentChild (pid, cid) VALUES ("8e4b59bf-6fcb-492d-8975-231aaef2baec","c50de1ae-66ec-44f4-a38d-2094539e844a");
INSERT INTO ChildType (cid, type) VALUES ("c50de1ae-66ec-44f4-a38d-2094539e844a","documents");
INSERT INTO Documents (guid, docFormat, author, dateModified, description, url) VALUES ("ce915d33-4083-49fa-9581-de5c76daf54b","html","Jon Russell",20171207,"

								Ford recruits Alibaba to help break into China’s electric vehicle industry							

								5 hours ago by Jon Russell							
","https://techcrunch.com/2017/12/07/ford-alibaba-china-partnership/?ncid=mobilenavtrend");
INSERT INTO ParentChild (pid, cid) VALUES ("8e4b59bf-6fcb-492d-8975-231aaef2baec","ce915d33-4083-49fa-9581-de5c76daf54b");
INSERT INTO ChildType (cid, type) VALUES ("ce915d33-4083-49fa-9581-de5c76daf54b","documents");
INSERT INTO Documents (guid, docFormat, author, dateModified, description, url) VALUES ("6a037396-8ee3-43e1-a8a1-89c1a5a5a35a","html","Steve O'Hear",20171207,"

								Chattermill raises £600K to use ‘deep learning’ to help companies make sense of customer feedback							

								5 hours ago by Steve O'Hear							
","https://techcrunch.com/2017/12/07/chattermill/?ncid=mobilenavtrend");
INSERT INTO ParentChild (pid, cid) VALUES ("8e4b59bf-6fcb-492d-8975-231aaef2baec","6a037396-8ee3-43e1-a8a1-89c1a5a5a35a");
INSERT INTO ChildType (cid, type) VALUES ("6a037396-8ee3-43e1-a8a1-89c1a5a5a35a","documents");
INSERT INTO Documents (guid, docFormat, author, dateModified, description, url) VALUES ("56d6eadf-79a3-4bd8-9887-13b467108652","html","Catherine Shu",20171207,"

								Patreon’s new service fee spurs concern that creators will lose patrons							

								5 hours ago by Catherine Shu							
","https://techcrunch.com/2017/12/07/patreons-new-service-fee-spurs-concern-that-creators-will-lose-patrons/?ncid=mobilenavtrend");
INSERT INTO ParentChild (pid, cid) VALUES ("8e4b59bf-6fcb-492d-8975-231aaef2baec","56d6eadf-79a3-4bd8-9887-13b467108652");
INSERT INTO ChildType (cid, type) VALUES ("56d6eadf-79a3-4bd8-9887-13b467108652","documents");
